"school_year","dbn","location","location_type","total_sw","full_time","part_time","bilingual","serving_more_than_one_location","unnamed_column"
"2014-15","01M015","01M015 - P.S. 015 ROBERTO CLEMENTE","ELEMENTARY","0",,,,,
"2014-15","01M019","01M019 - P.S. 019 ASHER LEVY","ELEMENTARY","1","1",,,,
"2014-15","01M020","01M020 - P.S. 020 ANNA SILVER","ELEMENTARY","1","1",,,,
"2014-15","01M034","01M034 - P.S. 034 FRANKLIN D. ROOSEVELT","K-8","0",,,,,
"2014-15","01M063","01M063 - THE STAR ACADEMY - P.S.63","ELEMENTARY","1","1",,"1",,
"2014-15","01M064","01M064 - P.S. 064 ROBERT SIMON","ELEMENTARY","1","1",,"1",,
"2014-15","01M110","01M110 - P.S. 110 FLORENCE NIGHTINGALE","ELEMENTARY","0",,,,,
"2014-15","01M134","01M134 - P.S. 134 HENRIETTA SZOLD","ELEMENTARY","1","1",,"1",,
"2014-15","01M137","01M137 - P.S. 137 JOHN L. BERNSTEIN","ELEMENTARY","0",,,,,
"2014-15","01M140","01M140 - P.S. 140 NATHAN STRAUS","K-8","1","1",,"1",,
"2014-15","01M142","01M142 - P.S. 142 AMALIA CASTRO","ELEMENTARY","1","1",,"1",,
"2014-15","01M184","01M184 - P.S. 184M SHUANG WEN","K-8","0",,,,,
"2014-15","01M188","01M188 - P.S. 188 THE ISLAND SCHOOL","K-8","1","1",,,,
"2014-15","01M292","01M292 - HENRY STREET SCHOOL FOR INTERNATIONAL STUDIES","SECONDARY SCHOOL","1","1",,,,
"2014-15","01M301","01M301 - TECHNOLOGY, ARTS, AND SCIENCES STUDIO","JUNIOR HIGH-INTERMEDIATE-MIDDLE","0",,,,,
"2014-15","01M315","01M315 - THE EAST VILLAGE COMMUNITY SCHOOL","ELEMENTARY","1.4","1","0.4",,"0.4",
"2014-15","01M332","01M332 - UNIVERSITY NEIGHBORHOOD MIDDLE SCHOOL","JUNIOR HIGH-INTERMEDIATE-MIDDLE","0",,,,,
"2014-15","01M345","01M345 - COLLABORATIVE ACADEMY OF SCIENCE, TECHNOLOGY, & LA","JUNIOR HIGH-INTERMEDIATE-MIDDLE","0",,,,,
"2014-15","01M361","01M361 - THE CHILDREN'S WORKSHOP SCHOOL","ELEMENTARY","0.6",,"0.6",,"0.6",
"2014-15","01M363","01M363 - NEIGHBORHOOD SCHOOL","ELEMENTARY","0",,,,,
"2014-15","01M364","01M364 - EARTH SCHOOL","ELEMENTARY","0",,,,,
"2014-15","01M378","01M378 - SCHOOL FOR GLOBAL LEADERS","JUNIOR HIGH-INTERMEDIATE-MIDDLE","0",,,,,
"2014-15","01M448","01M448 - UNIVERSITY NEIGHBORHOOD HIGH SCHOOL","HIGH SCHOOL","0",,,,,
"2014-15","01M450","01M450 - EAST SIDE COMMUNITY SCHOOL","SECONDARY SCHOOL","3","3",,"1",,
"2014-15","01M458","01M458 - FORSYTH SATELLITE ACADEMY","HIGH SCHOOL","1","1",,,,
"2014-15","01M509","01M509 - MARTA VALLE HIGH SCHOOL","HIGH SCHOOL","0",,,,,
"2014-15","01M515","01M515 - LOWER EAST SIDE PREPARATORY HIGH SCHOOL","HIGH SCHOOL","0",,,,,
"2014-15","01M539","01M539 - NEW EXPLORATIONS INTO SCIENCE, TECHNOLOGY AND MATH","K-12 ALL GRADES","0",,,,,
"2014-15","01M650","01M650 - CASCADES HIGH SCHOOL","HIGH SCHOOL","0",,,,,
"2014-15","01M696","01M696 - BARD HIGH SCHOOL EARLY COLLEGE","HIGH SCHOOL","0",,,,,
"2014-15","01M839","01M839 - TOMPKINS SQUARE MIDDLE SCHOOL","JUNIOR HIGH-INTERMEDIATE-MIDDLE","0",,,,,
"2014-15","02M001","02M001 - P.S. 001 ALFRED E. SMITH","ELEMENTARY","0",,,,,
"2014-15","02M002","02M002 - P.S. 002 MEYER LONDON","ELEMENTARY","0.4",,"0.4","0.4","0.4",
"2014-15","02M003","02M003 - P.S. 003 CHARRETTE SCHOOL","ELEMENTARY","3","3",,,,
"2014-15","02M006","02M006 - P.S. 006 LILLIE D. BLAKE","ELEMENTARY","1","1",,,,
"2014-15","02M011","02M011 - P.S. 011 WILLIAM T. HARRIS","ELEMENTARY","1","1",,,,
"2014-15","02M033","02M033 - P.S. 033 CHELSEA PREP","ELEMENTARY","1","1",,,,
"2014-15","02M040","02M040 - P.S. 040 AUGUSTUS SAINT-GAUDENS","ELEMENTARY","2","2",,,,
"2014-15","02M041","02M041 - P.S. 041 GREENWICH VILLAGE","ELEMENTARY","1","1",,,,
"2014-15","02M042","02M042 - P.S. 042 BENJAMIN ALTMAN","ELEMENTARY","2","2",,"2",,
"2014-15","02M047","02M047 - 47 THE AMERICAN SIGN LANGUAGE AND ENGLISH SECONDAR","SECONDARY SCHOOL","1","1",,,,
"2014-15","02M051","02M051 - P.S. 051 ELIAS HOWE","ELEMENTARY","0",,,,,
"2014-15","02M059","02M059 - P.S. 059 BEEKMAN HILL INTERNATIONAL","ELEMENTARY","1","1",,,,
"2014-15","02M077","02M077 - P.S. 77 LOWER LAB SCHOOL","ELEMENTARY","0",,,,,
"2014-15","02M089","02M089 - P.S. 89","ELEMENTARY","0",,,,,
"2014-15","02M104","02M104 - J.H.S. 104 SIMON BARUCH","JUNIOR HIGH-INTERMEDIATE-MIDDLE","0",,,,,
"2014-15","02M111","02M111 - P.S. 111 ADOLPH S. OCHS","K-8","2","2",,"2",,
"2014-15","02M114","02M114 - EAST SIDE MIDDLE SCHOOL","JUNIOR HIGH-INTERMEDIATE-MIDDLE","0",,,,,
"2014-15","02M116","02M116 - P.S. 116 MARY LINDLEY MURRAY","ELEMENTARY","1","1",,,,
"2014-15","02M124","02M124 - P.S. 124 YUNG WING","ELEMENTARY","1","1",,,,
"2014-15","02M126","02M126 - P.S. 126 JACOB AUGUST RIIS","K-8","2","2",,,,
"2014-15","02M130","02M130 - P.S. 130 HERNANDO DE SOTO","ELEMENTARY","0.6",,"0.6","0.6","0.6",
"2014-15","02M131","02M131 - M.S. 131","JUNIOR HIGH-INTERMEDIATE-MIDDLE","2","2",,,,
"2014-15","02M135","02M135 - THE URBAN ASSEMBLY SCHOOL FOR EMERGENCY MANAGEMENT","HIGH SCHOOL","0",,,,,
"2014-15","02M139","02M139 - STEPHEN T. MATHER BUILDING ARTS & CRAFTSMANSHIP HI","HIGH SCHOOL","1","1",,,,
"2014-15","02M150","02M150 - P.S. 150","ELEMENTARY","0",,,,,
"2014-15","02M151","02M151 - YORKVILLE COMMUNITY SCHOOL","EARLY CHILDHOOD","0",,,,,
"2014-15","02M158","02M158 - P.S. 158 BAYARD TAYLOR","ELEMENTARY","2","2",,"1",,
"2014-15","02M167","02M167 - J.H.S. 167 ROBERT F. WAGNER","JUNIOR HIGH-INTERMEDIATE-MIDDLE","1","1",,,,
"2014-15","02M177","02M177 - YORKVILLE EAST MIDDLE SCHOOL","JUNIOR HIGH-INTERMEDIATE-MIDDLE","1","1",,,,
"2014-15","02M183","02M183 - P.S. 183 ROBERT L. STEVENSON","ELEMENTARY","1","1",,,,
"2014-15","02M198","02M198 - P.S. 198 ISADOR E. IDA STRAUS","ELEMENTARY","1","1",,"1",,
"2014-15","02M212","02M212 - P.S. 212 MIDTOWN WEST","ELEMENTARY","1","1",,,,
"2014-15","02M217","02M217 - P.S./I.S. 217 ROOSEVELT ISLAND","K-8","0",,,,,
"2014-15","02M225","02M225 - ELLA BAKER SCHOOL","K-8","0",,,,,
"2014-15","02M234","02M234 - P.S. 234 INDEPENDENCE SCHOOL","ELEMENTARY","1","1",,,,
"2014-15","02M255","02M255 - M.S. 255 SALK SCHOOL OF SCIENCE","JUNIOR HIGH-INTERMEDIATE-MIDDLE","0",,,,,
"2014-15","02M260","02M260 - M.S. 260 CLINTON SCHOOL WRITERS & ARTISTS","JUNIOR HIGH-INTERMEDIATE-MIDDLE","0",,,,,
"2014-15","02M267","02M267 - EAST SIDE ELEMENTARY SCHOOL, PS 267","ELEMENTARY","0",,,,,
"2014-15","02M276","02M276 - BATTERY PARK CITY SCHOOL","K-8","1","1",,,,
"2014-15","02M280","02M280 - MANHATTAN EARLY COLLEGE SCHOOL FOR ADVERTISING","HIGH SCHOOL","0",,,,,
"2014-15","02M281","02M281 - THE RIVER SCHOOL","ELEMENTARY","0",,,,,
"2014-15","02M282","02M282 - URBAN ASSEMBLY MAKER ACADEMY","HIGH SCHOOL","1","1",,,,
"2014-15","02M288","02M288 - FOOD AND FINANCE HIGH SCHOOL","HIGH SCHOOL","1","1",,,,
"2014-15","02M289","02M289 - I.S. 289","JUNIOR HIGH-INTERMEDIATE-MIDDLE","1","1",,,,
"2014-15","02M290","02M290 - P.S. 290 MANHATTAN NEW SCHOOL","ELEMENTARY","1","1",,,,
"2014-15","02M294","02M294 - ESSEX STREET ACADEMY","HIGH SCHOOL","2","2",,,,
"2014-15","02M296","02M296 - HIGH SCHOOL OF HOSPITALITY MANAGEMENT","HIGH SCHOOL","1","1",,,,
"2014-15","02M298","02M298 - PACE HIGH SCHOOL","HIGH SCHOOL","1","1",,,,
"2014-15","02M300","02M300 - URBAN ASSEMBLY SCHOOL OF DESIGN AND CONSTRUCTION,","HIGH SCHOOL","1","1",,,,
"2014-15","02M303","02M303 - FACING HISTORY SCHOOL, THE","HIGH SCHOOL","3","3",,,,
"2014-15","02M305","02M305 - URBAN ASSEMBLY ACADEMY OF GOVERNMENT AND LAW, THE","HIGH SCHOOL","1","1",,,,
"2014-15","02M308","02M308 - LOWER MANHATTAN ARTS ACADEMY","HIGH SCHOOL","2","2",,"1",,
"2014-15","02M312","02M312 - NEW YORK CITY LAB MIDDLE SCHOOL FOR COLLABORATIVE","JUNIOR HIGH-INTERMEDIATE-MIDDLE","0",,,,,
"2014-15","02M313","02M313 - JAMES BALDWIN SCHOOL, THE: A SCHOOL FOR EXPEDITION","HIGH SCHOOL","1","1",,,,
"2014-15","02M316","02M316 - URBAN ASSEMBLY SCHOOL OF BUSINESS FOR YOUNG WOMEN,","HIGH SCHOOL","0",,,,,
"2014-15","02M340","02M340 - SIXTH AVENUE ELEMENTARY SCHOOL","ELEMENTARY","0",,,,,
"2014-15","02M343","02M343 - THE PECK SLIP SCHOOL","ELEMENTARY","0",,,,,
"2014-15","02M347","02M347 - THE 47 AMERICAN SIGN LANGUAGE & ENGLISH LOWER SCHO","K-8","2","2",,,,
"2014-15","02M374","02M374 - GRAMERCY ARTS HIGH SCHOOL","HIGH SCHOOL","0",,,,,
"2014-15","02M376","02M376 - NYC ISCHOOL","HIGH SCHOOL","0",,,,,
"2014-15","02M392","02M392 - MANHATTAN BUSINESS ACADEMY","HIGH SCHOOL","1","1",,,,
"2014-15","02M393","02M393 - BUSINESS OF SPORTS SCHOOL","HIGH SCHOOL","1","1",,,,
"2014-15","02M394","02M394 - EMMA LAZARUS HIGH SCHOOL","HIGH SCHOOL","0",,,,,
"2014-15","02M397","02M397 - SPRUCE STREET SCHOOL","EARLY CHILDHOOD","0",,,,,
"2014-15","02M399","02M399 - THE HIGH SCHOOL FOR LANGUAGE AND DIPLOMACY","HIGH SCHOOL","0",,,,,
"2014-15","02M400","02M400 - HIGH SCHOOL FOR ENVIRONMENTAL STUDIES","HIGH SCHOOL","1","1",,,,
"2014-15","02M407","02M407 - INSTITUTE FOR COLLABORATIVE EDUCATION","SECONDARY SCHOOL","1","1",,,,
"2014-15","02M408","02M408 - PROFESSIONAL PERFORMING ARTS HIGH SCHOOL","SECONDARY SCHOOL","0",,,,,
"2014-15","02M411","02M411 - BARUCH COLLEGE CAMPUS HIGH SCHOOL","HIGH SCHOOL","0",,,,,
"2014-15","02M412","02M412 - N.Y.C. LAB SCHOOL FOR COLLABORATIVE STUDIES","HIGH SCHOOL","0",,,,,
"2014-15","02M413","02M413 - SCHOOL OF THE FUTURE HIGH SCHOOL","SECONDARY SCHOOL","0",,,,,
"2014-15","02M414","02M414 - N.Y.C. MUSEUM SCHOOL","HIGH SCHOOL","0",,,,,
"2014-15","02M416","02M416 - ELEANOR ROOSEVELT HIGH SCHOOL","HIGH SCHOOL","0",,,,,
"2014-15","02M418","02M418 - MILLENNIUM HIGH SCHOOL","HIGH SCHOOL","0",,,,,
"2014-15","02M419","02M419 - LANDMARK HIGH SCHOOL","HIGH SCHOOL","0",,,,,
"2014-15","02M420","02M420 - HIGH SCHOOL FOR HEALTH PROFESSIONS AND HUMAN SERVI","HIGH SCHOOL","1.4","1","0.4",,,
"2014-15","02M422","02M422 - QUEST TO LEARN","SECONDARY SCHOOL","0",,,,,
"2014-15","02M425","02M425 - LEADERSHIP AND PUBLIC SERVICE HIGH SCHOOL","HIGH SCHOOL","1","1",,,,
"2014-15","02M427","02M427 - MANHATTAN ACADEMY FOR ARTS & LANGUAGE","HIGH SCHOOL","0",,,,,
"2014-15","02M429","02M429 - LEGACY SCHOOL FOR INTEGRATED STUDIES","HIGH SCHOOL","0",,,,,
"2014-15","02M432","02M432 - MURRAY HILL ACADEMY","HIGH SCHOOL","3","3",,,,
"2014-15","02M437","02M437 - HUDSON HIGH SCHOOL OF LEARNING TECHNOLOGIES","HIGH SCHOOL","2","2",,,,
"2014-15","02M438","02M438 - INTERNATIONAL HIGH SCHOOL AT UNION SQUARE","HIGH SCHOOL","2","2",,"1",,
"2014-15","02M439","02M439 - MANHATTAN VILLAGE ACADEMY","HIGH SCHOOL","1","1",,,,
"2014-15","02M442","02M442 - BALLET TECH, NYC PUBLIC SCHOOL FOR DANCE","K-12 ALL GRADES","0",,,,,
"2014-15","02M449","02M449 - VANGUARD HIGH SCHOOL","HIGH SCHOOL","2","2",,,,
"2014-15","02M459","02M459 - MANHATTAN INTERNATIONAL HIGH SCHOOL","HIGH SCHOOL","0",,,,,
"2014-15","02M460","02M460 - WASHINGTON IRVING HIGH SCHOOL","HIGH SCHOOL","1","1",,,,
"2014-15","02M473","02M473 - WASHINGTON IRVING YABC","HIGH SCHOOL","0",,,,,
"2014-15","02M475","02M475 - STUYVESANT HIGH SCHOOL","HIGH SCHOOL","2","2",,"1",,
"2014-15","02M489","02M489 - HIGH SCHOOL OF ECONOMICS AND FINANCE","HIGH SCHOOL","1","1",,,,
"2014-15","02M500","02M500 - UNITY CENTER FOR URBAN TECHNOLOGIES","HIGH SCHOOL","0",,,,,
"2014-15","02M507","02M507 - URBAN ASSEMBLY GATEWAY SCHOOL FOR TECHNOLOGY","HIGH SCHOOL","1","1",,"1",,
"2014-15","02M519","02M519 - TALENT UNLIMITED HIGH SCHOOL","HIGH SCHOOL","0",,,,,
"2014-15","02M520","02M520 - MURRY BERGTRAUM HIGH SCHOOL FOR BUSINESS CAREERS","HIGH SCHOOL","1","1",,"1",,
"2014-15","02M527","02M527 - PS 527 - EAST SIDE SCHOOL FOR SOCIAL ACTION","ELEMENTARY","0",,,,,
"2014-15","02M529","02M529 - JACQUELINE KENNEDY ONASSIS HIGH SCHOOL","HIGH SCHOOL","0",,,,,
"2014-15","02M531","02M531 - REPERTORY COMPANY HIGH SCHOOL FOR THEATRE ARTS","HIGH SCHOOL","0",,,,,
"2014-15","02M533","02M533 - UNION SQUARE ACADEMY FOR HEALTH SCIENCES","HIGH SCHOOL","1","1",,,,
"2014-15","02M534","02M534 - HARVEST COLLEGIATE HIGH SCHOOL","HIGH SCHOOL","2","2",,,,
"2014-15","02M542","02M542 - MANHATTAN BRIDGES HIGH SCHOOL","HIGH SCHOOL","0",,,,,
"2014-15","02M543","02M543 - NEW DESIGN HIGH SCHOOL","HIGH SCHOOL","1","1",,,,
"2014-15","02M544","02M544 - INDEPENDENCE HIGH SCHOOL","HIGH SCHOOL","0",,,,,
"2014-15","02M545","02M545 - HIGH SCHOOL FOR DUAL LANGUAGE AND ASIAN STUDIES","HIGH SCHOOL","0",,,,,
"2014-15","02M546","02M546 - ACADEMY FOR SOFTWARE ENGINEERING","HIGH SCHOOL","1","1",,,,
"2014-15","02M550","02M550 - LIBERTY HIGH SCHOOL ACADEMY FOR NEWCOMERS","HIGH SCHOOL","1","1",,"1",,
"2014-15","02M551","02M551 - URBAN ASSEMBLY NEW YORK HARBOR SCHOOL","HIGH SCHOOL","1","1",,,,
"2014-15","02M560","02M560 - HIGH SCHOOL M560 - CITY AS SCHOOL","HIGH SCHOOL","2","2",,"1",,
"2014-15","02M565","02M565 - URBAN ACADEMY LABORATORY HIGH SCHOOL","HIGH SCHOOL","0",,,,,
"2014-15","02M570","02M570 - SATELLITE ACADEMY HIGH SCHOOL","HIGH SCHOOL","1","1",,,,
"2014-15","02M575","02M575 - MANHATTAN COMPREHENSIVE NIGHT AND DAY HIGH SCHOOL","HIGH SCHOOL","0",,,,,
"2014-15","02M580","02M580 - RICHARD R. GREEN HIGH SCHOOL OF TEACHING","HIGH SCHOOL","0",,,,,
"2014-15","02M586","02M586 - HARVEY MILK HIGH SCHOOL","HIGH SCHOOL","1","1",,,,
"2014-15","02M600","02M600 - THE HIGH SCHOOL OF FASHION INDUSTRIES","HIGH SCHOOL","1","1",,,,
"2014-15","02M605","02M605 - HUMANITIES PREPARATORY ACADEMY","HIGH SCHOOL","1","1",,,,
"2014-15","02M615","02M615 - CHELSEA CAREER AND TECHNICAL EDUCATION HIGH SCHOOL","HIGH SCHOOL","1","1",,,,
"2014-15","02M625","02M625 - HIGH SCHOOL OF GRAPHIC COMMUNICATION ARTS","HIGH SCHOOL","1","1",,,,
"2014-15","02M630","02M630 - ART AND DESIGN HIGH SCHOOL","HIGH SCHOOL","1","1",,,,
"2014-15","02M655","02M655 - LIFE SCIENCES SECONDARY SCHOOL","SECONDARY SCHOOL","0",,,,,
"2014-15","02M896","02M896 - LOWER MANHATTAN COMMUNITY MIDDLE SCHOOL","JUNIOR HIGH-INTERMEDIATE-MIDDLE","0",,,,,
"2014-15","02M933","02M933 - CITY KNOLL MIDDLE SCHOOL","JUNIOR HIGH-INTERMEDIATE-MIDDLE","1","1",,,,
"2014-15","03M009","03M009 - P.S. 009 SARAH ANDERSON","ELEMENTARY","1","1",,"1",,
"2014-15","03M054","03M054 - J.H.S. 054 BOOKER T. WASHINGTON","JUNIOR HIGH-INTERMEDIATE-MIDDLE","0",,,,,
"2014-15","03M075","03M075 - P.S. 075 EMILY DICKINSON","ELEMENTARY","1","1",,"1",,
"2014-15","03M076","03M076 - P.S. 076 A. PHILIP RANDOLPH","ELEMENTARY","0",,,,,
"2014-15","03M084","03M084 - P.S. 084 LILLIAN WEBER","ELEMENTARY","1","1",,,,
"2014-15","03M087","03M087 - P.S. 087 WILLIAM SHERMAN","ELEMENTARY","1","1",,,,
"2014-15","03M145","03M145 - P.S. 145, THE BLOOMINGDALE SCHOOL","ELEMENTARY","1","1",,"1",,
"2014-15","03M149","03M149 - P.S. 149 SOJOURNER TRUTH","K-8","2","2",,,,
"2014-15","03M163","03M163 - P.S. 163 ALFRED E. SMITH","ELEMENTARY","2","2",,,,
"2014-15","03M165","03M165 - P.S. 165 ROBERT E. SIMON","K-8","1","1",,,,
"2014-15","03M166","03M166 - P.S. 166 THE RICHARD RODGERS SCHOOL OF THE ARTS AN","ELEMENTARY","0",,,,,
"2014-15","03M180","03M180 - P.S. 180 HUGO NEWMAN","K-8","1","1",,,,
"2014-15","03M185","03M185 - P.S. 185 - THE EARLY CHILDHOOD DISCOVERY AND DESIG","EARLY CHILDHOOD","0",,,,,
"2014-15","03M191","03M191 - P.S. 191 AMSTERDAM","ELEMENTARY","2","2",,,,
"2014-15","03M199","03M199 - P.S. 199 JESSIE ISADOR STRAUS","ELEMENTARY","2","2",,,,
"2014-15","03M208","03M208 - P.S. 208 ALAIN L. LOCKE","ELEMENTARY","0",,,,,
"2014-15","03M241","03M241 - STEM INSTITUTE OF MANHATTAN","K-8","1","1",,,,
"2014-15","03M242","03M242 - P.S. 242 - THE YOUNG DIPLOMATS MAGNET ACADEMY","ELEMENTARY","0",,,,,
"2014-15","03M243","03M243 - M.S. 243 CENTER SCHOOL","JUNIOR HIGH-INTERMEDIATE-MIDDLE","0.4",,"0.4",,,
"2014-15","03M245","03M245 - M.S. M245 THE COMPUTER SCHOOL","JUNIOR HIGH-INTERMEDIATE-MIDDLE","0",,,,,
"2014-15","03M247","03M247 - M.S. M247 DUAL LANGUAGE MIDDLE SCHOOL","JUNIOR HIGH-INTERMEDIATE-MIDDLE","0",,,,,
"2014-15","03M250","03M250 - M.S. 250 WEST SIDE COLLABORATIVE MIDDLE SCHOOL","JUNIOR HIGH-INTERMEDIATE-MIDDLE","0",,,,,
"2014-15","03M256","03M256 - M.S. 256 ACADEMIC & ATHLETIC EXCELLENCE","JUNIOR HIGH-INTERMEDIATE-MIDDLE","0",,,,,
"2014-15","03M258","03M258 - COMMUNITY ACTION SCHOOL - MS 258","JUNIOR HIGH-INTERMEDIATE-MIDDLE","0",,,,,
"2014-15","03M283","03M283 - MANHATTAN THEATRE LAB HIGH SCHOOL","HIGH SCHOOL","1","1",,,,
"2014-15","03M299","03M299 - HIGH SCHOOL FOR ARTS, IMAGINATION AND INQUIRY","HIGH SCHOOL","1","1",,,,
"2014-15","03M307","03M307 - URBAN ASSEMBLY SCHOOL FOR MEDIA STUDIES, THE","HIGH SCHOOL","0",,,,,
"2014-15","03M333","03M333 - P.S. 333 MANHATTAN SCHOOL FOR CHILDREN","K-8","2","2",,,,
"2014-15","03M334","03M334 - THE ANDERSON SCHOOL","K-8","0",,,,,
"2014-15","03M402","03M402 - THE URBAN ASSEMBLY SCHOOL FOR GREEN CAREERS","HIGH SCHOOL","0",,,,,
"2014-15","03M403","03M403 - THE GLOBAL LEARNING COLLABORATIVE","HIGH SCHOOL","1","1",,"1",,
"2014-15","03M404","03M404 - INNOVATION DIPLOMA PLUS","HIGH SCHOOL","1","1",,,,
"2014-15","03M415","03M415 - WADLEIGH SECONDARY SCHOOL FOR THE PERFORMING & VIS","SECONDARY SCHOOL","0",,,,,
"2014-15","03M417","03M417 - FRANK MCCOURT HIGH SCHOOL","HIGH SCHOOL","0",,,,,
"2014-15","03M421","03M421 - WEST PREP ACADEMY","JUNIOR HIGH-INTERMEDIATE-MIDDLE","0",,,,,
"2014-15","03M452","03M452 - P.S. 452","ELEMENTARY","1","1",,,,
"2014-15","03M479","03M479 - BEACON HIGH SCHOOL","HIGH SCHOOL","0",,,,,
"2014-15","03M485","03M485 - FIORELLO H. LAGUARDIA HIGH SCHOOL OF MUSIC & ART A","HIGH SCHOOL","1","1",,,,
"2014-15","03M492","03M492 - HIGH SCHOOL FOR LAW, ADVOCACY AND COMMUNITY JUSTIC","HIGH SCHOOL","0",,,,,
"2014-15","03M494","03M494 - HIGH SCHOOL OF ARTS AND TECHNOLOGY","HIGH SCHOOL","1","1",,"1",,
"2014-15","03M505","03M505 - EDWARD A. REYNOLDS WEST SIDE HIGH SCHOOL","HIGH SCHOOL","3","3",,,,
"2014-15","03M541","03M541 - MANHATTAN / HUNTER SCIENCE HIGH SCHOOL","HIGH SCHOOL","1","1",,"1",,
"2014-15","03M859","03M859 - SPECIAL MUSIC SCHOOL","K-8","0",,,,,
"2014-15","03M860","03M860 - FREDERICK DOUGLASS ACADEMY II SECONDARY SCHOOL","SECONDARY SCHOOL","0",,,,,
"2014-15","03M862","03M862 - MOTT HALL II","JUNIOR HIGH-INTERMEDIATE-MIDDLE","0",,,,,
"2014-15","04M007","04M007 - P.S. 007 SAMUEL STERN","K-8","1","1",,,,
"2014-15","04M012","04M012 - TAG YOUNG SCHOLARS","K-8","0",,,,,
"2014-15","04M013","04M013 - J.H.S. 013 JACKIE ROBINSON","JUNIOR HIGH-INTERMEDIATE-MIDDLE","0.4",,"0.4",,"0.4",
"2014-15","04M037","04M037 - RIVER EAST ELEMENTARY","ELEMENTARY","0",,,,,
"2014-15","04M038","04M038 - P.S. 38 ROBERTO CLEMENTE","ELEMENTARY","1","1",,,,
"2014-15","04M050","04M050 - P.S. 050 VITO MARCANTONIO","K-8","1","1",,,,
"2014-15","04M057","04M057 - JAMES WELDON JOHNSON","K-8","2","2",,,,
"2014-15","04M072","04M072 - THE LEXINGTON ACADEMY","ELEMENTARY","1","1",,"1",,
"2014-15","04M083","04M083 - P.S. 083 LUIS MUNOZ RIVERA","ELEMENTARY","0",,,,,
"2014-15","04M096","04M096 - P.S. 096 JOSEPH LANZETTA","K-8","2","2",,,,
"2014-15","04M102","04M102 - P.S. 102 JACQUES CARTIER","ELEMENTARY","2","2",,"1",,
"2014-15","04M108","04M108 - P.S. 108 ASSEMBLYMAN ANGELO DEL TORO EDUCATIONAL C","K-8","1","1",,"1",,
"2014-15","04M112","04M112 - P.S. 112 JOSE CELSO BARBOSA","EARLY CHILDHOOD","2.4","2","0.4",,,
"2014-15","04M146","04M146 - P.S. 146 ANN M. SHORT","ELEMENTARY","3","3",,,,
"2014-15","04M155","04M155 - P.S. 155 WILLIAM PACA","ELEMENTARY","0",,,,,
"2014-15","04M171","04M171 - P.S. 171 PATRICK HENRY","K-8","2","2",,,,
"2014-15","04M182","04M182 - THE BILINGUAL BICULTURAL SCHOOL","ELEMENTARY","1","1",,,,
"2014-15","04M206","04M206 - P.S. 206 JOSE CELSO BARBOSA","ELEMENTARY","2","2",,,,
"2014-15","04M224","04M224 - M.S. 224 MANHATTAN EAST SCHOOL FOR ARTS & ACADEMIC","JUNIOR HIGH-INTERMEDIATE-MIDDLE","0",,,,,
"2014-15","04M372","04M372 - ESPERANZA PREPARATORY ACADEMY","SECONDARY SCHOOL","0",,,,,
"2014-15","04M375","04M375 - MOSAIC PREPARATORY ACADEMY","ELEMENTARY","1.4225","1","0.4225","0.4225",,
"2014-15","04M377","04M377 - RENAISSANCE SCHOOL OF THE ARTS","JUNIOR HIGH-INTERMEDIATE-MIDDLE","0",,,,,
"2014-15","04M381","04M381 - GLOBAL NEIGHBORHOOD SECONDARY SCHOOL","JUNIOR HIGH-INTERMEDIATE-MIDDLE","0",,,,,
"2014-15","04M406","04M406 - GLOBAL TECHNOLOGY PREPARATORY","JUNIOR HIGH-INTERMEDIATE-MIDDLE","0",,,,,
"2014-15","04M409","04M409 - COALITION SCHOOL FOR SOCIAL CHANGE","HIGH SCHOOL","0",,,,,
"2014-15","04M435","04M435 - MANHATTAN CENTER FOR SCIENCE AND MATHEMATICS","HIGH SCHOOL","1","1",,,,
"2014-15","04M495","04M495 - PARK EAST HIGH SCHOOL","HIGH SCHOOL","0",,,,,
"2014-15","04M497","04M497 - CENTRAL PARK EAST I","ELEMENTARY","0.6",,"0.6",,"0.6",
"2014-15","04M555","04M555 - CENTRAL PARK EAST HIGH SCHOOL","HIGH SCHOOL","2","2",,,,
"2014-15","04M610","04M610 - YOUNG WOMEN'S LEADERSHIP SCHOOL","SECONDARY SCHOOL","0",,,,,
"2014-15","04M680","04M680 - HERITAGE SCHOOL, THE","HIGH SCHOOL","0",,,,,
"2014-15","04M825","04M825 - ISAAC NEWTON MIDDLE SCHOOL FOR MATH & SCIENCE","JUNIOR HIGH-INTERMEDIATE-MIDDLE","1","1",,,,
"2014-15","04M964","04M964 - CENTRAL PARK EAST II","ELEMENTARY","0",,,,,
"2014-15","05M030","05M030 - P.S. 030 HERNANDEZ/HUGHES","ELEMENTARY","2","2",,,,
"2014-15","05M036","05M036 - P.S. 036 MARGARET DOUGLAS","ELEMENTARY","0",,,,,
"2014-15","05M046","05M046 - P.S. 046 ARTHUR TAPPAN","ELEMENTARY","1","1",,,,
"2014-15","05M092","05M092 - P.S. 092 MARY MCLEOD BETHUNE","ELEMENTARY","1","1",,,,
"2014-15","05M123","05M123 - P.S. 123 MAHALIA JACKSON","K-8","1","1",,,,
"2014-15","05M125","05M125 - P.S. 125 RALPH BUNCHE","ELEMENTARY","1","1",,,,
"2014-15","05M129","05M129 - P.S. 129 JOHN H. FINLEY","K-8","0",,,,,
"2014-15","05M133","05M133 - P.S. 133 FRED R MOORE","ELEMENTARY","1","1",,,,
"2014-15","05M148","05M148 - EAGLE ACADEMY FOR YOUNG MEN OF HARLEM","SECONDARY SCHOOL","1","1",,,,
"2014-15","05M154","05M154 - P.S. 154 HARRIET TUBMAN","ELEMENTARY","2","2",,"1",,
"2014-15","05M157","05M157 - THE URBAN ASSEMBLY SCHOOL FOR GLOBAL COMMERCE","HIGH SCHOOL","0",,,,,
"2014-15","05M161","05M161 - P.S. 161 PEDRO ALBIZU CAMPOS","K-8","1","1",,"1",,
"2014-15","05M175","05M175 - P.S. 175 HENRY H GARNET","ELEMENTARY","1","1",,,,
"2014-15","05M194","05M194 - P.S. 194 COUNTEE CULLEN","ELEMENTARY","0",,,,,
"2014-15","05M197","05M197 - P.S. 197 JOHN B. RUSSWURM","ELEMENTARY","1","1",,,,
"2014-15","05M200","05M200 - P.S. 200- THE JAMES MCCUNE SMITH SCHOOL","ELEMENTARY","2","2",,"1",,
"2014-15","05M285","05M285 - HARLEM RENAISSANCE HIGH SCHOOL","HIGH SCHOOL","1","1",,,,
"2014-15","05M286","05M286 - I.S. M286 RENAISSANCE LEADERSHIP ACADEMY","JUNIOR HIGH-INTERMEDIATE-MIDDLE","0",,,,,
"2014-15","05M302","05M302 - KAPPA IV","JUNIOR HIGH-INTERMEDIATE-MIDDLE","0",,,,,
"2014-15","05M304","05M304 - MOTT HALL HIGH SCHOOL","HIGH SCHOOL","1","1",,,,
"2014-15","05M318","05M318 - THURGOOD MARSHALL ACADEMY LOWER SCHOOL","ELEMENTARY","0",,,,,
"2014-15","05M362","05M362 - COLUMBIA SECONDARY SCHOOL","JUNIOR HIGH-INTERMEDIATE-MIDDLE","0",,,,,
"2014-15","05M367","05M367 - ACADEMY FOR SOCIAL ACTION: A COLLEGE BOARD SCHOOL","SECONDARY SCHOOL","1","1",,,,
"2014-15","05M369","05M369 - URBAN ASSEMBLY SCHOOL FOR THE PERFORMING ARTS","HIGH SCHOOL","0",,,,,
"2014-15","05M410","05M410 - THE URBAN ASSEMBLY INSTITUTE FOR NEW TECHNOLOGIES","JUNIOR HIGH-INTERMEDIATE-MIDDLE","0",,,,,
"2014-15","05M469","05M469 - CHOIR ACADEMY OF HARLEM","SECONDARY SCHOOL","0",,,,,
"2014-15","05M499","05M499 - FREDERICK DOUGLASS ACADEMY","SECONDARY SCHOOL","1","1",,,,
"2014-15","05M514","05M514 - NEW DESIGN MIDDLE SCHOOL","JUNIOR HIGH-INTERMEDIATE-MIDDLE","1","1",,,,
"2014-15","05M517","05M517 - TEACHERS COLLEGE COMMUNITY SCHOOL","ELEMENTARY","0",,,,,
"2014-15","05M670","05M670 - THURGOOD MARSHALL ACADEMY FOR LEARNING AND SOCIAL","SECONDARY SCHOOL","0",,,,,
"2014-15","05M685","05M685 - BREAD & ROSES INTEGRATED ARTS HIGH SCHOOL","HIGH SCHOOL","1","1",,,,
"2014-15","05M692","05M692 - HIGH SCHOOL FOR MATHEMATICS, SCIENCE AND ENGINEERI","HIGH SCHOOL","1","1",,,,
"2014-15","06M004","06M004 - P.S. 004 DUKE ELLINGTON","ELEMENTARY","1","1",,,,
"2014-15","06M005","06M005 - P.S. 005 ELLEN LURIE","ELEMENTARY","2","2",,"2",,
"2014-15","06M008","06M008 - P.S. 008 LUIS BELLIARD","ELEMENTARY","1","1",,,,
"2014-15","06M018","06M018 - P.S. 018 PARK TERRACE","K-8","1","1",,,,
"2014-15","06M028","06M028 - P.S. 028 WRIGHT BROTHERS","ELEMENTARY","1","1",,,,
"2014-15","06M048","06M048 - P.S. 048 P.O. MICHAEL J. BUCZEK","ELEMENTARY","2","2",,,,
"2014-15","06M052","06M052 - J.H.S. 052 INWOOD","JUNIOR HIGH-INTERMEDIATE-MIDDLE","3","3",,"1",,
"2014-15","06M098","06M098 - P.S. 098 SHORAC KAPPOCK","ELEMENTARY","1","1",,"1",,
"2014-15","06M103","06M103 - DOS PUENTES ELEMENTARY SCHOOL","ELEMENTARY","0",,,,,
"2014-15","06M115","06M115 - P.S. 115 ALEXANDER HUMBOLDT","ELEMENTARY","1","1",,"1",,
"2014-15","07X179","07X179 - P.S. 179","ELEMENTARY","1","1",,,,
"2014-15","06M128","06M128 - P.S. 128 AUDUBON","ELEMENTARY","1","1",,"1",,
"2014-15","06M132","06M132 - P.S. 132 JUAN PABLO DUARTE","ELEMENTARY","1","1",,"1",,
"2014-15","06M143","06M143 - J.H.S. 143 ELEANOR ROOSEVELT","JUNIOR HIGH-INTERMEDIATE-MIDDLE","0",,,,,
"2014-15","06M152","06M152 - P.S. 152 DYCKMAN VALLEY","ELEMENTARY","1","1",,"1",,
"2014-15","06M153","06M153 - P.S. 153 ADAM CLAYTON POWELL","ELEMENTARY","3","3",,"1",,
"2014-15","06M173","06M173 - P.S. 173","ELEMENTARY","1","1",,"1",,
"2014-15","06M178","06M178 - PROFESSOR JUAN BOSCH PUBLIC SCHOOL","EARLY CHILDHOOD","2","2",,"1",,
"2014-15","06M187","06M187 - P.S./I.S. 187 HUDSON CLIFFS","K-8","0",,,,,
"2014-15","06M189","06M189 - P.S. 189","ELEMENTARY","0",,,,,
"2014-15","06M192","06M192 - P.S. 192 JACOB H. SCHIFF","ELEMENTARY","1.5","1","0.5","1","0.5",
"2014-15","06M209","06M209 - HAMILTON GRANGE MIDDLE SCHOOL","JUNIOR HIGH-INTERMEDIATE-MIDDLE","0",,,,,
"2014-15","06M210","06M210 - P.S./I.S. 210 - TWENTY-FIRST CENTURY ACADEMY FOR C","K-8","0",,,,,
"2014-15","06M211","06M211 - INWOOD EARLY COLLEGE FOR HEALTH AND INFORMATION TE","HIGH SCHOOL","1","1",,,,
"2014-15","06M218","06M218 - I.S. 218 SALOME URENA","JUNIOR HIGH-INTERMEDIATE-MIDDLE","0",,,,,
"2014-15","06M223","06M223 - THE MOTT HALL SCHOOL","JUNIOR HIGH-INTERMEDIATE-MIDDLE","0",,,,,
"2014-15","06M278","06M278 - PAULA HEDBAVNY SCHOOL","K-8","0",,,,,
"2014-15","06M293","06M293 - CITY COLLEGE ACADEMY OF THE ARTS","SECONDARY SCHOOL","0",,,,,
"2014-15","06M311","06M311 - AMISTAD DUAL LANGUAGE SCHOOL","K-8","0",,,,,
"2014-15","06M314","06M314 - MUSCOTA","ELEMENTARY","0",,,,,
"2014-15","06M319","06M319 - M.S. 319 - MARIA TERESA","JUNIOR HIGH-INTERMEDIATE-MIDDLE","1","1",,,,
"2014-15","06M322","06M322 - MIDDLE SCHOOL 322","JUNIOR HIGH-INTERMEDIATE-MIDDLE","0",,,,,
"2014-15","06M324","06M324 - M.S. 324 - PATRIA MIRABAL","JUNIOR HIGH-INTERMEDIATE-MIDDLE","0",,,,,
"2014-15","06M325","06M325 - P.S. 325","ELEMENTARY","0.5",,"0.5",,"0.5",
"2014-15","06M326","06M326 - M.S. 326 - WRITERS TODAY & LEADERS TOMORROW","JUNIOR HIGH-INTERMEDIATE-MIDDLE","1","1",,,,
"2014-15","06M328","06M328 - M.S. 328 - MANHATTAN MIDDLE SCHOOL FOR SCIENTIFIC","JUNIOR HIGH-INTERMEDIATE-MIDDLE","0",,,,,
"2014-15","06M346","06M346 - COMMUNITY HEALTH ACADEMY OF THE HEIGHTS","SECONDARY SCHOOL","1","1",,,,
"2014-15","06M348","06M348 - WASHINGTON HEIGHTS EXPEDITIONARY LEARNING SCHOOL","SECONDARY SCHOOL","3","3",,,,
"2014-15","06M349","06M349 - HARBOR HEIGHTS","JUNIOR HIGH-INTERMEDIATE-MIDDLE","0",,,,,
"2014-15","06M366","06M366 - WASHINGTON HEIGHTS ACADEMY","ELEMENTARY","0",,,,,
"2014-15","06M368","06M368 - HAMILTON HEIGHTS SCHOOL","ELEMENTARY","0",,,,,
"2014-15","06M423","06M423 - HIGH SCHOOL FOR EXCELLENCE AND INNOVATION","HIGH SCHOOL","0",,,,,
"2014-15","06M457","06M457 - GEORGE WASHINGTON YABC","HIGH SCHOOL","0",,,,,
"2014-15","06M462","06M462 - THE COLLEGE ACADEMY","HIGH SCHOOL","2","2",,"1",,
"2014-15","06M463","06M463 - HIGH SCHOOL FOR MEDIA AND COMMUNICATIONS","HIGH SCHOOL","0",,,,,
"2014-15","06M467","06M467 - HIGH SCHOOL FOR LAW AND PUBLIC SERVICE","HIGH SCHOOL","0",,,,,
"2014-15","06M468","06M468 - HIGH SCHOOL FOR HEALTH CAREERS AND SCIENCES","HIGH SCHOOL","0",,,,,
"2014-15","06M513","06M513 - CASTLE BRIDGE SCHOOL","ELEMENTARY","1","1",,,,
"2014-15","06M528","06M528 - I.S. 528 BEA FULLER RODGERS SCHOOL","JUNIOR HIGH-INTERMEDIATE-MIDDLE","0",,,,,
"2014-15","06M540","06M540 - A. PHILIP RANDOLPH CAMPUS HIGH SCHOOL","HIGH SCHOOL","0",,,,,
"2014-15","06M552","06M552 - GREGORIO LUPERON HIGH SCHOOL FOR SCIENCE AND MATHE","HIGH SCHOOL","0",,,,,
"2014-15","07X001","07X001 - P.S. 001 COURTLANDT SCHOOL","ELEMENTARY","1","1",,"1",,
"2014-15","07X005","07X005 - PS 5 PORT MORRIS","ELEMENTARY","3","3",,"1",,
"2014-15","07X018","07X018 - P.S. 018 JOHN PETER ZENGER","ELEMENTARY","1","1",,,,
"2014-15","07X025","07X025 - P.S. 025 BILINGUAL SCHOOL","ELEMENTARY","1","1",,"1",,
"2014-15","07X029","07X029 - P.S./M.S. 029 MELROSE SCHOOL","K-8","1","1",,,,
"2014-15","07X030","07X030 - P.S. 030 WILTON","ELEMENTARY","1","1",,"1",,
"2014-15","07X031","07X031 - P.S./M.S. 031 THE WILLIAM LLOYD GARRISON","K-8","1","1",,,,
"2014-15","07X043","07X043 - P.S. 043 JONAS BRONCK","ELEMENTARY","2","2",,,,
"2014-15","07X049","07X049 - P.S. 049 WILLIS AVENUE","ELEMENTARY","1","1",,"1",,
"2014-15","07X065","07X065 - P.S. 065 MOTHER HALE ACADEMY","ELEMENTARY","1","1",,,,
"2014-15","07X151","07X151 - J.H.S. 151 LOU GEHRIG","JUNIOR HIGH-INTERMEDIATE-MIDDLE","0",,,,,
"2014-15","07X154","07X154 - P.S. 154 JONATHAN D. HYATT","ELEMENTARY","0",,,,,
"2014-15","07X157","07X157 - P.S. 157 GROVE HILL","ELEMENTARY","2","2",,,,
"2014-15","07X161","07X161 - P.S. 161 PONCE DE LEON","ELEMENTARY","1","1",,,,
"2014-15","07X162","07X162 - J.H.S. 162 LOLA RODRIGUEZ DE TIO","JUNIOR HIGH-INTERMEDIATE-MIDDLE","0",,,,,
"2014-15","07X203","07X203 - M.S. 203","JUNIOR HIGH-INTERMEDIATE-MIDDLE","1","1",,,,
"2014-15","07X221","07X221 - SOUTH BRONX PREPARATORY: A COLLEGE BOARD SCHOOL","SECONDARY SCHOOL","0",,,,,
"2014-15","07X223","07X223 - M.S. 223 THE LABORATORY SCHOOL OF FINANCE AND TECH","JUNIOR HIGH-INTERMEDIATE-MIDDLE","0",,,,,
"2014-15","07X224","07X224 - P.S. / I.S. 224","JUNIOR HIGH-INTERMEDIATE-MIDDLE","0",,,,,
"2014-15","07X259","07X259 - H.E.R.O. HIGH (HEALTH, EDUCATION, AND RESEARCH OCC","HIGH SCHOOL","2","2",,,,
"2014-15","07X277","07X277 - P.S. 277","ELEMENTARY","1","1",,,,
"2014-15","07X296","07X296 - SOUTH BRONX ACADEMY FOR APPLIED MEDIA","JUNIOR HIGH-INTERMEDIATE-MIDDLE","0",,,,,
"2014-15","07X298","07X298 - ACADEMY OF PUBLIC RELATIONS","JUNIOR HIGH-INTERMEDIATE-MIDDLE","0",,,,,
"2014-15","07X321","07X321 - CROTONA ACADEMY HIGH SCHOOL","HIGH SCHOOL","0",,,,,
"2014-15","07X334","07X334 - INTERNATIONAL COMMUNITY HIGH SCHOOL","HIGH SCHOOL","0",,,,,
"2014-15","07X343","07X343 - ACADEMY OF APPLIED MATHEMATICS AND TECHNOLOGY","JUNIOR HIGH-INTERMEDIATE-MIDDLE","0",,,,,
"2014-15","07X359","07X359 - CONCOURSE VILLAGE ELEMENTARY SCHOOL","ELEMENTARY","0",,,,,
"2014-15","07X369","07X369 - YOUNG LEADERS ELEMENTARY SCHOOL","ELEMENTARY","0",,,,,
"2014-15","07X379","07X379 - JILL CHAIFETZ TRANSFER HIGH SCHOOL","HIGH SCHOOL","1","1",,,,
"2014-15","07X381","07X381 - BRONX HAVEN HIGH SCHOOL","HIGH SCHOOL","0",,,,,
"2014-15","07X385","07X385 - PERFORMANCE SCHOOL","ELEMENTARY","2","2",,,,
"2014-15","07X427","07X427 - COMMUNITY SCHOOL FOR SOCIAL JUSTICE","HIGH SCHOOL","2","2",,,,
"2014-15","07X473","07X473 - MOTT HAVEN VILLAGE PREPARATORY HIGH SCHOOL","HIGH SCHOOL","1","1",,,,
"2014-15","07X495","07X495 - UNIVERSITY HEIGHTS SECONDARY SCHOOL","HIGH SCHOOL","4.4","4","0.4",,"0.4",
"2014-15","07X500","07X500 - HOSTOS-LINCOLN ACADEMY OF SCIENCE","SECONDARY SCHOOL","0",,,,,
"2014-15","07X520","07X520 - FOREIGN LANGUAGE ACADEMY OF GLOBAL STUDIES","HIGH SCHOOL","0",,,,,
"2014-15","07X522","07X522 - BRONX DESIGN AND CONSTRUCTION ACADEMY","HIGH SCHOOL","1","1",,"1",,
"2014-15","07X527","07X527 - BRONX LEADERSHIP ACADEMY II HIGH SCHOOL","HIGH SCHOOL","1","1",,,,
"2014-15","07X547","07X547 - NEW EXPLORERS HIGH SCHOOL","HIGH SCHOOL","1","1",,,,
"2014-15","07X548","07X548 - URBAN ASSEMBLY SCHOOL FOR CAREERS IN SPORTS","HIGH SCHOOL","1","1",,,,
"2014-15","07X551","07X551 - THE URBAN ASSEMBLY BRONX ACADEMY OF LETTERS","SECONDARY SCHOOL","1","1",,,,
"2014-15","07X557","07X557 - MOTT HAVEN COMMUNITY HIGH SCHOOL","HIGH SCHOOL","0",,,,,
"2014-15","07X600","07X600 - ALFRED E. SMITH CAREER AND TECHNICAL EDUCATION HIG","HIGH SCHOOL","1","1",,,,
"2014-15","07X655","07X655 - SAMUEL GOMPERS CAREER AND TECHNICAL EDUCATION HIGH","HIGH SCHOOL","0",,,,,
"2014-15","07X670","07X670 - HEALTH OPPORTUNITIES HIGH SCHOOL","HIGH SCHOOL","0",,,,,
"2014-15","08X014","08X014 - P.S. X014 SENATOR JOHN CALANDRA","ELEMENTARY","0",,,,,
"2014-15","08X036","08X036 - P.S. 036 UNIONPORT","ELEMENTARY","0.2",,"0.2",,"0.2",
"2014-15","08X048","08X048 - P.S. 048 JOSEPH R. DRAKE","ELEMENTARY","4","4",,"1",,
"2014-15","08X062","08X062 - P.S. 062 INOCENSIO CASANOVA","ELEMENTARY","1.8","1","0.8",,"0.8",
"2014-15","08X069","08X069 - P.S. 069 JOURNEY PREP SCHOOL","ELEMENTARY","1","1",,"1",,
"2014-15","08X071","08X071 - P.S. 071 ROSE E. SCALA","K-8","3","3",,,,
"2014-15","08X072","08X072 - P.S. 072 DR. WILLIAM DORNEY","ELEMENTARY","1","1",,,,
"2014-15","08X075","08X075 - P.S. 75 SCHOOL OF RESEARCH AND DISCOVERY","ELEMENTARY","1","1",,"1",,
"2014-15","08X093","08X093 - P.S. 093 ALBERT G. OLIVER","ELEMENTARY","2","2",,"1",,
"2014-15","08X100","08X100 - P.S. 100 ISAAC CLASON","ELEMENTARY","1","1",,,,
"2014-15","08X101","08X101 - M.S. X101 EDWARD R. BYRNE","JUNIOR HIGH-INTERMEDIATE-MIDDLE","0",,,,,
"2014-15","08X107","08X107 - P.S. 107","ELEMENTARY","1","1",,,,
"2014-15","08X119","08X119 - P.S. 119","ELEMENTARY","1","1",,"1",,
"2014-15","08X123","08X123 - J.H.S. 123 JAMES M. KIERAN","JUNIOR HIGH-INTERMEDIATE-MIDDLE","0",,,,,
"2014-15","08X125","08X125 - J.H.S. 125 HENRY HUDSON","JUNIOR HIGH-INTERMEDIATE-MIDDLE","0",,,,,
"2014-15","08X130","08X130 - P.S. 130 ABRAM STEVENS HEWITT","ELEMENTARY","2","2",,,,
"2014-15","08X131","08X131 - J.H.S. 131 ALBERT EINSTEIN","JUNIOR HIGH-INTERMEDIATE-MIDDLE","1","1",,,,
"2014-15","08X138","08X138 - P.S. 138 SAMUEL RANDALL","ELEMENTARY","0",,,,,
"2014-15","08X140","08X140 - P.S. X140 THE EAGLE SCHOOL","ELEMENTARY","1","1",,,,
"2014-15","08X146","08X146 - P.S. 146 EDWARD COLLINS","ELEMENTARY","0",,,,,
"2014-15","08X152","08X152 - P.S. 152 EVERGREEN","ELEMENTARY","1","1",,,,
"2014-15","08X182","08X182 - P.S. 182","ELEMENTARY","1","1",,,,
"2014-15","08X269","08X269 - BRONX STUDIO SCHOOL FOR WRITERS AND ARTISTS","JUNIOR HIGH-INTERMEDIATE-MIDDLE","3","3",,,,
"2014-15","08X282","08X282 - WOMEN'S ACADEMY OF EXCELLENCE","HIGH SCHOOL","0",,,,,
"2014-15","08X293","08X293 - RENAISSANCE HIGH SCHOOL FOR MUSICAL THEATER & TECH","HIGH SCHOOL","1","1",,,,
"2014-15","08X295","08X295 - GATEWAY SCHOOL FOR ENVIRONMENTAL RESEARCH AND TECH","HIGH SCHOOL","0",,,,,
"2014-15","08X301","08X301 - M.S. 301 PAUL L. DUNBAR","JUNIOR HIGH-INTERMEDIATE-MIDDLE","1","1",,,,
"2014-15","08X302","08X302 - M.S. 302 LUISA DESSUS CRUZ","JUNIOR HIGH-INTERMEDIATE-MIDDLE","2","2",,,,
"2014-15","08X304","08X304 - P.S. 304 EARLY CHILDHOOD SCHOOL","ELEMENTARY","3","3",,,,
"2014-15","08X305","08X305 - PABLO NERUDA ACADEMY","HIGH SCHOOL","1","1",,,,
"2014-15","08X312","08X312 - MILLENNIUM ART ACADEMY","HIGH SCHOOL","1","1",,,,
"2014-15","08X320","08X320 - PELHAM LAB HIGH SCHOOL","HIGH SCHOOL","0",,,,,
"2014-15","08X332","08X332 - HOLCOMBE L. RUCKER SCHOOL OF COMMUNITY RESEARCH","HIGH SCHOOL","0",,,,,
"2014-15","08X333","08X333 - P.S. 333 - THE MUSEUM SCHOOL","ELEMENTARY","2","2",,,,
"2014-15","08X335","08X335 - THE ACADEMY OF THE ARTS","ELEMENTARY","0",,,,,
"2014-15","08X337","08X337 - THE SCHOOL FOR INQUIRY AND SOCIAL JUSTICE","JUNIOR HIGH-INTERMEDIATE-MIDDLE","0",,,,,
"2014-15","08X348","08X348 - SCHUYLERVILLE PREPARATORY HIGH SCHOOL","HIGH SCHOOL","0",,,,,
"2014-15","08X349","08X349 - BRONX RIVER HIGH SCHOOL","HIGH SCHOOL","0",,,,,
"2014-15","08X366","08X366 - URBAN ASSEMBLY ACADEMY OF CIVIC ENGAGEMENT","JUNIOR HIGH-INTERMEDIATE-MIDDLE","0",,,,,
"2014-15","08X367","08X367 - ARCHIMEDES ACADEMY FOR MATH, SCIENCE AND TECHNOLOG","JUNIOR HIGH-INTERMEDIATE-MIDDLE","1","1",,,,
"2014-15","08X371","08X371 - URBAN INSTITUTE OF MATHEMATICS","JUNIOR HIGH-INTERMEDIATE-MIDDLE","1","1",,,,
"2014-15","08X375","08X375 - THE BRONX MATHEMATICS PREPARATORY SCHOOL","JUNIOR HIGH-INTERMEDIATE-MIDDLE","1","1",,,,
"2014-15","08X376","08X376 - ANTONIA PANTOJA PREPARATORY ACADEMY: A COLLEGE BOA","JUNIOR HIGH-INTERMEDIATE-MIDDLE","0",,,,,
"2014-15","08X377","08X377 - BRONX COMMUNITY HIGH SCHOOL","HIGH SCHOOL","0",,,,,
"2014-15","08X392","08X392 - BRONX DELTA SCHOOL","ELEMENTARY","0",,,,,
"2014-15","08X405","08X405 - HERBERT H. LEHMAN HIGH SCHOOL","HIGH SCHOOL","1","1",,,,
"2014-15","08X424","08X424 - THE HUNTS POINT SCHOOL","JUNIOR HIGH-INTERMEDIATE-MIDDLE","1","1",,,,
"2014-15","08X432","08X432 - BRONX BRIDGES HIGH SCHOOL","HIGH SCHOOL","1","1",,"1",,
"2014-15","08X448","08X448 - SOUNDVIEW ACADEMY FOR CULTURE AND SCHOLARSHIP","JUNIOR HIGH-INTERMEDIATE-MIDDLE","1","1",,,,
"2014-15","08X452","08X452 - BRONX GUILD","HIGH SCHOOL","2","2",,"1",,
"2014-15","08X467","08X467 - MOTT HALL COMMUNITY SCHOOL","JUNIOR HIGH-INTERMEDIATE-MIDDLE","0",,,,,
"2014-15","08X519","08X519 - FELISA RINCON DE GAUTIER INSTITUTE FOR LAW AND PUB","HIGH SCHOOL","0",,,,,
"2014-15","08X530","08X530 - BANANA KELLY HIGH SCHOOL","HIGH SCHOOL","1","1",,,,
"2014-15","08X537","08X537 - BRONX ARENA HIGH SCHOOL","HIGH SCHOOL","0",,,,,
"2014-15","08X558","08X558 - WESTCHESTER SQUARE ACADEMY","HIGH SCHOOL","2","2",,,,
"2014-15","08X559","08X559 - SCHOOL FOR TOURISM AND HOSPITALITY","HIGH SCHOOL","1.2","1","0.2","1",,
"2014-15","08X561","08X561 - BRONX COMPASS HIGH SCHOOL","HIGH SCHOOL","1","1",,,,
"2014-15","08X562","08X562 - BLUEPRINT MIDDLE SCHOOL","JUNIOR HIGH-INTERMEDIATE-MIDDLE","0",,,,,
"2014-15","08X650","08X650 - JANE ADDAMS HIGH SCHOOL FOR ACADEMIC CAREERS","HIGH SCHOOL","0",,,,,
"2014-15","09X004","09X004 - P.S./M.S. 004 CROTONA PARK WEST","K-8","4","4",,,,
"2014-15","09X011","09X011 - P.S. 011 HIGHBRIDGE","ELEMENTARY","1","1",,,,
"2014-15","09X022","09X022 - J.H.S. 022 JORDAN L. MOTT","JUNIOR HIGH-INTERMEDIATE-MIDDLE","1","1",,,,
"2014-15","09X028","09X028 - P.S. 028 MOUNT HOPE","ELEMENTARY","1","1",,,,
"2014-15","09X035","09X035 - P.S. 035 FRANZ SIEGEL","ELEMENTARY","0",,,,,
"2014-15","09X042","09X042 - P.S. 042 CLAREMONT","ELEMENTARY","1","1",,"1",,
"2014-15","09X053","09X053 - P.S. 053 BASHEER QUISIM","ELEMENTARY","1","1",,"1",,
"2014-15","09X055","09X055 - P.S. 055 BENJAMIN FRANKLIN","ELEMENTARY","1","1",,"1",,
"2014-15","09X058","09X058 - P.S. 058","ELEMENTARY","1","1",,"1",,
"2014-15","09X063","09X063 - P.S. 063 AUTHOR'S ACADEMY","ELEMENTARY","1","1",,"1",,
"2014-15","09X064","09X064 - P.S. 064 PURA BELPRE","ELEMENTARY","1","1",,,,
"2014-15","09X070","09X070 - P.S. 070 MAX SCHOENFELD","ELEMENTARY","1","1",,,,
"2014-15","09X073","09X073 - P.S. 073 BRONX","ELEMENTARY","2","2",,"1",,
"2014-15","09X088","09X088 - P.S. X088 - S. SILVERSTEIN LITTLE SPARROW SCHOOL","ELEMENTARY","0",,,,,
"2014-15","09X109","09X109 - P.S. 109 SEDGWICK","ELEMENTARY","1","1",,"1",,
"2014-15","09X110","09X110 - P.S. 110 THEODORE SCHOENFELD","ELEMENTARY","1","1",,,,
"2014-15","09X114","09X114 - P.S. X114 - LUIS LLORENS TORRES SCHOOLS","ELEMENTARY","0",,,,,
"2014-15","09X117","09X117 - I.S. 117 JOSEPH H. WADE","JUNIOR HIGH-INTERMEDIATE-MIDDLE","1","1",,,,
"2014-15","09X126","09X126 - P.S. 126 DR MARJORIE H DUNBAR","ELEMENTARY","1","1",,,,
"2014-15","09X128","09X128 - MOTT HALL III","JUNIOR HIGH-INTERMEDIATE-MIDDLE","0",,,,,
"2014-15","09X132","09X132 - P.S. 132 GARRET A. MORGAN","ELEMENTARY","1","1",,,,
"2014-15","09X145","09X145 - J.H.S. 145 ARTURO TOSCANINI","JUNIOR HIGH-INTERMEDIATE-MIDDLE","1","1",,,,
"2014-15","09X163","09X163 - P.S. 163 ARTHUR A. SCHOMBURG","ELEMENTARY","0",,,,,
"2014-15","09X170","09X170 - P.S. 170","EARLY CHILDHOOD","0",,,,,
"2014-15","09X199","09X199 - P.S. 199X - THE SHAKESPEARE SCHOOL","ELEMENTARY","0",,,,,
"2014-15","09X204","09X204 - P.S. 204 MORRIS HEIGHTS","ELEMENTARY","0",,,,,
"2014-15","09X215","09X215 - KAPPA","JUNIOR HIGH-INTERMEDIATE-MIDDLE","0",,,,,
"2014-15","09X218","09X218 - P.S./I.S. 218 RAFAEL HERNANDEZ DUAL LANGUAGE MAGNE","K-8","0",,,,,
"2014-15","09X219","09X219 - I.S. 219 NEW VENTURE SCHOOL","JUNIOR HIGH-INTERMEDIATE-MIDDLE","2","2",,"1",,
"2014-15","09X227","09X227 - BRONX COLLEGIATE ACADEMY","HIGH SCHOOL","0",,,,,
"2014-15","09X229","09X229 - I.S. 229 ROLAND PATTERSON","JUNIOR HIGH-INTERMEDIATE-MIDDLE","2","2",,,,
"2014-15","09X230","09X230 - P.S. 230 DR ROLAND N. PATTERSON","ELEMENTARY","0",,,,,
"2014-15","09X231","09X231 - EAGLE ACADEMY FOR YOUNG MEN","SECONDARY SCHOOL","1","1",,,,
"2014-15","09X232","09X232 - I.S. 232","JUNIOR HIGH-INTERMEDIATE-MIDDLE","0",,,,,
"2014-15","09X236","09X236 - P.S. 236 LANGSTON HUGHES","ELEMENTARY","1","1",,,,
"2014-15","09X241","09X241 - URBAN ASSEMBLY SCHOOL FOR APPLIED MATH AND SCIENCE","SECONDARY SCHOOL","0",,,,,
"2014-15","09X250","09X250 - EXIMIUS COLLEGE PREPARATORY ACADEMY: A COLLEGE BOA","SECONDARY SCHOOL","0",,,,,
"2014-15","09X252","09X252 - MOTT HALL BRONX HIGH SCHOOL","HIGH SCHOOL","2","2",,,,
"2014-15","09X260","09X260 - BRONX CENTER FOR SCIENCE AND MATHEMATICS","HIGH SCHOOL","0",,,,,
"2014-15","09X263","09X263 - VALIDUS PREPARATORY ACADEMY: AN EXPEDITIONARY LEAR","HIGH SCHOOL","1","1",,,,
"2014-15","09X274","09X274 - THE NEW AMERICAN ACADEMY AT ROBERTO CLEMENTE STATE","ELEMENTARY","0",,,,,
"2014-15","09X276","09X276 - LEADERSHIP INSTITUTE","HIGH SCHOOL","0",,,,,
"2014-15","09X294","09X294 - THE WALTON AVENUE SCHOOL","ELEMENTARY","0",,,,,
"2014-15","09X297","09X297 - MORRIS ACADEMY FOR COLLABORATIVE STUDIES","HIGH SCHOOL","0",,,,,
"2014-15","09X303","09X303 - I.S. X303 LEADERSHIP & COMMUNITY SERVICE","JUNIOR HIGH-INTERMEDIATE-MIDDLE","1","1",,,,
"2014-15","09X311","09X311 - LUCERO ELEMENTARY SCHOOL","ELEMENTARY","0",,,,,
"2014-15","09X313","09X313 - I.S. 313 SCHOOL OF LEADERSHIP DEVELOPMENT","JUNIOR HIGH-INTERMEDIATE-MIDDLE","1","1",,"1",,
"2014-15","09X323","09X323 - BRONX WRITING ACADEMY","JUNIOR HIGH-INTERMEDIATE-MIDDLE","1","1",,"1",,
"2014-15","09X324","09X324 - BRONX EARLY COLLEGE ACADEMY FOR TEACHING & LEARNIN","JUNIOR HIGH-INTERMEDIATE-MIDDLE","1","1",,,,
"2014-15","09X325","09X325 - URBAN SCIENCE ACADEMY","JUNIOR HIGH-INTERMEDIATE-MIDDLE","1","1",,,,
"2014-15","09X327","09X327 - COMPREHENSIVE MODEL SCHOOL PROJECT M.S. 327","JUNIOR HIGH-INTERMEDIATE-MIDDLE","1","1",,,,
"2014-15","09X328","09X328 - NEW MILLENNIUM BUSINESS ACADEMY MIDDLE SCHOOL","JUNIOR HIGH-INTERMEDIATE-MIDDLE","0",,,,,
"2014-15","09X329","09X329 - DREAMYARD PREPARATORY SCHOOL","HIGH SCHOOL","1","1",,,,
"2014-15","09X339","09X339 - I.S. 339","JUNIOR HIGH-INTERMEDIATE-MIDDLE","0",,,,,
"2014-15","09X350","09X350 - NEW DIRECTIONS SECONDARY SCHOOL","SECONDARY SCHOOL","0",,,,,
"2014-15","09X361","09X361 - THE HIGHBRIDGE GREEN SCHOOL","JUNIOR HIGH-INTERMEDIATE-MIDDLE","0",,,,,
"2014-15","09X365","09X365 - ACADEMY FOR LANGUAGE AND TECHNOLOGY","HIGH SCHOOL","0",,,,,
"2014-15","09X403","09X403 - BRONX INTERNATIONAL HIGH SCHOOL","HIGH SCHOOL","2","2",,,,
"2014-15","09X404","09X404 - SCHOOL FOR EXCELLENCE","HIGH SCHOOL","1","1",,,,
"2014-15","09X412","09X412 - BRONX HIGH SCHOOL OF BUSINESS","HIGH SCHOOL","2","2",,"1",,
"2014-15","09X413","09X413 - BRONX HIGH SCHOOL FOR MEDICAL SCIENCE","SECONDARY SCHOOL","1","1",,"1",,
"2014-15","09X414","09X414 - JONATHAN LEVIN HIGH SCHOOL FOR MEDIA AND COMMUNICA","HIGH SCHOOL","0",,,,,
"2014-15","09X443","09X443 - THE FAMILY SCHOOL","ELEMENTARY","1","1",,,,
"2014-15","09X449","09X449 - GRANT AVENUE ELEMENTARY SCHOOL","EARLY CHILDHOOD","0",,,,,
"2014-15","09X454","09X454 - SCIENCE AND TECHNOLOGY ACADEMY: A MOTT HALL SCHOOL","JUNIOR HIGH-INTERMEDIATE-MIDDLE","1","1",,,,
"2014-15","09X457","09X457 - SHERIDAN ACADEMY FOR YOUNG LEADERS","EARLY CHILDHOOD","2","2",,,,
"2014-15","09X505","09X505 - BRONX SCHOOL FOR LAW, GOVERNMENT AND JUSTICE","SECONDARY SCHOOL","1.6","1","0.6","1","0.6",
"2014-15","09X517","09X517 - FREDERICK DOUGLASS ACADEMY III SECONDARY SCHOOL","SECONDARY SCHOOL","1","1",,,,
"2014-15","09X525","09X525 - BRONX LEADERSHIP ACADEMY HIGH SCHOOL","HIGH SCHOOL","0",,,,,
"2014-15","09X543","09X543 - HIGH SCHOOL FOR VIOLIN AND DANCE","HIGH SCHOOL","0",,,,,
"2014-15","09X555","09X555 - MOUNT EDEN CHILDREN'S ACADEMY","ELEMENTARY","0",,,,,
"2014-15","09X564","09X564 - CLAREMONT INTERNATIONAL HS","HIGH SCHOOL","2","2",,,,
"2014-15","09X568","09X568 - YOUNG WOMEN'S LEADERSHIP SCHOOL OF THE BRONX","JUNIOR HIGH-INTERMEDIATE-MIDDLE","0.2",,"0.2",,,
"2014-15","10X003","10X003 - P.S. 3 RAUL JULIA MICRO SOCIETY","K-8","0",,,,,
"2014-15","10X007","10X007 - MILTON FEIN SCHOOL","ELEMENTARY","1","1",,,,
"2014-15","10X008","10X008 - P.S. 008 ISSAC VARIAN","ELEMENTARY","1","1",,"1",,
"2014-15","10X009","10X009 - P.S. 9 RYER AVENUE ELEMENTARY SCHOOL","ELEMENTARY","2","2",,,,
"2014-15","10X015","10X015 - P.S. X015 INSTITUTE FOR ENVIRONMENTAL LEARNING","K-8","1","1",,"1",,
"2014-15","10X020","10X020 - PS/MS 20 P.O.GEORGE J. WERDANN, III","K-8","2","2",,,,
"2014-15","10X023","10X023 - P.S. 023 THE NEW CHILDREN'S SCHOOL","EARLY CHILDHOOD","0",,,,,
"2014-15","10X024","10X024 - P.S. 024 SPUYTEN DUYVIL","ELEMENTARY","2","2",,"1",,
"2014-15","10X032","10X032 - P.S. 032 BELMONT","ELEMENTARY","4","4",,"1",,
"2014-15","10X033","10X033 - P.S. 033 TIMOTHY DWIGHT","ELEMENTARY","1","1",,"1",,
"2014-15","10X037","10X037 - P.S. X037 - MULTIPLE INTELLIGENCE SCHOOL","K-8","0",,,,,
"2014-15","10X045","10X045 - THOMAS C. GIORDANO MIDDLE SCHOOL 45","JUNIOR HIGH-INTERMEDIATE-MIDDLE","1","1",,,,
"2014-15","10X046","10X046 - P.S. 046 EDGAR ALLAN POE","ELEMENTARY","2","2",,,,
"2014-15","10X051","10X051 - P.S. 051 BRONX NEW SCHOOL","ELEMENTARY","0.2",,"0.2",,,
"2014-15","10X054","10X054 - P.S. / I.S. 54","ELEMENTARY","3","3",,"1",,
"2014-15","10X056","10X056 - P.S. 056 NORWOOD HEIGHTS","ELEMENTARY","1","1",,"1",,
"2014-15","10X059","10X059 - P.S. 059 THE COMMUNITY SCHOOL OF TECHNOLOGY","ELEMENTARY","1","1",,,,
"2014-15","10X077","10X077 - BEDFORD PARK ELEMENTARY SCHOOL","ELEMENTARY","0",,,,,
"2014-15","10X080","10X080 - J.H.S. 080 THE MOSHOLU PARKWAY","JUNIOR HIGH-INTERMEDIATE-MIDDLE","1","1",,,,
"2014-15","10X081","10X081 - P.S. 081 ROBERT J. CHRISTEN","ELEMENTARY","1","1",,,,
"2014-15","10X085","10X085 - P.S. 085 GREAT EXPECTATIONS","ELEMENTARY","3","3",,"1",,
"2014-15","10X086","10X086 - P.S. 086 KINGSBRIDGE HEIGHTS","ELEMENTARY","4","4",,"1",,
"2014-15","10X091","10X091 - P.S. 091 BRONX","ELEMENTARY","1","1",,"1",,
"2014-15","10X094","10X094 - P.S. 094 KINGS COLLEGE SCHOOL","ELEMENTARY","1","1",,,,
"2014-15","10X095","10X095 - P.S. 095 SHEILA MENCHER","K-8","2","2",,,,
"2014-15","10X118","10X118 - J.H.S. 118 WILLIAM W. NILES","JUNIOR HIGH-INTERMEDIATE-MIDDLE","3","3",,,,
"2014-15","10X141","10X141 - RIVERDALE / KINGSBRIDGE ACADEMY (MIDDLE SCHOOL / H","SECONDARY SCHOOL","2","2",,,,
"2014-15","10X159","10X159 - P.S. 159 LUIS MUNOZ MARIN BILING","ELEMENTARY","0",,,,,
"2014-15","10X205","10X205 - P.S. 205 FIORELLO LAGUARDIA","ELEMENTARY","0",,,,,
"2014-15","10X206","10X206 - I.S. 206 ANN MERSEREAU","JUNIOR HIGH-INTERMEDIATE-MIDDLE","0",,,,,
"2014-15","10X207","10X207 - P.S. 207","ELEMENTARY","2","2",,,,
"2014-15","10X209","10X209 - P.S. 209","EARLY CHILDHOOD","0",,,,,
"2014-15","10X213","10X213 - BRONX ENGINEERING AND TECHNOLOGY ACADEMY","HIGH SCHOOL","1","1",,,,
"2014-15","10X225","10X225 - THEATRE ARTS PRODUCTION COMPANY SCHOOL","SECONDARY SCHOOL","0",,,,,
"2014-15","10X226","10X226 - P.S. 226","ELEMENTARY","1","1",,"1",,
"2014-15","10X228","10X228 - JONAS BRONCK ACADEMY","JUNIOR HIGH-INTERMEDIATE-MIDDLE","1","1",,,,
"2014-15","10X237","10X237 - THE MARIE CURIE SCHOOL FOR MEDICINE, NURSING, AND","HIGH SCHOOL","2","2",,,,
"2014-15","10X243","10X243 - WEST BRONX ACADEMY FOR THE FUTURE","SECONDARY SCHOOL","1","1",,,,
"2014-15","10X244","10X244 - THE NEW SCHOOL FOR LEADERSHIP AND JOURNALISM","JUNIOR HIGH-INTERMEDIATE-MIDDLE","0",,,,,
"2014-15","10X246","10X246 - P.S. 246 POE CENTER","ELEMENTARY","1","1",,"1",,
"2014-15","10X254","10X254 - I.S. 254","JUNIOR HIGH-INTERMEDIATE-MIDDLE","1","1",,,,
"2014-15","10X264","10X264 - BRONX ACADEMY FOR SOFTWARE ENGINEERING (BASE)","HIGH SCHOOL","2","2",,,,
"2014-15","10X268","10X268 - KINGSBRIDGE INTERNATIONAL HIGH SCHOOL","HIGH SCHOOL","1","1",,,,
"2014-15","10X279","10X279 - P.S. 279 CAPTAIN MANUEL RIVERA, JR.","K-8","1","1",,"1",,
"2014-15","10X280","10X280 - P.S./M.S. 280 MOSHOLU PARKWAY","K-8","1","1",,,,
"2014-15","10X284","10X284 - BRONX SCHOOL OF LAW AND FINANCE","HIGH SCHOOL","1","1",,,,
"2014-15","10X291","10X291 - P.S. 291","ELEMENTARY","0",,,,,
"2014-15","10X306","10X306 - P.S. 306","ELEMENTARY","3","3",,"1",,
"2014-15","10X307","10X307 - LUISA PINEIRO FUENTES SCHOOL OF SCIENCE AND DISCOV","ELEMENTARY","1","1",,,,
"2014-15","10X308","10X308 - BRONX DANCE ACADEMY SCHOOL","JUNIOR HIGH-INTERMEDIATE-MIDDLE","0",,,,,
"2014-15","10X310","10X310 - P.S. 310 MARBLE HILL","ELEMENTARY","1","1",,"1",,
"2014-15","10X315","10X315 - P.S. 315 LAB SCHOOL","K-8","0",,,,,
"2014-15","10X319","10X319 - PROVIDING URBAN LEARNERS SUCCESS IN EDUCATION HIGH","HIGH SCHOOL","0",,,,,
"2014-15","22K206","22K206 - P.S. 206 JOSEPH F LAMB","K-8","2","2",,,,
"2014-15","10X331","10X331 - THE BRONX SCHOOL OF YOUNG LEADERS","JUNIOR HIGH-INTERMEDIATE-MIDDLE","0",,,,,
"2014-15","10X340","10X340 - P.S. 340","ELEMENTARY","0",,,,,
"2014-15","10X342","10X342 - INTERNATIONAL SCHOOL FOR LIBERAL ARTS","SECONDARY SCHOOL","1","1",,"1",,
"2014-15","10X344","10X344 - AMPARK NEIGHBORHOOD","ELEMENTARY","0",,,,,
"2014-15","10X351","10X351 - BRONX COLLABORATIVE HIGH SCHOOL","HIGH SCHOOL","1","1",,,,
"2014-15","10X353","10X353 - WORLD VIEW HIGH SCHOOL","HIGH SCHOOL","1","1",,,,
"2014-15","10X360","10X360 - P.S. 360","ELEMENTARY","1","1",,,,
"2014-15","10X363","10X363 - ACADEMY FOR PERSONAL LEADERSHIP AND EXCELLENCE","JUNIOR HIGH-INTERMEDIATE-MIDDLE","4","4",,"1",,
"2014-15","10X368","10X368 - IN-TECH ACADEMY (M.S. / HIGH SCHOOL 368)","SECONDARY SCHOOL","0",,,,,
"2014-15","10X374","10X374 - KNOWLEDGE AND POWER PREPARATORY ACADEMY INTERNATIO","HIGH SCHOOL","0",,,,,
"2014-15","10X382","10X382 - ELEMENTARY SCHOOL FOR MATH, SCIENCE, AND TECHNOLOG","ELEMENTARY","1","1",,,,
"2014-15","10X386","10X386 - SCHOOL FOR ENVIRONMENTAL CITIZENSHIP","ELEMENTARY","0",,,,,
"2014-15","10X390","10X390 - M.S. 390","JUNIOR HIGH-INTERMEDIATE-MIDDLE","1","1",,,,
"2014-15","10X391","10X391 - THE ANGELO PATRI MIDDLE SCHOOL","JUNIOR HIGH-INTERMEDIATE-MIDDLE","2","2",,,,
"2014-15","10X396","10X396 - P.S. 396","ELEMENTARY","1","1",,,,
"2014-15","10X397","10X397 - ENGLISH LANGUAGE LEARNERS AND INTERNATIONAL SUPPOR","HIGH SCHOOL","1","1",,,,
"2014-15","10X433","10X433 - HIGH SCHOOL FOR TEACHING AND THE PROFESSIONS","HIGH SCHOOL","1","1",,,,
"2014-15","10X434","10X434 - BELMONT PREPARATORY HIGH SCHOOL","HIGH SCHOOL","0",,,,,
"2014-15","10X437","10X437 - FORDHAM HIGH SCHOOL FOR THE ARTS","HIGH SCHOOL","1","1",,,,
"2014-15","10X438","10X438 - FORDHAM LEADERSHIP ACADEMY FOR BUSINESS AND TECHNO","HIGH SCHOOL","1","1",,,,
"2014-15","10X439","10X439 - BRONX HIGH SCHOOL FOR LAW AND COMMUNITY SERVICE","HIGH SCHOOL","0.5",,"0.5",,,
"2014-15","10X440","10X440 - DEWITT CLINTON HIGH SCHOOL","HIGH SCHOOL","1","1",,,,
"2014-15","10X442","10X442 - CELIA CRUZ BRONX HIGH SCHOOL OF MUSIC, THE","HIGH SCHOOL","0",,,,,
"2014-15","10X445","10X445 - BRONX HIGH SCHOOL OF SCIENCE","HIGH SCHOOL","0",,,,,
"2014-15","10X447","10X447 - CRESTON ACADEMY","JUNIOR HIGH-INTERMEDIATE-MIDDLE","0",,,,,
"2014-15","10X459","10X459 - EAST FORDHAM ACADEMY FOR THE ARTS","JUNIOR HIGH-INTERMEDIATE-MIDDLE","0",,,,,
"2014-15","10X477","10X477 - MARBLE HILL HIGH SCHOOL FOR INTERNATIONAL STUDIES","HIGH SCHOOL","0",,,,,
"2014-15","10X503","10X503 - WALTON YABC","HIGH SCHOOL","0",,,,,
"2014-15","10X524","10X524 - CROTONA INTERNATIONAL HIGH SCHOOL","HIGH SCHOOL","2","2",,,,
"2014-15","10X546","10X546 - BRONX THEATRE HIGH SCHOOL","HIGH SCHOOL","1","1",,,,
"2014-15","10X549","10X549 - DISCOVERY HIGH SCHOOL","HIGH SCHOOL","0",,,,,
"2014-15","10X565","10X565 - HIGH SCHOOL FOR ENERGY AND TECHNOLOGY","HIGH SCHOOL","0",,,,,
"2014-15","10X660","10X660 - GRACE DODGE CAREER AND TECHNICAL EDUCATION HIGH SC","HIGH SCHOOL","1.4","1","0.4",,,
"2014-15","10X696","10X696 - HIGH SCHOOL OF AMERICAN STUDIES AT LEHMAN COLLEGE","HIGH SCHOOL","0",,,,,
"2014-15","11X016","11X016 - P.S. 016 WAKEFIELD","ELEMENTARY","1","1",,,,
"2014-15","11X019","11X019 - P.S. 019 JUDITH K. WEISS","K-8","0",,,,,
"2014-15","11X021","11X021 - P.S. 021 PHILIP H. SHERIDAN","ELEMENTARY","1","1",,,,
"2014-15","11X041","11X041 - P.S. 041 GUN HILL ROAD","ELEMENTARY","0",,,,,
"2014-15","11X068","11X068 - P.S. 068 BRONX","ELEMENTARY","1","1",,,,
"2014-15","11X076","11X076 - P.S. 076 THE BENNINGTON SCHOOL","ELEMENTARY","0",,,,,
"2014-15","11X078","11X078 - P.S. 078 ANNE HUTCHINSON","ELEMENTARY","1","1",,,,
"2014-15","11X083","11X083 - P.S. 083 DONALD HERTZ","K-8","2","2",,"1",,
"2014-15","11X087","11X087 - P.S. 087 BRONX","ELEMENTARY","1","1",,"1",,
"2014-15","11X089","11X089 - P.S. 089 BRONX","K-8","1","1",,,,
"2014-15","11X096","11X096 - P.S. 096 RICHARD RODGERS","ELEMENTARY","1","1",,,,
"2014-15","11X097","11X097 - P.S. 097 BRONX","ELEMENTARY","1","1",,,,
"2014-15","11X103","11X103 - P.S. 103 HECTOR FONTANEZ","ELEMENTARY","1","1",,,,
"2014-15","11X105","11X105 - P.S. 105 SEN ABRAHAM BERNSTEIN","ELEMENTARY","1","1",,"1",,
"2014-15","11X106","11X106 - P.S. 106 PARKCHESTER","ELEMENTARY","1","1",,,,
"2014-15","11X108","11X108 - P.S. 108 PHILIP J. ABINANTI","ELEMENTARY","0",,,,,
"2014-15","11X111","11X111 - P.S. 111 SETON FALLS","ELEMENTARY","1","1",,,,
"2014-15","11X112","11X112 - P.S. 112 BRONXWOOD","ELEMENTARY","1","1",,,,
"2014-15","11X121","11X121 - P.S. 121 THROOP","ELEMENTARY","1","1",,,,
"2014-15","11X127","11X127 - J.H.S. 127 THE CASTLE HILL","JUNIOR HIGH-INTERMEDIATE-MIDDLE","1","1",,"1",,
"2014-15","11X142","11X142 - MS 142 JOHN PHILIP SOUSA","JUNIOR HIGH-INTERMEDIATE-MIDDLE","0",,,,,
"2014-15","11X144","11X144 - J.H.S. 144 MICHELANGELO","JUNIOR HIGH-INTERMEDIATE-MIDDLE","1","1",,,,
"2014-15","11X153","11X153 - P.S. 153 HELEN KELLER","ELEMENTARY","1","1",,"1",,
"2014-15","11X160","11X160 - P.S. 160 WALT DISNEY","ELEMENTARY","2","2",,"1",,
"2014-15","11X169","11X169 - BAYCHESTER ACADEMY","EARLY CHILDHOOD","2","2",,,,
"2014-15","11X175","11X175 - P.S. 175 CITY ISLAND","K-8","0",,,,,
"2014-15","11X178","11X178 - P.S. 178 - DR. SELMAN WAKSMAN","ELEMENTARY","0",,,,,
"2014-15","11X180","11X180 - M.S. 180 DR. DANIEL HALE WILLIAMS","JUNIOR HIGH-INTERMEDIATE-MIDDLE","1","1",,,,
"2014-15","11X181","11X181 - I.S. 181 PABLO CASALS","JUNIOR HIGH-INTERMEDIATE-MIDDLE","1","1",,"1",,
"2014-15","11X189","11X189 - CORNERSTONE ACADEMY FOR SOCIAL ACTION","ELEMENTARY","1","1",,,,
"2014-15","11X194","11X194 - PS/MS 194","K-8","1","1",,,,
"2014-15","11X249","11X249 - BRONX HEALTH SCIENCES HIGH SCHOOL","HIGH SCHOOL","0",,,,,
"2014-15","11X253","11X253 - BRONX HIGH SCHOOL FOR WRITING AND COMMUNICATION AR","HIGH SCHOOL","0",,,,,
"2014-15","11X265","11X265 - BRONX LAB SCHOOL","HIGH SCHOOL","2","2",,,,
"2014-15","11X270","11X270 - ACADEMY FOR SCHOLARSHIP AND ENTREPRENEURSHIP: A CO","SECONDARY SCHOOL","0",,,,,
"2014-15","11X272","11X272 - GLOBE SCHOOL FOR ENVIRONMENTAL RESEARCH","JUNIOR HIGH-INTERMEDIATE-MIDDLE","1","1",,,,
"2014-15","11X275","11X275 - HIGH SCHOOL OF COMPUTERS AND TECHNOLOGY","HIGH SCHOOL","1","1",,,,
"2014-15","11X287","11X287 - THE FORWARD SCHOOL","JUNIOR HIGH-INTERMEDIATE-MIDDLE","1","1",,,,
"2014-15","11X288","11X288 - COLLEGIATE INSTITUTE FOR MATH AND SCIENCE","HIGH SCHOOL","1","1",,,,
"2014-15","11X289","11X289 - THE YOUNG SCHOLARS ACADEMY OF THE BRONX","JUNIOR HIGH-INTERMEDIATE-MIDDLE","0",,,,,
"2014-15","11X290","11X290 - BRONX ACADEMY OF HEALTH CAREERS","HIGH SCHOOL","0",,,,,
"2014-15","11X299","11X299 - ASTOR COLLEGIATE ACADEMY","HIGH SCHOOL","0",,,,,
"2014-15","11X326","11X326 - BRONX GREEN MIDDLE SCHOOL","JUNIOR HIGH-INTERMEDIATE-MIDDLE","0",,,,,
"2014-15","11X355","11X355 - BRONX ALLIANCE MIDDLE SCHOOL","JUNIOR HIGH-INTERMEDIATE-MIDDLE","0",,,,,
"2014-15","11X357","11X357 - YOUNG VOICES ACADEMY OF THE BRONX","ELEMENTARY","0",,,,,
"2014-15","11X370","11X370 - SCHOOL OF DIPLOMACY","JUNIOR HIGH-INTERMEDIATE-MIDDLE","0",,,,,
"2014-15","11X417","11X417 - C COLUMBUS HS YABC","HIGH SCHOOL","0",,,,,
"2014-15","11X418","11X418 - BRONX HIGH SCHOOL FOR THE VISUAL ARTS","HIGH SCHOOL","1","1",,,,
"2014-15","11X455","11X455 - HARRY S TRUMAN HIGH SCHOOL","HIGH SCHOOL","1","1",,,,
"2014-15","11X462","11X462 - CORNERSTONE ACADEMY FOR SOCIAL ACTION MIDDLE SCHOO","JUNIOR HIGH-INTERMEDIATE-MIDDLE","1","1",,,,
"2014-15","11X468","11X468 - PELHAM ACADEMY OF ACADEMICS AND COMMUNITY ENGAGEME","JUNIOR HIGH-INTERMEDIATE-MIDDLE","0",,,,,
"2014-15","11X498","11X498 - PS/MS 11X498 - VAN NEST ACADEMY","K-8","0",,,,,
"2014-15","11X508","11X508 - BRONXDALE HIGH SCHOOL","HIGH SCHOOL","1","1",,,,
"2014-15","11X509","11X509 - HIGH SCHOOL OF LANGUAGE AND INNOVATION","HIGH SCHOOL","1","1",,,,
"2014-15","11X513","11X513 - NEW WORLD HIGH SCHOOL","HIGH SCHOOL","0",,,,,
"2014-15","11X514","11X514 - THE BRONXWOOD PREPARATORY ACADEMY","HIGH SCHOOL","0",,,,,
"2014-15","11X529","11X529 - ONE WORLD MIDDLE SCHOOL AT EDENWALD","JUNIOR HIGH-INTERMEDIATE-MIDDLE","0",,,,,
"2014-15","11X532","11X532 - BAYCHESTER MIDDLE SCHOOL","JUNIOR HIGH-INTERMEDIATE-MIDDLE","0",,,,,
"2014-15","11X542","11X542 - PELHAM PREPARATORY ACADEMY","HIGH SCHOOL","1","1",,,,
"2014-15","11X544","11X544 - HIGH SCHOOL FOR CONTEMPORARY ARTS","HIGH SCHOOL","0",,,,,
"2014-15","11X545","11X545 - BRONX AEROSPACE HIGH SCHOOL","HIGH SCHOOL","3","3",,"1",,
"2014-15","11X556","11X556 - BRONX PARK MIDDLE SCHOOL","JUNIOR HIGH-INTERMEDIATE-MIDDLE","1","1",,,,
"2014-15","11X566","11X566 - PELHAM GARDENS MIDDLE SCHOOL","JUNIOR HIGH-INTERMEDIATE-MIDDLE","0",,,,,
"2014-15","11X567","11X567 - LINDEN TREE ELEMENTARY SCHOOL","ELEMENTARY","0",,,,,
"2014-15","12X006","12X006 - P.S. 006 WEST FARMS","ELEMENTARY","1","1",,,,
"2014-15","12X044","12X044 - P.S. 044 DAVID C. FARRAGUT","ELEMENTARY","0",,,,,
"2014-15","12X047","12X047 - P.S. 047 JOHN RANDOLPH","ELEMENTARY","2","2",,,,
"2014-15","12X050","12X050 - P.S. 050 CLARA BARTON","ELEMENTARY","1","1",,"1",,
"2014-15","12X057","12X057 - P.S. 057 CRESCENT","ELEMENTARY","1","1",,"1",,
"2014-15","12X061","12X061 - P.S. 061 FRANCISCO OLLER","ELEMENTARY","1","1",,,,
"2014-15","12X066","12X066 - P.S. 066 SCHOOL OF HIGHER EXPECTATIONS","ELEMENTARY","4.6","4","0.6",,,
"2014-15","12X067","12X067 - P.S. 067 MOHEGAN SCHOOL","ELEMENTARY","2","2",,,,
"2014-15","12X092","12X092 - P.S. 092 BRONX","ELEMENTARY","1","1",,"1",,
"2014-15","12X098","12X098 - J.H.S. 098 HERMAN RIDDER","JUNIOR HIGH-INTERMEDIATE-MIDDLE","1","1",,"1",,
"2014-15","12X129","12X129 - M.S. 129 ACADEMY FOR INDEPENDENT LEARNING AND LEAD","JUNIOR HIGH-INTERMEDIATE-MIDDLE","1","1",,,,
"2014-15","12X134","12X134 - P.S. 134 GEORGE F. BRISTOW","ELEMENTARY","1","1",,"1",,
"2014-15","12X150","12X150 - P.S. 150 CHARLES JAMES FOX","ELEMENTARY","3","3",,"2",,
"2014-15","12X190","12X190 - E.S.M.T- I.S. 190","JUNIOR HIGH-INTERMEDIATE-MIDDLE","1","1",,,,
"2014-15","12X195","12X195 - P.S. 195","ELEMENTARY","1.5","1","0.5","1","0.5",
"2014-15","12X196","12X196 - P.S. 196","ELEMENTARY","0.5",,"0.5",,"0.5",
"2014-15","12X211","12X211 - P.S. 211","K-8","0",,,,,
"2014-15","12X212","12X212 - P.S. 212","K-8","1","1",,,,
"2014-15","12X214","12X214 - P.S. 214","K-8","2","2",,,,
"2014-15","12X217","12X217 - SCHOOL OF PERFORMING ARTS","JUNIOR HIGH-INTERMEDIATE-MIDDLE","0",,,,,
"2014-15","12X242","12X242 - MOTT HALL V","JUNIOR HIGH-INTERMEDIATE-MIDDLE","0",,,,,
"2014-15","12X248","12X248 - METROPOLITAN HIGH SCHOOL, THE","HIGH SCHOOL","0",,,,,
"2014-15","12X251","12X251 - EXPLORATIONS ACADEMY","HIGH SCHOOL","0",,,,,
"2014-15","12X267","12X267 - BRONX LATIN","SECONDARY SCHOOL","0",,,,,
"2014-15","12X271","12X271 - EAST BRONX ACADEMY FOR THE FUTURE","SECONDARY SCHOOL","0",,,,,
"2014-15","12X273","12X273 - FREDERICK DOUGLASS ACADEMY V. MIDDLE SCHOOL","JUNIOR HIGH-INTERMEDIATE-MIDDLE","0.4",,"0.4",,,
"2014-15","12X278","12X278 - PEACE AND DIVERSITY ACADEMY","HIGH SCHOOL","0",,,,,
"2014-15","12X286","12X286 - FANNIE LOU HAMER MIDDLE SCHOOL","JUNIOR HIGH-INTERMEDIATE-MIDDLE","1","1",,,,
"2014-15","12X300","12X300 - THE SCHOOL OF SCIENCE AND APPLIED LEARNING","ELEMENTARY","2","2",,"1",,
"2014-15","12X314","12X314 - FAIRMONT NEIGHBORHOOD SCHOOL","ELEMENTARY","0",,,,,
"2014-15","12X316","12X316 - KAPPA III","JUNIOR HIGH-INTERMEDIATE-MIDDLE","0",,,,,
"2014-15","12X318","12X318 - I.S. X318 MATH, SCIENCE & TECHNOLOGY THROUGH ARTS","JUNIOR HIGH-INTERMEDIATE-MIDDLE","0",,,,,
"2014-15","12X341","12X341 - ACCION ACADEMY","JUNIOR HIGH-INTERMEDIATE-MIDDLE","0",,,,,
"2014-15","12X372","12X372 - URBAN ASSEMBLY SCHOOL FOR WILDLIFE CONSERVATION","SECONDARY SCHOOL","1","1",,,,
"2014-15","12X383","12X383 - EMOLIOR ACADEMY","JUNIOR HIGH-INTERMEDIATE-MIDDLE","0",,,,,
"2014-15","12X384","12X384 - ENTRADA ACADEMY","JUNIOR HIGH-INTERMEDIATE-MIDDLE","0",,,,,
"2014-15","12X388","12X388 - PAN AMERICAN INTERNATIONAL HIGH SCHOOL AT MONROE","HIGH SCHOOL","0",,,,,
"2014-15","12X446","12X446 - ARTURO A. SCHOMBURG SATELLITE ACADEMY BRONX","HIGH SCHOOL","1","1",,,,
"2014-15","12X458","12X458 - SAMARA COMMUNITY SCHOOL","ELEMENTARY","0",,,,,
"2014-15","12X463","12X463 - URBAN SCHOLARS COMMUNITY SCHOOL","EARLY CHILDHOOD","0",,,,,
"2014-15","12X478","12X478 - THE CINEMA SCHOOL","HIGH SCHOOL","0",,,,,
"2014-15","12X479","12X479 - BRONX CAREER AND COLLEGE PREPARATORY HIGH SCHOOL","HIGH SCHOOL","1","1",,,,
"2014-15","12X480","12X480 - BRONX REGIONAL HIGH SCHOOL","HIGH SCHOOL","1","1",,,,
"2014-15","12X511","12X511 - BRONX ENVISION ACADEMY","HIGH SCHOOL","1","1",,,,
"2014-15","12X521","12X521 - THE METROPOLITAN SOUNDVIEW HIGH SCHOOL","HIGH SCHOOL","1","1",,,,
"2014-15","12X531","12X531 - ARCHER ELEMENTARY SCHOOL","ELEMENTARY","2","2",,,,
"2014-15","12X536","12X536 - PS 536","ELEMENTARY","1","1",,,,
"2014-15","12X550","12X550 - HIGH SCHOOL OF WORLD CULTURES","HIGH SCHOOL","1","1",,,,
"2014-15","12X682","12X682 - FANNIE LOU HAMER FREEDOM HIGH SCHOOL","HIGH SCHOOL","1","1",,,,
"2014-15","12X684","12X684 - WINGS ACADEMY","HIGH SCHOOL","0",,,,,
"2014-15","12X691","12X691 - BRONX LITTLE SCHOOL","ELEMENTARY","1","1",,,,
"2014-15","12X692","12X692 - MONROE ACADEMY FOR VISUAL ARTS & DESIGN","HIGH SCHOOL","2","2",,,,
"2014-15","13K003","13K003 - P.S. 003 THE BEDFORD VILLAGE","ELEMENTARY","1","1",,,,
"2014-15","13K008","13K008 - P.S. 008 ROBERT FULTON","ELEMENTARY","0",,,,,
"2014-15","13K009","13K009 - P.S. 009 TEUNIS G. BERGEN","ELEMENTARY","1","1",,,,
"2014-15","13K011","13K011 - P.S. 011 PURVIS J. BEHAN","ELEMENTARY","0",,,,,
"2014-15","13K020","13K020 - P.S. 020 CLINTON HILL","ELEMENTARY","1","1",,,,
"2014-15","13K044","13K044 - P.S. 044 MARCUS GARVEY","ELEMENTARY","1","1",,,,
"2014-15","13K046","13K046 - P.S. 046 EDWARD C. BLUM","ELEMENTARY","1","1",,,,
"2014-15","13K054","13K054 - P.S. 054 SAMUEL C. BARNES","ELEMENTARY","0",,,,,
"2014-15","13K056","13K056 - P.S. 056 LEWIS H. LATIMER","ELEMENTARY","1","1",,,,
"2014-15","13K067","13K067 - P.S. 067 CHARLES A. DORSEY","ELEMENTARY","0",,,,,
"2014-15","13K093","13K093 - P.S. 093 WILLIAM H. PRESCOTT","ELEMENTARY","0",,,,,
"2014-15","13K113","13K113 - M.S. 113 RONALD EDMONDS LEARNING CENTER","JUNIOR HIGH-INTERMEDIATE-MIDDLE","0",,,,,
"2014-15","13K133","13K133 - P.S. 133 WILLIAM A. BUTLER","ELEMENTARY","0",,,,,
"2014-15","13K256","13K256 - P.S. 256 BENJAMIN BANNEKER","ELEMENTARY","1","1",,,,
"2014-15","13K265","13K265 - DR. SUSAN S. MCKINNEY SECONDARY SCHOOL OF THE ARTS","SECONDARY SCHOOL","0",,,,,
"2014-15","13K266","13K266 - M.S. K266 - PARK PLACE COMMUNITY MIDDLE SCHOOL","JUNIOR HIGH-INTERMEDIATE-MIDDLE","0",,,,,
"2014-15","13K270","13K270 - P.S. 270 JOHANN DEKALB","ELEMENTARY","0",,,,,
"2014-15","13K282","13K282 - P.S. 282 PARK SLOPE","K-8","1","1",,,,
"2014-15","13K287","13K287 - P.S. 287 BAILEY K. ASHFORD","ELEMENTARY","0",,,,,
"2014-15","13K301","13K301 - SATELLITE EAST MIDDLE SCHOOL","JUNIOR HIGH-INTERMEDIATE-MIDDLE","0",,,,,
"2014-15","13K305","13K305 - P.S. 305 DR. PETER RAY","ELEMENTARY","1","1",,,,
"2014-15","13K307","13K307 - P.S. 307 DANIEL HALE WILLIAMS","ELEMENTARY","2.2","1","1.2",,,
"2014-15","13K313","13K313 - SATELLITE WEST MIDDLE SCHOOL","JUNIOR HIGH-INTERMEDIATE-MIDDLE","1","1",,,,
"2014-15","13K350","13K350 - URBAN ASSEMBLY HIGH SCHOOL OF MUSIC AND ART","HIGH SCHOOL","0",,,,,
"2014-15","13K351","13K351 - THE URBAN ASSEMBLY UNISON SCHOOL","JUNIOR HIGH-INTERMEDIATE-MIDDLE","1","1",,,,
"2014-15","13K412","13K412 - BROOKLYN COMMUNITY HIGH SCHOOL OF COMMUNICATION, A","HIGH SCHOOL","0",,,,,
"2014-15","13K419","13K419 - SCIENCE SKILLS CENTER HIGH SCHOOL FOR SCIENCE, TEC","HIGH SCHOOL","1","1",,,,
"2014-15","13K430","13K430 - BROOKLYN TECHNICAL HIGH SCHOOL","HIGH SCHOOL","0",,,,,
"2014-15","13K439","13K439 - BROOKLYN INTERNATIONAL HIGH SCHOOL","HIGH SCHOOL","0",,,,,
"2014-15","13K483","13K483 - THE URBAN ASSEMBLY SCHOOL FOR LAW AND JUSTICE","HIGH SCHOOL","2","2",,,,
"2014-15","13K492","13K492 - ACADEMY OF ARTS AND LETTERS","JUNIOR HIGH-INTERMEDIATE-MIDDLE","0",,,,,
"2014-15","13K499","13K499 - ACORN COMMUNITY HIGH SCHOOL","HIGH SCHOOL","1","1",,,,
"2014-15","13K527","13K527 - URBAN ASSEMBLY INSTITUTE OF MATH AND SCIENCE FOR Y","JUNIOR HIGH-INTERMEDIATE-MIDDLE","1","1",,,,
"2014-15","13K553","13K553 - BROOKLYN ACADEMY HIGH SCHOOL","HIGH SCHOOL","0",,,,,
"2014-15","13K575","13K575 - BEDFORD STUYVESANT PREPARATORY HIGH SCHOOL","HIGH SCHOOL","0.4",,"0.4",,,
"2014-15","13K595","13K595 - BEDFORD ACADEMY HIGH SCHOOL","HIGH SCHOOL","0",,,,,
"2014-15","13K596","13K596 - MS 596 PEACE ACADEMY","JUNIOR HIGH-INTERMEDIATE-MIDDLE","0",,,,,
"2014-15","13K605","13K605 - GEORGE WESTINGHOUSE CAREER AND TECHNICAL EDUCATION","HIGH SCHOOL","1","1",,,,
"2014-15","13K616","13K616 - BROOKLYN HIGH SCHOOL FOR LEADERSHIP AND COMMUNITY","HIGH SCHOOL","0",,,,,
"2014-15","13K670","13K670 - BENJAMIN BANNEKER ACADEMY","HIGH SCHOOL","0",,,,,
"2014-15","13K674","13K674 - CITY POLYTECHNIC HIGH SCHOOL OF ENGINEERING, ARCHI","HIGH SCHOOL","1","1",,,,
"2014-15","13K691","13K691 - FORT GREENE PREPARATORY ACADEMY","JUNIOR HIGH-INTERMEDIATE-MIDDLE","0",,,,,
"2014-15","14K016","14K016 - P.S. 016 LEONARD DUNKLY","ELEMENTARY","0",,,,,
"2014-15","14K017","14K017 - P.S. 017 HENRY D. WOODWORTH","ELEMENTARY","1","1",,,,
"2014-15","14K018","14K018 - P.S. 018 EDWARD BUSH","ELEMENTARY","0",,,,,
"2014-15","14K019","14K019 - P.S. 019 ROBERTO CLEMENTE","ELEMENTARY","1","1",,"1",,
"2014-15","14K023","14K023 - P.S. 023 CARTER G. WOODSON","ELEMENTARY","1","1",,"1",,
"2014-15","14K031","14K031 - P.S. 031 SAMUEL F. DUPONT","ELEMENTARY","0",,,,,
"2014-15","14K034","14K034 - P.S. 034 OLIVER H. PERRY","ELEMENTARY","0.6",,"0.6",,"0.6",
"2014-15","14K050","14K050 - J.H.S. 050 JOHN D. WELLS","JUNIOR HIGH-INTERMEDIATE-MIDDLE","0",,,,,
"2014-15","14K059","14K059 - P.S. 059 WILLIAM FLOYD","ELEMENTARY","0",,,,,
"2014-15","14K071","14K071 - JUAN MOREL CAMPOS SECONDARY SCHOOL","SECONDARY SCHOOL","1","1",,,,
"2014-15","14K084","14K084 - P.S. 084 JOSE DE DIEGO","ELEMENTARY","1","1",,"1",,
"2014-15","14K110","14K110 - P.S. 110 THE MONITOR","ELEMENTARY","0",,,,,
"2014-15","14K120","14K120 - P.S. 120 CARLOS TAPIA","ELEMENTARY","1","1",,"1",,
"2014-15","14K126","14K126 - JOHN ERICSSON MIDDLE SCHOOL 126","JUNIOR HIGH-INTERMEDIATE-MIDDLE","0",,,,,
"2014-15","14K132","14K132 - P.S. 132 THE CONSELYEA SCHOOL","ELEMENTARY","1","1",,"1",,
"2014-15","14K147","14K147 - P.S. 147 ISAAC REMSEN","ELEMENTARY","0.6",,"0.6",,"0.6",
"2014-15","14K157","14K157 - P.S./I.S. 157 THE BENJAMIN FRANKLIN HEALTH & SCIEN","K-8","0",,,,,
"2014-15","14K196","14K196 - P.S. 196 TEN EYCK","ELEMENTARY","1","1",,,,
"2014-15","14K250","14K250 - P.S. 250 GEORGE H. LINDSAY","ELEMENTARY","1","1",,"1",,
"2014-15","14K257","14K257 - P.S. 257 JOHN F. HYLAN","ELEMENTARY","1","1",,"1",,
"2014-15","14K297","14K297 - P.S. 297 ABRAHAM STOCKTON","ELEMENTARY","1","1",,"1",,
"2014-15","14K318","14K318 - I.S. 318 EUGENIO MARIA DE HOSTOS","JUNIOR HIGH-INTERMEDIATE-MIDDLE","1","1",,,,
"2014-15","14K319","14K319 - P.S. 319","EARLY CHILDHOOD","0",,,,,
"2014-15","14K322","14K322 - FOUNDATIONS ACADEMY","HIGH SCHOOL","0.5",,"0.5",,,
"2014-15","14K330","14K330 - THE SCHOOL FOR THE URBAN ENVIRONMENT","JUNIOR HIGH-INTERMEDIATE-MIDDLE","1","1",,,,
"2014-15","14K380","14K380 - P.S. 380 JOHN WAYNE ELEMENTARY","ELEMENTARY","2","2",,"1",,
"2014-15","14K414","14K414 - BROOKLYN ARBOR ELEMENTARY SCHOOL","ELEMENTARY","1","1",,,,
"2014-15","14K449","14K449 - BROOKLYN LATIN SCHOOL, THE","HIGH SCHOOL","0",,,,,
"2014-15","14K454","14K454 - GREEN SCHOOL: AN ACADEMY FOR ENVIRONMENTAL CAREERS","HIGH SCHOOL","0",,,,,
"2014-15","14K474","14K474 - PROGRESS HIGH SCHOOL FOR PROFESSIONAL CAREERS","HIGH SCHOOL","2","2",,,,
"2014-15","14K477","14K477 - SCHOOL FOR LEGAL STUDIES","HIGH SCHOOL","0",,,,,
"2014-15","14K478","14K478 - THE HIGH SCHOOL FOR ENTERPRISE, BUSINESS AND TECHN","HIGH SCHOOL","0",,,,,
"2014-15","14K488","14K488 - BROOKLYN PREPARATORY HIGH SCHOOL","HIGH SCHOOL","0",,,,,
"2014-15","14K558","14K558 - WILLIAMSBURG HIGH SCHOOL FOR ARCHITECTURE AND DESI","HIGH SCHOOL","1","1",,,,
"2014-15","14K561","14K561 - WILLIAMSBURG PREPARATORY SCHOOL","HIGH SCHOOL","1","1",,,,
"2014-15","14K577","14K577 - CONSELYEA PREPARATORY SCHOOL","JUNIOR HIGH-INTERMEDIATE-MIDDLE","1","1",,,,
"2014-15","14K582","14K582 - M.S. 582","JUNIOR HIGH-INTERMEDIATE-MIDDLE","0",,,,,
"2014-15","14K586","14K586 - LYONS COMMUNITY SCHOOL","SECONDARY SCHOOL","1","1",,"1",,
"2014-15","14K610","14K610 - AUTOMOTIVE HIGH SCHOOL","HIGH SCHOOL","2","2",,"1",,
"2014-15","14K614","14K614 - YOUNG WOMEN'S LEADERSHIP SCHOOL OF BROOKLYN","SECONDARY SCHOOL","2","2",,,,
"2014-15","14K632","14K632 - FRANCES PERKINS ACADEMY","HIGH SCHOOL","0",,,,,
"2014-15","14K685","14K685 - EL PUENTE ACADEMY FOR PEACE AND JUSTICE","HIGH SCHOOL","1","1",,,,
"2014-15","15K001","15K001 - P.S. 001 THE BERGEN","ELEMENTARY","3","3",,"1",,
"2014-15","15K010","15K010 - MAGNET SCHOOL OF MATH, SCIENCE AND DESIGN TECHNOLO","ELEMENTARY","1","1",,,,
"2014-15","15K015","15K015 - P.S. 015 PATRICK F. DALY","ELEMENTARY","2","2",,"1",,
"2014-15","15K024","15K024 - P.S. 024","ELEMENTARY","2","2",,"2",,
"2014-15","15K029","15K029 - P.S. 029 JOHN M. HARRIGAN","ELEMENTARY","1","1",,,,
"2014-15","15K032","15K032 - P.S. 032 SAMUEL MILLS SPROLE","ELEMENTARY","2","2",,,,
"2014-15","15K038","15K038 - P.S. 038 THE PACIFIC","ELEMENTARY","0",,,,,
"2014-15","15K039","15K039 - P.S. 039 HENRY BRISTOW","ELEMENTARY","0",,,,,
"2014-15","15K051","15K051 - M.S. 51 WILLIAM ALEXANDER","JUNIOR HIGH-INTERMEDIATE-MIDDLE","1","1",,,,
"2014-15","15K058","15K058 - P.S. 058 THE CARROLL","ELEMENTARY","1","1",,,,
"2014-15","15K088","15K088 - J.H.S. 088 PETER ROUGET","JUNIOR HIGH-INTERMEDIATE-MIDDLE","1","1",,"1",,
"2014-15","15K094","15K094 - P.S. 094 THE HENRY LONGFELLOW","ELEMENTARY","1","1",,"1",,
"2014-15","15K107","15K107 - P.S. 107 JOHN W. KIMBALL","ELEMENTARY","0.4",,"0.4",,,
"2014-15","15K118","15K118 - THE MAURICE SENDAK COMMUNITY SCHOOL","ELEMENTARY","0",,,,,
"2014-15","15K124","15K124 - P.S. 124 SILAS B. DUTCHER","ELEMENTARY","0",,,,,
"2014-15","15K130","15K130 - P.S. 130 THE PARKSIDE","ELEMENTARY","1","1",,,,
"2014-15","15K131","15K131 - P.S. 131 BROOKLYN","ELEMENTARY","1","1",,"1",,
"2014-15","15K136","15K136 - I.S. 136 CHARLES O. DEWEY","JUNIOR HIGH-INTERMEDIATE-MIDDLE","0",,,,,
"2014-15","15K146","15K146 - P.S. 146","ELEMENTARY","1","1",,,,
"2014-15","15K154","15K154 - THE WINDSOR TERRACE SCHOOL","ELEMENTARY","1","1",,,,
"2014-15","15K169","15K169 - P.S. 169 SUNSET PARK","ELEMENTARY","1","1",,"1",,
"2014-15","15K172","15K172 - P.S. 172 BEACON SCHOOL OF EXCELLENCE","ELEMENTARY","1","1",,,,
"2014-15","15K230","15K230 - P.S. 230 DORIS L. COHEN","ELEMENTARY","1","1",,,,
"2014-15","15K261","15K261 - P.S. 261 PHILIP LIVINGSTON","ELEMENTARY","1","1",,,,
"2014-15","15K295","15K295 - P.S. 295","ELEMENTARY","2","2",,"1",,
"2014-15","15K321","15K321 - P.S. 321 WILLIAM PENN","ELEMENTARY","2","2",,,,
"2014-15","15K418","15K418 - THE CHILDREN'S SCHOOL","ELEMENTARY","0",,,,,
"2014-15","15K423","15K423 - BROOKLYN FRONTIERS HIGH SCHOOL","HIGH SCHOOL","0.7",,"0.7",,,
"2014-15","15K429","15K429 - BROOKLYN SCHOOL FOR GLOBAL STUDIES","SECONDARY SCHOOL","1","1",,,,
"2014-15","15K442","15K442 - M.S. 442 CARROLL GARDENS SCHOOL FOR INNOVATION","JUNIOR HIGH-INTERMEDIATE-MIDDLE","0",,,,,
"2014-15","15K443","15K443 - NEW VOICES SCHOOL OF ACADEMIC & CREATIVE ARTS","JUNIOR HIGH-INTERMEDIATE-MIDDLE","0",,,,,
"2014-15","15K447","15K447 - THE MATH & SCIENCE EXPLORATORY SCHOOL","JUNIOR HIGH-INTERMEDIATE-MIDDLE","2","2",,,,
"2014-15","15K448","15K448 - BROOKLYN SECONDARY SCHOOL FOR COLLABORATIVE STUDIE","SECONDARY SCHOOL","1","1",,,,
"2014-15","15K462","15K462 - SECONDARY SCHOOL FOR LAW","SECONDARY SCHOOL","0",,,,,
"2014-15","15K463","15K463 - SECONDARY SCHOOL FOR JOURNALISM","SECONDARY SCHOOL","1","1",,,,
"2014-15","15K464","15K464 - PARK SLOPE COLLEGIATE","SECONDARY SCHOOL","0",,,,,
"2014-15","15K497","15K497 - SCHOOL FOR INTERNATIONAL STUDIES","SECONDARY SCHOOL","0",,,,,
"2014-15","15K516","15K516 - SUNSET PARK AVENUES ELEMENTARY SCHOOL","ELEMENTARY","0",,,,,
"2014-15","15K519","15K519 - COBBLE HILL SCHOOL OF AMERICAN STUDIES","HIGH SCHOOL","1","1",,,,
"2014-15","26Q094","26Q094 - P.S. 094 DAVID D. PORTER","ELEMENTARY","0",,,,,
"2014-15","15K529","15K529 - WEST BROOKLYN COMMUNITY HIGH SCHOOL","HIGH SCHOOL","0",,,,,
"2014-15","15K592","15K592 - KHALIL GIBRAN INTERNATIONAL ACADEMY","HIGH SCHOOL","0",,,,,
"2014-15","15K656","15K656 - BROOKLYN HIGH SCHOOL OF THE ARTS","HIGH SCHOOL","1","1",,,,
"2014-15","15K667","15K667 - SUNSET PARK HIGH SCHOOL","HIGH SCHOOL","1","1",,,,
"2014-15","15K676","15K676 - RED HOOK NEIGHBORHOOD SCHOOL","ELEMENTARY","1","1",,"1",,
"2014-15","15K684","15K684 - MILLENNIUM BROOKLYN HS","HIGH SCHOOL","2","2",,,,
"2014-15","15K698","15K698 - SOUTH BROOKLYN COMMUNITY HIGH SCHOOL","HIGH SCHOOL","0",,,,,
"2014-15","15K821","15K821 - SUNSET PARK PREP","JUNIOR HIGH-INTERMEDIATE-MIDDLE","1","1",,,,
"2014-15","16K005","16K005 - P.S. 005 DR. RONALD MCNAIR","ELEMENTARY","2","2",,,,
"2014-15","16K021","16K021 - P.S. 021 CRISPUS ATTUCKS","ELEMENTARY","0",,,,,
"2014-15","16K025","16K025 - P.S. 025 EUBIE BLAKE SCHOOL","ELEMENTARY","1","1",,,,
"2014-15","16K026","16K026 - P.S. 026 JESSE OWENS","ELEMENTARY","1","1",,,,
"2014-15","16K028","16K028 - P.S. 028 THE WARREN PREP ACADEMY","ELEMENTARY","0",,,,,
"2014-15","16K035","16K035 - M.S. 035 STEPHEN DECATUR","JUNIOR HIGH-INTERMEDIATE-MIDDLE","0",,,,,
"2014-15","16K040","16K040 - P.S. 040 GEORGE W. CARVER","ELEMENTARY","0",,,,,
"2014-15","16K057","16K057 - J.H.S. 057 WHITELAW REID","JUNIOR HIGH-INTERMEDIATE-MIDDLE","0",,,,,
"2014-15","16K081","16K081 - P.S. 081 THADDEUS STEVENS","ELEMENTARY","1","1",,"1",,
"2014-15","16K243","16K243 - P.S. 243K- THE WEEKSVILLE SCHOOL","ELEMENTARY","2","2",,"1",,
"2014-15","16K262","16K262 - P.S. 262 EL HAJJ MALIK EL SHABAZZ ELEMENTARY SCHOO","ELEMENTARY","0",,,,,
"2014-15","16K267","16K267 - M.S. 267 MATH, SCIENCE & TECHNOLOGY","JUNIOR HIGH-INTERMEDIATE-MIDDLE","0",,,,,
"2014-15","16K308","16K308 - P.S. 308 CLARA CARDWELL","K-8","1","1",,,,
"2014-15","16K309","16K309 - P.S. 309 THE GEORGE E. WIBECAN PREPARATORY ACADEMY","ELEMENTARY","0",,,,,
"2014-15","16K335","16K335 - P.S. 335 GRANVILLE T. WOODS","ELEMENTARY","1","1",,,,
"2014-15","16K385","16K385 - SCHOOL OF BUSINESS, FINANCE AND ENTREPRENEURSHIP","JUNIOR HIGH-INTERMEDIATE-MIDDLE","1","1",,,,
"2014-15","16K393","16K393 - FREDERICK DOUGLASS ACADEMY IV SECONDARY SCHOOL","SECONDARY SCHOOL","0",,,,,
"2014-15","16K455","16K455 - BOYS AND GIRLS HIGH SCHOOL","HIGH SCHOOL","3","3",,,,
"2014-15","16K498","16K498 - BROOKLYN HIGH SCHOOL FOR LAW AND TECHNOLOGY","HIGH SCHOOL","0",,,,,
"2014-15","16K534","16K534 - UPPER SCHOOL @ P.S. 25","JUNIOR HIGH-INTERMEDIATE-MIDDLE","0",,,,,
"2014-15","16K584","16K584 - M.S. 584","JUNIOR HIGH-INTERMEDIATE-MIDDLE","0",,,,,
"2014-15","16K594","16K594 - GOTHAM PROFESSIONAL ARTS ACADEMY","HIGH SCHOOL","2","2",,,,
"2014-15","16K627","16K627 - BRIGHTER CHOICE COMMUNITY SCHOOL","ELEMENTARY","0",,,,,
"2014-15","16K628","16K628 - BROOKLYN BROWNSTONE SCHOOL","EARLY CHILDHOOD","0",,,,,
"2014-15","16K636","16K636 - YOUNG SCHOLARS' ACADEMY FOR DISCOVERY AND EXPLORAT","ELEMENTARY","0",,,,,
"2014-15","16K669","16K669 - RESEARCH AND SERVICE HIGH SCHOOL","HIGH SCHOOL","0",,,,,
"2014-15","16K681","16K681 - MADIBA PREP MIDDLE SCHOOL","JUNIOR HIGH-INTERMEDIATE-MIDDLE","0",,,,,
"2014-15","16K688","16K688 - THE BROOKLYN ACADEMY OF GLOBAL FINANCE","HIGH SCHOOL","0",,,,,
"2014-15","16K765","16K765 - NELSON MANDELA HIGH SCHOOL","HIGH SCHOOL","0",,,,,
"2014-15","17K002","17K002 - PARKSIDE PREPARATORY ACADEMY","JUNIOR HIGH-INTERMEDIATE-MIDDLE","0",,,,,
"2014-15","17K006","17K006 - P.S. 006","ELEMENTARY","0.5",,"0.5",,"0.5",
"2014-15","17K012","17K012 - DR. JACQUELINE PEEK-DAVIS SCHOOL","ELEMENTARY","1","1",,,,
"2014-15","17K061","17K061 - M.S. 061 DR. GLADSTONE H. ATWELL","JUNIOR HIGH-INTERMEDIATE-MIDDLE","0",,,,,
"2014-15","17K091","17K091 - P.S. 091 THE ALBANY AVENUE SCHOOL","ELEMENTARY","1","1",,,,
"2014-15","17K092","17K092 - P.S. 092 ADRIAN HEGEMAN","ELEMENTARY","0",,,,,
"2014-15","17K122","17K122 - PATHWAYS IN TECHNOLOGY EARLY COLLEGE HIGH SCHOOL (","HIGH SCHOOL","0",,,,,
"2014-15","17K138","17K138 - P.S. 138 BROOKLYN","K-8","2","2",,,,
"2014-15","17K161","17K161 - P.S. 161 THE CROWN","K-8","1","1",,,,
"2014-15","17K167","17K167 - P.S. 167 THE PARKWAY","ELEMENTARY","1.4","1","0.4",,,
"2014-15","17K181","17K181 - P.S. 181 BROOKLYN","K-8","1","1",,,,
"2014-15","17K189","17K189 - P.S. 189 THE BILINGUAL CENTER","K-8","1","1",,,,
"2014-15","17K191","17K191 - P.S. 191 PAUL ROBESON","ELEMENTARY","0",,,,,
"2014-15","17K221","17K221 - P.S. 221 TOUSSAINT L'OUVERTURE","ELEMENTARY","0",,,,,
"2014-15","17K241","17K241 - P.S. 241 EMMA L. JOHNSTON","ELEMENTARY","1","1",,,,
"2014-15","17K246","17K246 - M.S. 246 WALT WHITMAN","JUNIOR HIGH-INTERMEDIATE-MIDDLE","1","1",,,,
"2014-15","17K249","17K249 - P.S. 249 THE CATON","ELEMENTARY","0",,,,,
"2014-15","17K289","17K289 - P.S. 289 GEORGE V. BROWER","ELEMENTARY","1","1",,,,
"2014-15","17K316","17K316 - P.S. 316 ELIJAH STROUD","ELEMENTARY","1","1",,,,
"2014-15","17K334","17K334 - MIDDLE SCHOOL FOR ACADEMIC AND SOCIAL EXCELLENCE","JUNIOR HIGH-INTERMEDIATE-MIDDLE","0",,,,,
"2014-15","17K340","17K340 - I.S. 340","JUNIOR HIGH-INTERMEDIATE-MIDDLE","0",,,,,
"2014-15","17K352","17K352 - EBBETS FIELD MIDDLE SCHOOL","JUNIOR HIGH-INTERMEDIATE-MIDDLE","0",,,,,
"2014-15","17K353","17K353 - ELIJAH STROUD MIDDLE SCHOOL","JUNIOR HIGH-INTERMEDIATE-MIDDLE","0",,,,,
"2014-15","17K354","17K354 - THE SCHOOL OF INTEGRATED LEARNING","JUNIOR HIGH-INTERMEDIATE-MIDDLE","0",,,,,
"2014-15","17K375","17K375 - P.S. 375 JACKIE ROBINSON SCHOOL","ELEMENTARY","2","2",,,,
"2014-15","17K382","17K382 - ACADEMY FOR COLLEGE PREPARATION AND CAREER EXPLORA","SECONDARY SCHOOL","0",,,,,
"2014-15","17K394","17K394 - M.S. K394","K-8","0",,,,,
"2014-15","17K397","17K397 - P.S. 397 FOSTER-LAURIE","ELEMENTARY","0",,,,,
"2014-15","17K398","17K398 - P.S. 398 WALTER WEAVER","ELEMENTARY","1","1",,,,
"2014-15","17K399","17K399 - P.S. 399 STANLEY EUGENE CLARK","ELEMENTARY","0",,,,,
"2014-15","17K408","17K408 - ACADEMY OF HOSPITALITY AND TOURISM","HIGH SCHOOL","0",,,,,
"2014-15","17K484","17K484 - RONALD EDMONDS LEARNING CENTER II","JUNIOR HIGH-INTERMEDIATE-MIDDLE","1","1",,,,
"2014-15","17K489","17K489 - W.E.B. DUBOIS ACADEMIC HIGH SCHOOL","HIGH SCHOOL","0",,,,,
"2014-15","17K524","17K524 - INTERNATIONAL HIGH SCHOOL AT PROSPECT HEIGHTS","HIGH SCHOOL","2","2",,,,
"2014-15","17K528","17K528 - THE HIGH SCHOOL FOR GLOBAL CITIZENSHIP","HIGH SCHOOL","0",,,,,
"2014-15","17K531","17K531 - SCHOOL FOR HUMAN RIGHTS, THE","SECONDARY SCHOOL","1","1",,,,
"2014-15","17K532","17K532 - NEW BRIDGES ELEMENTARY","ELEMENTARY","0",,,,,
"2014-15","17K533","17K533 - SCHOOL FOR DEMOCRACY AND  LEADERSHIP","SECONDARY SCHOOL","2","2",,,,
"2014-15","17K537","17K537 - HIGH SCHOOL FOR YOUTH AND COMMUNITY DEVELOPMENT AT","HIGH SCHOOL","1","1",,,,
"2014-15","17K539","17K539 - HIGH SCHOOL FOR SERVICE & LEARNING AT ERASMUS","HIGH SCHOOL","0",,,,,
"2014-15","17K543","17K543 - SCIENCE, TECHNOLOGY AND RESEARCH EARLY COLLEGE HIG","SECONDARY SCHOOL","0",,,,,
"2014-15","17K544","17K544 - INTERNATIONAL ARTS BUSINESS SCHOOL","HIGH SCHOOL","1","1",,,,
"2014-15","17K546","17K546 - HIGH SCHOOL FOR PUBLIC SERVICE: HEROES  OF TOMORRO","HIGH SCHOOL","1","1",,,,
"2014-15","17K547","17K547 - BROOKLYN ACADEMY OF SCIENCE AND THE ENVIRONMENT","HIGH SCHOOL","0",,,,,
"2014-15","17K548","17K548 - BROOKLYN SCHOOL FOR MUSIC & THEATRE","HIGH SCHOOL","0",,,,,
"2014-15","17K568","17K568 - BROWNSVILLE ACADEMY HIGH SCHOOL","HIGH SCHOOL","1","1",,,,
"2014-15","17K590","17K590 - MEDGAR EVERS COLLEGE PREPARATORY SCHOOL","SECONDARY SCHOOL","0",,,,,
"2014-15","17K600","17K600 - CLARA BARTON HIGH SCHOOL","HIGH SCHOOL","2","2",,,,
"2014-15","17K705","17K705 - BROOKLYN ARTS AND SCIENCE ELEMENTARY SCHOOL","ELEMENTARY","1","1",,,,
"2014-15","17K722","17K722 - NEW HEIGHTS MIDDLE SCHOOL","JUNIOR HIGH-INTERMEDIATE-MIDDLE","2","2",,,,
"2014-15","17K745","17K745 - BROOKLYN INSTITUTE FOR LIBERAL ARTS","HIGH SCHOOL","0",,,,,
"2014-15","17K751","17K751 - ACADEMY FOR HEALTH CAREERS","HIGH SCHOOL","0",,,,,
"2014-15","17K770","17K770 - P.S. 770 NEW AMERICAN ACADEMY","ELEMENTARY","0",,,,,
"2014-15","18K066","18K066 - P.S. 66","K-8","0",,,,,
"2014-15","18K068","18K068 - I.S. 068 ISAAC BILDERSEE","JUNIOR HIGH-INTERMEDIATE-MIDDLE","0",,,,,
"2014-15","18K114","18K114 - P.S. 114 RYDER ELEMENTARY","ELEMENTARY","1","1",,"1",,
"2014-15","18K115","18K115 - P.S. 115 DANIEL MUCATEL SCHOOL","ELEMENTARY","1","1",,,,
"2014-15","18K135","18K135 - P.S. 135 SHELDON A. BROOKNER","ELEMENTARY","1","1",,"1",,
"2014-15","18K208","18K208 - P.S. 208 ELSA EBELING","ELEMENTARY","0",,,,,
"2014-15","18K211","18K211 - I.S. 211 JOHN WILSON","JUNIOR HIGH-INTERMEDIATE-MIDDLE","1","1",,,,
"2014-15","18K219","18K219 - P.S. 219 KENNEDY-KING","ELEMENTARY","1","1",,,,
"2014-15","18K233","18K233 - P.S. 233 LANGSTON HUGHES","ELEMENTARY","1","1",,,,
"2014-15","18K235","18K235 - P.S. 235 LENOX SCHOOL","K-8","1","1",,,,
"2014-15","18K244","18K244 - P.S. 244 RICHARD R. GREEN","ELEMENTARY","1","1",,"1",,
"2014-15","18K268","18K268 - P.S. 268 EMMA LAZARUS","ELEMENTARY","1","1",,,,
"2014-15","18K272","18K272 - P.S. 272 CURTIS ESTABROOK","ELEMENTARY","0",,,,,
"2014-15","18K276","18K276 - P.S. 276 LOUIS MARSHALL","ELEMENTARY","1","1",,,,
"2014-15","18K279","18K279 - P.S. 279 HERMAN SCHREIBER","ELEMENTARY","0",,,,,
"2014-15","18K285","18K285 - I.S. 285 MEYER LEVIN","JUNIOR HIGH-INTERMEDIATE-MIDDLE","0",,,,,
"2014-15","18K366","18K366 - THE SCIENCE AND MEDICINE MIDDLE SCHOOL","JUNIOR HIGH-INTERMEDIATE-MIDDLE","0",,,,,
"2014-15","18K563","18K563 - IT TAKES A VILLAGE ACADEMY","HIGH SCHOOL","0",,,,,
"2014-15","18K566","18K566 - BROOKLYN GENERATION SCHOOL","HIGH SCHOOL","2.2","2","0.2",,"0.2",
"2014-15","18K567","18K567 - BROOKLYN THEATRE ARTS HIGH SCHOOL","HIGH SCHOOL","1.2","1","0.2",,"0.2",
"2014-15","18K569","18K569 - KURT HAHN EXPEDITIONARY LEARNING SCHOOL","HIGH SCHOOL","0",,,,,
"2014-15","18K576","18K576 - VICTORY COLLEGIATE HIGH SCHOOL","HIGH SCHOOL","1.2","1","0.2",,"0.2",
"2014-15","18K578","18K578 - BROOKLYN BRIDGE ACADEMY","HIGH SCHOOL","0.2",,"0.2",,"0.2",
"2014-15","18K581","18K581 - EAST FLATBUSH COMMUNITY RESEARCH SCHOOL","JUNIOR HIGH-INTERMEDIATE-MIDDLE","0",,,,,
"2014-15","18K588","18K588 - MIDDLE SCHOOL FOR ART AND PHILOSOPHY","JUNIOR HIGH-INTERMEDIATE-MIDDLE","0",,,,,
"2014-15","18K589","18K589 - ARTS & MEDIA PREPARATORY ACADEMY","HIGH SCHOOL","0",,,,,
"2014-15","18K598","18K598 - MIDDLE SCHOOL OF MARKETING AND LEGAL STUDIES","JUNIOR HIGH-INTERMEDIATE-MIDDLE","0",,,,,
"2014-15","18K617","18K617 - HIGH SCHOOL FOR INNOVATION IN ADVERTISING AND MEDI","HIGH SCHOOL","0",,,,,
"2014-15","18K629","18K629 - CULTURAL ACADEMY FOR THE ARTS AND SCIENCES","HIGH SCHOOL","0",,,,,
"2014-15","18K633","18K633 - HIGH SCHOOL FOR MEDICAL PROFESSIONS","HIGH SCHOOL","2","2",,,,
"2014-15","18K635","18K635 - OLYMPUS ACADEMY","HIGH SCHOOL","0",,,,,
"2014-15","18K637","18K637 - ACADEMY FOR CONSERVATION AND THE ENVIRONMENT","HIGH SCHOOL","0.2",,"0.2",,"0.2",
"2014-15","18K642","18K642 - URBAN ACTION ACADEMY","HIGH SCHOOL","0",,,,,
"2014-15","18K673","18K673 - EAST BROOKLYN COMMUNITY HIGH SCHOOL","HIGH SCHOOL","0",,,,,
"2014-15","18K763","18K763 - BROOKLYN SCIENCE AND ENGINEERING ACADEMY","JUNIOR HIGH-INTERMEDIATE-MIDDLE","0",,,,,
"2014-15","19K007","19K007 - P.S. 007 ABRAHAM LINCOLN","ELEMENTARY","1","1",,"1",,
"2014-15","19K013","19K013 - P.S. 013 ROBERTO CLEMENTE","ELEMENTARY","1","1",,,,
"2014-15","19K065","19K065 - P.S. 065","ELEMENTARY","0",,,,,
"2014-15","19K089","19K089 - P.S. 089 CYPRESS HILLS","K-8","0",,,,,
"2014-15","19K108","19K108 - P.S. 108 SAL ABBRACCIAMENTO","ELEMENTARY","1","1",,"1",,
"2014-15","19K149","19K149 - P.S. 149 DANNY KAYE","ELEMENTARY","0",,,,,
"2014-15","19K158","19K158 - P.S. 158 WARWICK","ELEMENTARY","0",,,,,
"2014-15","19K159","19K159 - P.S. 159 ISAAC PITKIN","ELEMENTARY","1","1",,,,
"2014-15","19K166","19K166 - J.H.S. 166 GEORGE GERSHWIN","JUNIOR HIGH-INTERMEDIATE-MIDDLE","0",,,,,
"2014-15","19K171","19K171 - I.S. 171 ABRAHAM LINCOLN","JUNIOR HIGH-INTERMEDIATE-MIDDLE","1","1",,,,
"2014-15","19K174","19K174 - P.S. 174 DUMONT","K-8","0",,,,,
"2014-15","19K190","19K190 - P.S. 190 SHEFFIELD","ELEMENTARY","0",,,,,
"2014-15","19K202","19K202 - P.S. 202 ERNEST S. JENKYNS","K-8","1","1",,,,
"2014-15","19K213","19K213 - P.S. 213 NEW LOTS","ELEMENTARY","1","1",,,,
"2014-15","19K214","19K214 - P.S. 214 MICHAEL FRIEDSAM","ELEMENTARY","0",,,,,
"2014-15","19K218","19K218 - J.H.S. 218 JAMES P. SINNOTT","JUNIOR HIGH-INTERMEDIATE-MIDDLE","1","1",,,,
"2014-15","19K224","19K224 - P.S. 224 HALE A. WOODRUFF","ELEMENTARY","1","1",,,,
"2014-15","19K273","19K273 - P.S. 273 WORTMAN","ELEMENTARY","1","1",,,,
"2014-15","19K290","19K290 - P.S. 290 JUAN MOREL CAMPOS","ELEMENTARY","0",,,,,
"2014-15","19K292","19K292 - J.H.S. 292 MARGARET S. DOUGLAS","JUNIOR HIGH-INTERMEDIATE-MIDDLE","0",,,,,
"2014-15","19K302","19K302 - J.H.S. 302 RAFAEL CORDERO","JUNIOR HIGH-INTERMEDIATE-MIDDLE","1","1",,,,
"2014-15","19K306","19K306 - P.S. 306 ETHAN ALLEN","K-8","2","2",,,,
"2014-15","19K311","19K311 - ESSENCE SCHOOL","JUNIOR HIGH-INTERMEDIATE-MIDDLE","1","1",,,,
"2014-15","19K325","19K325 - THE FRESH CREEK SCHOOL","ELEMENTARY","0",,,,,
"2014-15","19K328","19K328 - P.S. 328 PHYLLIS WHEATLEY","ELEMENTARY","1","1",,,,
"2014-15","19K345","19K345 - P.S. 345 PATROLMAN ROBERT BOLDEN","ELEMENTARY","0",,,,,
"2014-15","19K346","19K346 - P.S. 346 ABE STARK","ELEMENTARY","1","1",,,,
"2014-15","19K364","19K364 - I.S. 364 GATEWAY","JUNIOR HIGH-INTERMEDIATE-MIDDLE","0",,,,,
"2014-15","19K404","19K404 - ACADEMY FOR YOUNG WRITERS","HIGH SCHOOL","0",,,,,
"2014-15","19K409","19K409 - EAST NEW YORK FAMILY ACADEMY","SECONDARY SCHOOL","0",,,,,
"2014-15","19K422","19K422 - SPRING CREEK COMMUNITY SCHOOL","SECONDARY SCHOOL","0",,,,,
"2014-15","19K452","19K452 - FREDERICK DOUGLASS ACADEMY VIII MIDDLE SCHOOL","JUNIOR HIGH-INTERMEDIATE-MIDDLE","0",,,,,
"2014-15","19K502","19K502 - FDNY HIGH SCHOOL FOR FIRE AND LIFE SAFETY","HIGH SCHOOL","1","1",,,,
"2014-15","19K504","19K504 - HIGH SCHOOL FOR CIVIL RIGHTS","HIGH SCHOOL","0",,,,,
"2014-15","19K507","19K507 - PERFORMING ARTS AND TECHNOLOGY HIGH SCHOOL","HIGH SCHOOL","0",,,,,
"2014-15","19K510","19K510 - WORLD ACADEMY FOR TOTAL COMMUNITY HEALTH HIGH SCHO","HIGH SCHOOL","0",,,,,
"2014-15","19K557","19K557 - BROOKLYN GARDENS ELEMENTARY SCHOOL","ELEMENTARY","1","1",,,,
"2014-15","19K583","19K583 - MULTICULTURAL HIGH SCHOOL","HIGH SCHOOL","0",,,,,
"2014-15","19K615","19K615 - TRANSIT TECH CAREER AND TECHNICAL EDUCATION HIGH S","HIGH SCHOOL","1","1",,,,
"2014-15","19K618","19K618 - ACADEMY OF INNOVATIVE TECHNOLOGY","HIGH SCHOOL","0",,,,,
"2014-15","19K639","19K639 - BROOKLYN LAB SCHOOL","HIGH SCHOOL","0",,,,,
"2014-15","19K654","19K654 - VAN SICLEN COMMUNITY MIDDLE SCHOOL","JUNIOR HIGH-INTERMEDIATE-MIDDLE","1","1",,,,
"2014-15","19K659","19K659 - CYPRESS HILLS COLLEGIATE PREPARATORY SCHOOL","HIGH SCHOOL","0",,,,,
"2014-15","19K660","19K660 - W. H. MAXWELL CAREER AND TECHNICAL EDUCATION HIGH","HIGH SCHOOL","0",,,,,
"2014-15","19K661","19K661 - VISTA ACADEMY","JUNIOR HIGH-INTERMEDIATE-MIDDLE","0",,,,,
"2014-15","19K662","19K662 - LIBERTY AVENUE MIDDLE SCHOOL","JUNIOR HIGH-INTERMEDIATE-MIDDLE","0",,,,,
"2014-15","19K663","19K663 - SCHOOL OF THE FUTURE BROOKLYN","JUNIOR HIGH-INTERMEDIATE-MIDDLE","0",,,,,
"2014-15","19K677","19K677 - EAST NEW YORK ELEMENTARY SCHOOL OF EXCELLENCE","ELEMENTARY","1","1",,,,
"2014-15","19K678","19K678 - EAST NEW YORK MIDDLE SCHOOL OF EXCELLENCE","JUNIOR HIGH-INTERMEDIATE-MIDDLE","0",,,,,
"2014-15","19K683","19K683 - THE SCHOOL FOR CLASSICS: AN ACADEMY OF THINKERS, W","HIGH SCHOOL","0",,,,,
"2014-15","19K760","19K760 - HIGHLAND PARK COMMUNITY SCHOOL","JUNIOR HIGH-INTERMEDIATE-MIDDLE","1","1",,,,
"2014-15","19K764","19K764 - THE URBAN ASSEMBLY SCHOOL FOR COLLABORATIVE HEALTH","HIGH SCHOOL","1","1",,,,
"2014-15","20K030","20K030 - PS/IS 30 MARY WHITE OVINGTON","K-8","0",,,,,
"2014-15","20K048","20K048 - P.S. 048 MAPLETON","ELEMENTARY","1","1",,"1",,
"2014-15","20K062","20K062 - J.H.S. 062 DITMAS","JUNIOR HIGH-INTERMEDIATE-MIDDLE","0",,,,,
"2014-15","20K069","20K069 - P.S. 69 VINCENT D. GRIPPO SCHOOL","ELEMENTARY","0",,,,,
"2014-15","20K102","20K102 - P.S. 102 THE BAYVIEW","ELEMENTARY","1","1",,,,
