uid,name,cat_L1,cat_L2,province,city,area,address,street_id,detail,child_num,loc_lng,loc_lat,telephone,type,detail_url,price,shop_hours,overall_rating,taste_rating,service_rating,environment_rating,facility_rating,hygiene_rating,technology_rating,image_num,comment_num,groupon_num,discount_num,favorite_num,checkin_num,brand,content_tag,naviloc_lng,naviloc_lat,child_num
2e877784953da1d3fc0eb0e2,勐巴拉娜西热带植物馆-舞台,休闲娱乐,剧院,北京市,北京市,大兴区,北京市大兴区长子营镇104国道朱庄路口东行200米路北呀路古热带植物园内,,1,0,116.601257,39.665108,,life,http://api.map.baidu.com/place/detail?uid=2e877784953da1d3fc0eb0e2&output=html&source=placeapi_v2,,,,,,,,,,,,,,,,,,,,0
aa40108b9da6210cc4effbac,良乡影剧院,休闲娱乐,剧院,北京市,北京市,房山区,北京市房山区拱辰大街31号,aa40108b9da6210cc4effbac,1,2,116.147796,39.744383,"(010)69352415,(010)69353905",life,http://api.map.baidu.com/place/detail?uid=aa40108b9da6210cc4effbac&output=html&source=placeapi_v2,37,00:00-24:00,3.5,,,,,,,28,15,,,,,,,116.14824640043,39.744457241353,2
b5d310e47cb272de95ca07ca,北京理工大学良乡校区北校区演艺厅,休闲娱乐,剧院,北京市,北京市,房山区,北京市房山区良乡高教园区良乡东路北京理工大学良乡校区,b5d310e47cb272de95ca07ca,1,0,116.178516,39.739516,,life,http://api.map.baidu.com/place/detail?uid=b5d310e47cb272de95ca07ca&output=html&source=placeapi_v2,,,,,,,,,,,,,,,,,,116.17881831956,39.739521195052,0
fd007c5e6be26075a8f729d3,北京大兴剧院(帝园商场店),休闲娱乐,剧院,北京市,北京市,大兴区,北京市大兴区西大街15号,fd007c5e6be26075a8f729d3,1,5,116.344373,39.738275,(010)69252566,life,http://api.map.baidu.com/place/detail?uid=fd007c5e6be26075a8f729d3&output=html&source=placeapi_v2,43,08:30-21:00,4,,,,,,,30,27,,,,,,,116.34426268135,39.737569465867,5
92046d65b39b79669a0050ef,文化馆小剧场,休闲娱乐,剧院,北京市,北京市,大兴区,北京市大兴区西大街15号,92046d65b39b79669a0050ef,1,0,116.34486,39.737816,,life,http://api.map.baidu.com/place/detail?uid=92046d65b39b79669a0050ef&output=html&source=placeapi_v2,,,2.7,,,,,,,5,4,,,,,,,116.34485800009,39.737487063718,0
95c330890f858f8eb320a82b,北京御龙古今艺术剧院基地,休闲娱乐,剧院,北京市,北京市,房山区,北京市房山区,,1,0,116.125268,39.766584,,life,http://api.map.baidu.com/place/detail?uid=95c330890f858f8eb320a82b&output=html&source=placeapi_v2,,,,,,,,,,1,,,,,,,,116.12526462567,39.766589161289,0
0486d21073d86de300ec01ab,梦想剧场,休闲娱乐,剧院,北京市,北京市,房山区,北京市房山区昊天北大街8号院文化活动中心a区b座1层,0486d21073d86de300ec01ab,1,0,116.168608,39.765143,,life,http://api.map.baidu.com/place/detail?uid=0486d21073d86de300ec01ab&output=html&source=placeapi_v2,,,,,,,,,,1,,,,,,,,116.1683720757,39.764742771922,0
20141a496626d5c49ff77903,悉尼歌剧院,休闲娱乐,剧院,北京市,北京市,丰台区,北京市丰台区花乡丰葆路158号世界公园非洲景区内,20141a496626d5c49ff77903,1,0,116.296875,39.815214,,life,http://api.map.baidu.com/place/detail?uid=20141a496626d5c49ff77903&output=html&source=placeapi_v2,345,,4.9,,,,,,,4,22,,,,,,,116.29690838063,39.81511980387,0
e9c0c7678548f0e9d32dd6d9,艺术剧场,休闲娱乐,剧院,北京市,北京市,丰台区,北京市丰台区花乡丰葆路158号世界公园欧洲景区内,e9c0c7678548f0e9d32dd6d9,1,0,116.294371,39.818962,,life,http://api.map.baidu.com/place/detail?uid=e9c0c7678548f0e9d32dd6d9&output=html&source=placeapi_v2,,,5,,,,,,,3,1,,,,,,,116.29424887171,39.819211290353,0
170a7ef2e8e90596095cb370,博纳星辉剧院(北京城乡世纪广场店),休闲娱乐,剧院,北京市,北京市,大兴区,北京市大兴区科创五街38号北京城乡世纪广场F3,170a7ef2e8e90596095cb370,1,0,116.538809,39.807993,(010)67898168,life,http://api.map.baidu.com/place/detail?uid=170a7ef2e8e90596095cb370&output=html&source=placeapi_v2,184,,0,,,,,,,5,0,,,,,,,116.538344,39.809627084868,0
51d9e594ca23be1e41d63e7c,绿堤公园-南区百姓大舞台,休闲娱乐,剧院,北京市,北京市,丰台区,左堤路绿堤公园,,1,0,116.252418,39.828935,,life,http://api.map.baidu.com/place/detail?uid=51d9e594ca23be1e41d63e7c&output=html&source=placeapi_v2,,,,,,,,,,,,,,,,,,,,0
d59ac6389818cb0fdd1e5260,丰台影剧院,休闲娱乐,剧院,北京市,北京市,丰台区,北京市丰台区西四环南路88号,d59ac6389818cb0fdd1e5260,1,0,116.290553,39.858148,(010)63810206,life,http://api.map.baidu.com/place/detail?uid=d59ac6389818cb0fdd1e5260&output=html&source=placeapi_v2,41,00:00-24:00,0,,,,,,,,0,,,,,,,116.29038553459,39.858126153909,0
c2dc3c1a45c9a3a40e3ddab3,不务正夜剧本社,休闲娱乐,剧院,北京市,北京市,丰台区,北京市丰台区百强大道10号天龙华鹤2单元1707室,,1,0,116.298611,39.838838,15901311132,life,http://api.map.baidu.com/place/detail?uid=c2dc3c1a45c9a3a40e3ddab3&output=html&source=placeapi_v2,,13:00-23:00,,,,,,,,10,1,,,,,,,116.29833305185,39.83899859242,0
d219bb1d5444458bf50e7700,丰台青少年剧场,休闲娱乐,剧院,北京市,北京市,丰台区,北京市丰台区丰台路96号,d219bb1d5444458bf50e7700,1,0,116.290547,39.857928,(010)63810206,life,http://api.map.baidu.com/place/detail?uid=d219bb1d5444458bf50e7700&output=html&source=placeapi_v2,37,00:00-24:00,3.3,,,,,,,11,27,,,,,,,116.29039608988,39.857916956197,0
d920268830fcd0f331870ab1,纯京味儿艺术剧院排练厅,休闲娱乐,剧院,北京市,北京市,丰台区,北京市丰台区右安路北京世界花卉大观园,,1,0,116.35665,39.843656,,life,http://api.map.baidu.com/place/detail?uid=d920268830fcd0f331870ab1&output=html&source=placeapi_v2,,,,,,,,,,2,,,,,,,,,,0
28218fa3efb9013ed02dd61f,马家堡街道戏曲文化中心-小剧场,休闲娱乐,剧院,北京市,北京市,丰台区,北京市丰台区角门路南(星空高尔夫球会西),28218fa3efb9013ed02dd61f,1,1,116.373574,39.846971,(010)67560446,life,http://api.map.baidu.com/place/detail?uid=28218fa3efb9013ed02dd61f&output=html&source=placeapi_v2,,,0,,,,,,,11,1,,,,,,,116.37344880164,39.846274962456,1
e0c78bca339bf1946240a929,北方昆曲剧院(新天地写字楼东北),休闲娱乐,剧院,北京市,北京市,丰台区,北京市丰台区马家堡东路106号东院,e0c78bca339bf1946240a929,1,1,116.395383,39.849029,,life,http://api.map.baidu.com/place/detail?uid=e0c78bca339bf1946240a929&output=html&source=placeapi_v2,,,,,,,,,,5,,,,,,,,116.39541219709,39.848823411619,1
d920268830fcd0f331870ab1,纯京味儿艺术剧院排练厅,休闲娱乐,剧院,北京市,北京市,丰台区,北京市丰台区右安路北京世界花卉大观园,,1,0,116.35665,39.843656,,life,http://api.map.baidu.com/place/detail?uid=d920268830fcd0f331870ab1&output=html&source=placeapi_v2,,,,,,,,,,2,,,,,,,,,,0
e41c74cd787d325e3913fdec,马家堡街道戏曲文化中心,休闲娱乐,剧院,北京市,北京市,丰台区,北京市丰台区嘉园南街附近,e41c74cd787d325e3913fdec,1,0,116.373472,39.846735,13901086265,life,http://api.map.baidu.com/place/detail?uid=e41c74cd787d325e3913fdec&output=html&source=placeapi_v2,,,0,,,,,,,14,2,,,,,,,116.37393049641,39.846319081303,0
e0c78bca339bf1946240a929,北方昆曲剧院(新天地写字楼东北),休闲娱乐,剧院,北京市,北京市,丰台区,北京市丰台区马家堡东路106号东院,e0c78bca339bf1946240a929,1,1,116.395383,39.849029,,life,http://api.map.baidu.com/place/detail?uid=e0c78bca339bf1946240a929&output=html&source=placeapi_v2,,,,,,,,,,5,,,,,,,,116.39541219709,39.848823411619,1
02de1951956d6e84c6effb70,星博剧场,休闲娱乐,剧院,北京市,北京市,丰台区,北京市丰台区宋家庄地铁站政馨园三区56号楼负1层,,1,0,116.438417,39.851417,,life,http://api.map.baidu.com/place/detail?uid=02de1951956d6e84c6effb70&output=html&source=placeapi_v2,69,,0,,,,,,,1,0,,,,,,,116.43838783786,39.851638862853,0
c9403bb0ba04cfc8ae080f4c,国家大剧院台湖剧场,休闲娱乐,剧院,北京市,北京市,通州区,北京市通州区台湖西路6号,c9403bb0ba04cfc8ae080f4c,1,0,116.637849,39.843849,,life,http://api.map.baidu.com/place/detail?uid=c9403bb0ba04cfc8ae080f4c&output=html&source=placeapi_v2,,,4,,,,,,,2,1,,,,,,,116.63792159929,39.843825787193,0
91c8c0b5e8c1a1a11d1d1103,国家大剧院台湖舞美艺术中心,休闲娱乐,剧院,北京市,北京市,通州区,北京市通州区台湖西路6号,91c8c0b5e8c1a1a11d1d1103,1,3,116.638164,39.844725,,life,http://api.map.baidu.com/place/detail?uid=91c8c0b5e8c1a1a11d1d1103&output=html&source=placeapi_v2,,,5,,,,,,,4,3,,,,,,,116.63782665289,39.84364737189,3
c484decad29af462bea2400b,中国戏曲学院-小剧场,休闲娱乐,剧院,北京市,北京市,丰台区,北京市丰台区万泉寺400号院3号,c484decad29af462bea2400b,1,0,116.338631,39.868865,(010)63339858,life,http://api.map.baidu.com/place/detail?uid=c484decad29af462bea2400b&output=html&source=placeapi_v2,,,5,,,,,,,5,2,,,,,,,116.33874525567,39.868811453199,0
af1ae56b4f1379124207c1f0,北方昆曲剧院,休闲娱乐,剧院,北京市,北京市,西城区,北京市西城区陶然亭路14号,af1ae56b4f1379124207c1f0,1,2,116.382475,39.884379,(010)63522110,life,http://api.map.baidu.com/place/detail?uid=af1ae56b4f1379124207c1f0&output=html&source=placeapi_v2,,,4,,,,,,,17,18,,,,,,,116.38236076305,39.884750708589,2
72e57fd7ddffacaff8dc85f6,鑫融剧院,休闲娱乐,剧院,北京市,北京市,西城区,北京市西城区白纸坊街16号,72e57fd7ddffacaff8dc85f6,1,2,116.364413,39.882908,(010)63564404,life,http://api.map.baidu.com/place/detail?uid=72e57fd7ddffacaff8dc85f6&output=html&source=placeapi_v2,,16:00-20:00,5,,,,,,,11,4,,,,,,,116.3639179823,39.882812142473,2
a48d38a99620cbe9da2f28e0,中国歌剧舞剧院,休闲娱乐,剧院,北京市,北京市,西城区,北京市西城区南华东街2号家属区1单元,a48d38a99620cbe9da2f28e0,1,1,116.392035,39.888518,(010)63552594,life,http://api.map.baidu.com/place/detail?uid=a48d38a99620cbe9da2f28e0&output=html&source=placeapi_v2,,,,,,,,,,13,,,,,,,,116.39195241095,39.888513456994,1
6dc91022c64b46e1eb56fa4c,少儿戏剧场,休闲娱乐,剧院,北京市,北京市,丰台区,北京市丰台区马家堡东里北京戏曲艺术职业学院8号,6dc91022c64b46e1eb56fa4c,1,0,116.383567,39.86209,(010)67561657,life,http://api.map.baidu.com/place/detail?uid=6dc91022c64b46e1eb56fa4c&output=html&source=placeapi_v2,,09:00-17:00,0,,,,,,,25,0,,,,,,,116.38337837341,39.862089962681,0
5e53af1a5e9b305f4151c0f0,北京德云社剧场,休闲娱乐,剧院,北京市,北京市,西城区,北京市西城区北纬路甲1号,5e53af1a5e9b305f4151c0f0,1,1,116.404399,39.890319,,life,http://api.map.baidu.com/place/detail?uid=5e53af1a5e9b305f4151c0f0&output=html&source=placeapi_v2,293,09:00-21:00,3.9,,,,,,,42,68,,,,,,,116.40420440179,39.890036865671,1
979a209632811fd5f7eafc6f,天桥剧场,休闲娱乐,剧院,北京市,北京市,西城区,北京市西城区北纬路30号,979a209632811fd5f7eafc6f,1,4,116.402683,39.889537,4006228228,life,http://api.map.baidu.com/place/detail?uid=979a209632811fd5f7eafc6f&output=html&source=placeapi_v2,274,08:00-17:00,4.4,,,,,,,27,8,,,,,,,116.40365864167,39.889284111402,4
83fd02e24ddf644915a1909d,中国评剧大剧院,休闲娱乐,剧院,北京市,北京市,丰台区,北京市丰台区西罗园路西罗园四区19号,83fd02e24ddf644915a1909d,1,4,116.397394,39.86755,(010)87266331,life,http://api.map.baidu.com/place/detail?uid=83fd02e24ddf644915a1909d&output=html&source=placeapi_v2,128,10:30-24:00,4,,,,,,,51,19,,,,,,,116.39782827959,39.86724733072,4
9986d99041b373c21b11d5da,万胜剧场,休闲娱乐,剧院,北京市,北京市,西城区,北京市西城区北纬路95号101,9986d99041b373c21b11d5da,1,0,116.403783,39.890108,(010)63037449,life,http://api.map.baidu.com/place/detail?uid=9986d99041b373c21b11d5da&output=html&source=placeapi_v2,,,0,,,,,,,4,0,,,,,,,116.40377490666,39.889991995047,0
785c10b86e32578286420e41,北京天桥艺术中心,休闲娱乐,剧院,北京市,北京市,西城区,北京市西城区天桥南大街9号,785c10b86e32578286420e41,1,7,116.404481,39.88871,4006353355,life,http://api.map.baidu.com/place/detail?uid=785c10b86e32578286420e41&output=html&source=placeapi_v2,399,19:00-22:00,4.6,,,,,,,38,25,,,,,,,116.40495227167,39.888525181988,7
f427f5de627a013832f71d78,天桥小剧场,休闲娱乐,剧院,北京市,北京市,西城区,北京市西城区天桥南大街9号楼,,1,0,116.404399,39.8883,,life,http://api.map.baidu.com/place/detail?uid=f427f5de627a013832f71d78&output=html&source=placeapi_v2,,,,,,,,,,1,,,,,,,,116.40496672541,39.88832380028,0
5bfceb8779a2b9722b3a9fe3,全国地方戏演出中心,休闲娱乐,剧院,北京市,北京市,丰台区,北京市丰台区西罗园四区19号,5bfceb8779a2b9722b3a9fe3,1,0,116.397515,39.867313,(010)67229630,life,http://api.map.baidu.com/place/detail?uid=5bfceb8779a2b9722b3a9fe3&output=html&source=placeapi_v2,,,,,,,,,,5,,,,,,,,116.39751498836,39.867263828462,0
0564d02148ea01d3cae33c2a,卡文迪音乐厅(天桥艺术中心店),休闲娱乐,剧院,北京市,北京市,西城区,北京市西城区天桥南大街天桥艺术中心b1101号,0564d02148ea01d3cae33c2a,1,0,116.404554,39.887809,(010)63480500,life,http://api.map.baidu.com/place/detail?uid=0564d02148ea01d3cae33c2a&output=html&source=placeapi_v2,,09:30-20:00,5.0,,,,,,,4,3,,,,,,,116.40494585148,39.888613460949,0
16c74f13e939cd36fe0eb055,中国歌剧舞剧院30号院,休闲娱乐,剧院,北京市,北京市,朝阳区,北京市朝阳区华威路东架松,16c74f13e939cd36fe0eb055,1,2,116.462891,39.883694,,life,http://api.map.baidu.com/place/detail?uid=16c74f13e939cd36fe0eb055&output=html&source=placeapi_v2,,,,,,,,,,,,,,,,,,116.46288392394,39.883636979393,2
1c297ca07eb9b534a2a934df,中国歌剧舞剧院,休闲娱乐,剧院,北京市,北京市,朝阳区,北京市朝阳区华威路华威北里30号院30号楼9单元,,1,0,116.462961,39.883564,,life,http://api.map.baidu.com/place/detail?uid=1c297ca07eb9b534a2a934df&output=html&source=placeapi_v2,,,,,,,,,,3,,,,,,,,116.46271069202,39.883569271727,0
b3524153085b8b149703193a,首图剧场,休闲娱乐,剧院,北京市,北京市,朝阳区,北京市朝阳区东三环南路88号b座,b3524153085b8b149703193a,1,0,116.469213,39.875842,,life,http://api.map.baidu.com/place/detail?uid=b3524153085b8b149703193a&output=html&source=placeapi_v2,,09:00-19:00,0,,,,,,,1,0,,,,,,,,,0
e04141beecb9384ef5c59cfc,北京国声京剧院,休闲娱乐,剧院,北京市,北京市,朝阳区,北京市朝阳区十里河村1596号,e04141beecb9384ef5c59cfc,1,1,116.464649,39.866757,,life,http://api.map.baidu.com/place/detail?uid=e04141beecb9384ef5c59cfc&output=html&source=placeapi_v2,,,0,,,,,,,22,0,,,,,,,116.46516108979,39.866665518356,1
9405d1b5a01d0cd8734b87ce,潘家园百姓大舞台,休闲娱乐,剧院,北京市,北京市,朝阳区,北京市朝阳区松榆北路松榆西里甲26号,9405d1b5a01d0cd8734b87ce,1,1,116.471994,39.879778,,life,http://api.map.baidu.com/place/detail?uid=9405d1b5a01d0cd8734b87ce&output=html&source=placeapi_v2,,,0,,,,,,,12,0,,,,,,,116.47208826044,39.879781167287,1
cc0849a0bb70e3509503199a,华侨城大剧院,休闲娱乐,剧院,北京市,北京市,朝阳区,北京市朝阳区金蝉北路与金蝉西路交叉路口往西约100米(北京欢乐谷),,1,1,116.504863,39.873434,(010)67389558,life,http://api.map.baidu.com/place/detail?uid=cc0849a0bb70e3509503199a&output=html&source=placeapi_v2,175,,0,,,,,,,13,4,,,,,,,116.50614397632,39.870355974989,1
da52edb2fc72d99574026988,燕子李三特技实景剧场,休闲娱乐,剧院,北京市,北京市,朝阳区,北京市朝阳区东四环小武基北路欢乐谷内,,1,1,116.498572,39.874535,,life,http://api.map.baidu.com/place/detail?uid=da52edb2fc72d99574026988&output=html&source=placeapi_v2,,,5,,,,,,,4,4,,,,,,,,,1
97119b53f3d0982a4251c04d,Galli剧场,休闲娱乐,剧院,北京市,北京市,朝阳区,北京市朝阳区西大望路27号76栋3层,,1,0,116.488504,39.892447,18614262267,life,http://api.map.baidu.com/place/detail?uid=97119b53f3d0982a4251c04d&output=html&source=placeapi_v2,,10:00-22:00,0,,,,,,,,0,,,,,,,,,0
b3524153085b8b149703193a,首图剧场,休闲娱乐,剧院,北京市,北京市,朝阳区,北京市朝阳区东三环南路88号b座,b3524153085b8b149703193a,1,0,116.469213,39.875842,,life,http://api.map.baidu.com/place/detail?uid=b3524153085b8b149703193a&output=html&source=placeapi_v2,,09:00-19:00,0,,,,,,,1,0,,,,,,,,,0
a920482182b461b6c2f1cf62,魔幻剧场,休闲娱乐,剧院,北京市,北京市,朝阳区,北京市朝阳区东四环四方桥东南角欢乐谷内,,1,0,116.501692,39.874131,(010)67383333,life,http://api.map.baidu.com/place/detail?uid=a920482182b461b6c2f1cf62&output=html&source=placeapi_v2,,09:00-17:30,0.0,,,,,,,1,,,,,,,,,,0
139c4f89edf4a21da11de920,超级明星舞台,休闲娱乐,剧院,北京市,北京市,朝阳区,北京市朝阳区东四环小武基北路欢乐谷内甜品王国,,1,0,116.498895,39.872132,,life,http://api.map.baidu.com/place/detail?uid=139c4f89edf4a21da11de920&output=html&source=placeapi_v2,,,,,,,,,,,,,,,,,,,,0
c67039ab628d4756cae33cbc,互动娱乐表演舞台,休闲娱乐,剧院,北京市,北京市,朝阳区,东四环小武基北路北京欢乐谷爱琴港内,c67039ab628d4756cae33cbc,1,0,116.504029,39.874346,,life,http://api.map.baidu.com/place/detail?uid=c67039ab628d4756cae33cbc&output=html&source=placeapi_v2,,,,,,,,,,1,,,,,,,,,,0
eaff7aec8c743b36a9175a07,北京欢乐谷欢乐舞台,休闲娱乐,剧院,北京市,北京市,朝阳区,北京市朝阳区东四环四方桥东南角欢乐谷内,,1,0,116.501985,39.872087,4006040616,life,http://api.map.baidu.com/place/detail?uid=eaff7aec8c743b36a9175a07&output=html&source=placeapi_v2,,,4.8,,,,,,,1,,,,,,,,116.50320409188,39.871420929681,0
0c7676025862bbfc6ca3cc7d,繁汐推理剧场(合生汇店),休闲娱乐,剧院,北京市,北京市,朝阳区,北京市朝阳区西大望路27号星创园75幢107号,,1,0,116.487621,39.892574,17710563803,life,http://api.map.baidu.com/place/detail?uid=0c7676025862bbfc6ca3cc7d&output=html&source=placeapi_v2,,11:00-23:00,,,,,,,,1,,,,,,,,,,0
a6925ce5d5fdd87cc17da2a9,华侨城・大剧院-金面王朝,休闲娱乐,剧院,北京市,北京市,朝阳区,北京市朝阳区金蝉西路华侨城大剧院内(近欢乐谷),a6925ce5d5fdd87cc17da2a9,1,0,116.504977,39.873332,(010)67389558,life,http://api.map.baidu.com/place/detail?uid=a6925ce5d5fdd87cc17da2a9&output=html&source=placeapi_v2,199,09:00-22:00,4.9,,,,,,,37,11,,,,,,,116.50555857667,39.871674592787,0
c4770559edd518bea7c7560d,TuanCLUB・湍,休闲娱乐,剧院,北京市,北京市,朝阳区,北京市朝阳区西大望路27号24栋,,1,0,116.488225,39.891824,,life,http://api.map.baidu.com/place/detail?uid=c4770559edd518bea7c7560d&output=html&source=placeapi_v2,,10:30-17:00,0,,,,,,,,0,,,,,,,,,0
9405d1b5a01d0cd8734b87ce,潘家园百姓大舞台,休闲娱乐,剧院,北京市,北京市,朝阳区,北京市朝阳区松榆北路松榆西里甲26号,9405d1b5a01d0cd8734b87ce,1,1,116.471994,39.879778,,life,http://api.map.baidu.com/place/detail?uid=9405d1b5a01d0cd8734b87ce&output=html&source=placeapi_v2,,,0,,,,,,,12,0,,,,,,,116.47208826044,39.879781167287,1
5247a8f71ec272af3904b15a,北京六零三厂-演播厅,休闲娱乐,剧院,北京市,北京市,朝阳区,北京市朝阳区化工路甲5号,5247a8f71ec272af3904b15a,1,0,116.529118,39.868287,,life,http://api.map.baidu.com/place/detail?uid=5247a8f71ec272af3904b15a&output=html&source=placeapi_v2,,,4.5,,,,,,,9,2,,,,,,,116.52910263139,39.868440976211,0
29169c4809ec542d128824bb,小海子演播厅(一号演播大厅),休闲娱乐,剧院,北京市,北京市,朝阳区,北京市朝阳区广渠东路北京安德鲁斯庄园-西区西侧约210米,,1,0,116.522972,39.891672,18801203041,life,http://api.map.baidu.com/place/detail?uid=29169c4809ec542d128824bb&output=html&source=placeapi_v2,,,,,,,,,,1,1,,,,,,,,,0
2887f160ef585744c356ac83,戏剧空间,休闲娱乐,剧院,北京市,北京市,朝阳区,北京市朝阳区黄厂路1号38幢,,1,0,116.566511,39.86232,,life,http://api.map.baidu.com/place/detail?uid=2887f160ef585744c356ac83&output=html&source=placeapi_v2,,,,,,,,,,3,,,,,,,,116.5662383584,39.862264593552,0
b58385eaf347f3e0c4f02542,大稿国际艺术中心剧场,休闲娱乐,剧院,北京市,北京市,通州区,京洲北街与怡乐中路交叉口东南200米,,1,0,116.642756,39.883188,,life,http://api.map.baidu.com/place/detail?uid=b58385eaf347f3e0c4f02542&output=html&source=placeapi_v2,,,5.0,,,,,,,,1,,,,,,,116.64262042162,39.883209214193,0
3e9f0f2dd6388e426e3e1b55,大稿国际艺术中心剧场和展厅,休闲娱乐,剧院,北京市,北京市,通州区,北京市通州区怡乐中路422号D座001号,,1,0,116.642752,39.883335,18601950755,life,http://api.map.baidu.com/place/detail?uid=3e9f0f2dd6388e426e3e1b55&output=html&source=placeapi_v2,,,,,,,,,,11,6,,,,,,,,,0
6f1df9c947ea8e01f4b91641,演艺台.大书小鼓,休闲娱乐,剧院,北京市,北京市,通州区,北京市通州区九棵树东路68号,6f1df9c947ea8e01f4b91641,1,0,116.685198,39.879805,,life,http://api.map.baidu.com/place/detail?uid=6f1df9c947ea8e01f4b91641&output=html&source=placeapi_v2,,,,,,,,,,1,,,,,,,,,,0
bc0e72c2b993d113d6b74e13,照明剧场欢乐好声音巡演,休闲娱乐,剧院,北京市,北京市,通州区,北京市通州区京哈高速与东六环路交汇处西北角北京环球影城小黄人乐园,,1,0,116.69147,39.860198,,life,http://api.map.baidu.com/place/detail?uid=bc0e72c2b993d113d6b74e13&output=html&source=placeapi_v2,,09:00-19:00,,,,,,,,2,2,,,,,,,,,0
9dd3247c588fa3b34557269e,北京城市副中心剧院,休闲娱乐,剧院,北京市,北京市,通州区,北京市通州区滨河南路城市绿心森林公园,,1,0,116.723494,39.892571,,life,http://api.map.baidu.com/place/detail?uid=9dd3247c588fa3b34557269e&output=html&source=placeapi_v2,,,,,,,,,,,,,,,,,,,,0
29c1cbf45147f31216764335,轮到你了剧本演绎馆,休闲娱乐,剧院,北京市,北京市,石景山区,北京市石景山区古盛路36号院4号楼优地中心1201号,,1,0,116.190856,39.915574,15311009271,life,http://api.map.baidu.com/place/detail?uid=29c1cbf45147f31216764335&output=html&source=placeapi_v2,,09:00-23:45,,,,,,,,9,,,,,,,,116.19082649033,39.915254347107,0
e504a79d59ea2439c42ba1e1,百姓大舞台,休闲娱乐,剧院,北京市,北京市,石景山区,北京市石景山区八角北路北院19号楼,,1,0,116.201582,39.921664,,life,http://api.map.baidu.com/place/detail?uid=e504a79d59ea2439c42ba1e1&output=html&source=placeapi_v2,,,4.5,,,,,,,0,4,,,,,,,,,0
3dc9befdddbe2217bfa240b7,金鹏剧场,休闲娱乐,剧院,北京市,北京市,石景山区,北京市石景山区鲁谷南路11号,3dc9befdddbe2217bfa240b7,1,0,116.229821,39.906889,(010)68654402,life,http://api.map.baidu.com/place/detail?uid=3dc9befdddbe2217bfa240b7&output=html&source=placeapi_v2,,,0,,,,,,,9,1,,,,,,,116.22981895464,39.906704220569,0
5ffb1816081a5b5f6e4760b6,蓝天剧院,休闲娱乐,剧院,北京市,北京市,海淀区,北京市海淀区北太平路18号院塔楼1号楼,5ffb1816081a5b5f6e4760b6,1,3,116.264331,39.909751,,life,http://api.map.baidu.com/place/detail?uid=5ffb1816081a5b5f6e4760b6&output=html&source=placeapi_v2,,,4.7,,,,,,,25,5,,,,,,,116.26381028357,39.909807320192,3
c1b739f0c258ae61a80dd85b,戴日腾愉大戏院,休闲娱乐,剧院,北京市,北京市,海淀区,北京市海淀区西翠路11号,c1b739f0c258ae61a80dd85b,1,0,116.289391,39.924702,,life,http://api.map.baidu.com/place/detail?uid=c1b739f0c258ae61a80dd85b&output=html&source=placeapi_v2,,,,,,,,,,2,,,,,,,,116.28944872591,39.924705071557,0
6139b31ee5334d34c829157d,M空间,休闲娱乐,剧院,北京市,北京市,海淀区,北京市海淀区复兴路69号,6139b31ee5334d34c829157d,1,0,116.287127,39.916649,(010)68286386,life,http://api.map.baidu.com/place/detail?uid=6139b31ee5334d34c829157d&output=html&source=placeapi_v2,603,,3.7,,,,,,,3,6,,,,,,,116.28769279017,39.919124044989,0
01a045a9e940f4619d82ea5f,未来剧院,休闲娱乐,剧院,北京市,北京市,海淀区,北京市海淀区玉渊潭南路11号,01a045a9e940f4619d82ea5f,1,0,116.322663,39.91767,(010)52801112,life,http://api.map.baidu.com/place/detail?uid=01a045a9e940f4619d82ea5f&output=html&source=placeapi_v2,159,09:00-20:00,4.7,,,,,,,10,60,,,,,,,116.32299080688,39.917651084656,0
84d2f0eb68521be9f02d8369,中华世纪坛剧场,休闲娱乐,剧院,北京市,北京市,海淀区,北京市海淀区复兴路甲9号,,1,0,116.327955,39.917024,(010)59802222,life,http://api.map.baidu.com/place/detail?uid=84d2f0eb68521be9f02d8369&output=html&source=placeapi_v2,,,0,,,,,,,,0,,,,,,,116.32793069128,39.916895840186,0
ddb1f87c620bcd13c7effbd8,二七剧场,休闲娱乐,剧院,北京市,北京市,西城区,北京市西城区二七剧场路乙6-2号东里11号楼,ddb1f87c620bcd13c7effbd8,1,2,116.352468,39.915264,,life,http://api.map.baidu.com/place/detail?uid=ddb1f87c620bcd13c7effbd8&output=html&source=placeapi_v2,,09:30-22:30,4.6,,,,,,,13,93,,,,,,,116.35288039111,39.915055351378,2
1297a5a6bdc8eb80276e984f,国话小剧场,休闲娱乐,剧院,北京市,北京市,西城区,北京市西城区广安门外大街277号,1297a5a6bdc8eb80276e984f,1,8,116.342693,39.896286,(010)83069696,life,http://api.map.baidu.com/place/detail?uid=1297a5a6bdc8eb80276e984f&output=html&source=placeapi_v2,37,,4.5,,,,,,,33,14,,,,,,,116.34366937751,39.896827055765,8
74beb9f0805f5ddabbbd6306,国家话剧院剧场咖啡厅,休闲娱乐,剧院,北京市,北京市,西城区,北京市西城区广安门外大街277号,,1,0,116.342691,39.89628,(010)83069668,life,http://api.map.baidu.com/place/detail?uid=74beb9f0805f5ddabbbd6306&output=html&source=placeapi_v2,,12:30-20:30,,,,,,,,1,34,,,,,,,,,0
35debf29f45f2f5da6da395f,红塔礼堂,休闲娱乐,剧院,北京市,北京市,西城区,北京市西城区月坛北街12号,35debf29f45f2f5da6da395f,1,2,116.347441,39.923795,(010)68526040,life,http://api.map.baidu.com/place/detail?uid=35debf29f45f2f5da6da395f&output=html&source=placeapi_v2,,08:00-17:00,0,,,,,,,19,1,,,,,,,116.34734399322,39.923975926847,2
dffd631cd9c9eabc38221c06,民族文化宫-大剧院,休闲娱乐,剧院,北京市,北京市,西城区,北京市西城区复兴门内大街49号,dffd631cd9c9eabc38221c06,1,1,116.376262,39.913946,(010)66022530,life,http://api.map.baidu.com/place/detail?uid=dffd631cd9c9eabc38221c06&output=html&source=placeapi_v2,291,09:00-20:30,4.4,,,,,,,30,15,,,,,,,116.3764131703,39.913596100619,1
07f3c8b578a97c7a6340a9b6,繁星剧场,休闲娱乐,剧院,北京市,北京市,西城区,北京市西城区宣武门内大街抄手胡同64号,07f3c8b578a97c7a6340a9b6,1,2,116.379995,39.90721,(010)66035486,life,http://api.map.baidu.com/place/detail?uid=07f3c8b578a97c7a6340a9b6&output=html&source=placeapi_v2,159,10:00-21:30,4.1,,,,,,,200,18,,,,,,,116.37998806781,39.9067349424,2
f757e6eee34d7a17260bd001,国家大剧院,休闲娱乐,剧院,北京市,北京市,西城区,北京市西城区西长安街2号,f757e6eee34d7a17260bd001,1,7,116.396258,39.911226,(010)66550000,life,http://api.map.baidu.com/place/detail?uid=f757e6eee34d7a17260bd001&output=html&source=placeapi_v2,15,09:00-17:00,4.7,,,,,,,142,149,,,,,,,116.39460959256,39.912735483518,7
e6ee2fd275341f482b11d101,北京音乐厅,休闲娱乐,剧院,北京市,北京市,西城区,北京市西城区北新华街1号(西长安街六部口西南角),e6ee2fd275341f482b11d101,1,2,116.388987,39.912366,"(010)66055812,(010)66057006",life,http://api.map.baidu.com/place/detail?uid=e6ee2fd275341f482b11d101&output=html&source=placeapi_v2,304,09:00-20:00,4.5,,,,,,,32,182,,,,,,,116.38915100769,39.912649670818,2
50391ef7935fa3df4207c1b3,国家大剧院-音乐厅,休闲娱乐,剧院,北京市,北京市,西城区,北京市西城区西长安街2号,,1,0,116.396157,39.911043,,life,http://api.map.baidu.com/place/detail?uid=50391ef7935fa3df4207c1b3&output=html&source=placeapi_v2,,"11:30-14:00,17:30-20:00",4.9,,,,,,,14,14,,,,,,,116.39459420009,39.912681536661,0
7c03cea38544152662685861,国家大剧院戏剧商店,休闲娱乐,剧院,北京市,北京市,西城区,北京市西城区西长安街2号,,1,0,116.396093,39.911598,,life,http://api.map.baidu.com/place/detail?uid=7c03cea38544152662685861&output=html&source=placeapi_v2,,,0,,,,,,,2,0,,,,,,,,,0
53cebd507a770c1c2a02e13d,北京市河北梆子剧团,休闲娱乐,剧院,北京市,北京市,西城区,北京市西城区安平里3号院3号,53cebd507a770c1c2a02e13d,1,0,116.389063,39.902513,(010)63033104,life,http://api.map.baidu.com/place/detail?uid=53cebd507a770c1c2a02e13d&output=html&source=placeapi_v2,,,0.0,,,,,,,17,7,,,,,,,116.38973370523,39.902657342747,0
0e5d09a54f8587c9932ca3ed,国家大剧院-小剧场,休闲娱乐,剧院,北京市,北京市,西城区,北京市西城区羊毛胡同14号大剧院里面,0e5d09a54f8587c9932ca3ed,1,0,116.396328,39.910755,(010)66550000,life,http://api.map.baidu.com/place/detail?uid=0e5d09a54f8587c9932ca3ed&output=html&source=placeapi_v2,,,5,,,,,,,6,1,,,,,,,116.39813481467,39.910874629306,0
ee13abad13ff1100fa0cada3,国家大剧院-戏剧场,休闲娱乐,剧院,北京市,北京市,西城区,北京市西城区西长安街2号4层,ee13abad13ff1100fa0cada3,1,0,116.396147,39.911045,(010)66550000,life,http://api.map.baidu.com/place/detail?uid=ee13abad13ff1100fa0cada3&output=html&source=placeapi_v2,476,,5,,,,,,,6,1,,,,,,,116.39738203016,39.912805986622,0
1f97193ed9255642276e987a,繁星戏剧村876剧场,休闲娱乐,剧院,北京市,北京市,西城区,北京市宣武门内大街抄手胡同64号2层,1f97193ed9255642276e987a,1,0,116.380115,39.907625,,life,http://api.map.baidu.com/place/detail?uid=1f97193ed9255642276e987a&output=html&source=placeapi_v2,,,,,,,,,,,,,,,,,,116.38022510638,39.907624707866,0
f757e6eee34d7a17260bd001,国家大剧院,休闲娱乐,剧院,北京市,北京市,西城区,北京市西城区西长安街2号,f757e6eee34d7a17260bd001,1,7,116.396258,39.911226,(010)66550000,life,http://api.map.baidu.com/place/detail?uid=f757e6eee34d7a17260bd001&output=html&source=placeapi_v2,15,09:00-17:00,4.7,,,,,,,142,149,,,,,,,116.39460959256,39.912735483518,7
e85e2527b6cf615395f08cd0,首都剧场,休闲娱乐,剧院,北京市,北京市,东城区,北京市东城区王府井大街22号,e85e2527b6cf615395f08cd0,1,5,116.418334,39.927887,(010)85116622,life,http://api.map.baidu.com/place/detail?uid=e85e2527b6cf615395f08cd0&output=html&source=placeapi_v2,338,10:00-22:00,4.8,,,,,,,51,200,,,,,,,116.41724102098,39.92788796205,5
3a4f1aadf907fc238f1a89fd,北京人民艺术剧院,休闲娱乐,剧院,北京市,北京市,东城区,北京市东城区王府井大街22号,,1,0,116.418494,39.927886,(010)65249847,life,http://api.map.baidu.com/place/detail?uid=3a4f1aadf907fc238f1a89fd&output=html&source=placeapi_v2,205,08:30-20:30,5,,,,,,,28,5,,,,,,,116.41763510761,39.927900688018,0
ee4d3afdf52e84deb42655fc,中国儿童艺术剧院,休闲娱乐,剧院,北京市,北京市,东城区,北京市东城区东安门大街64号,ee4d3afdf52e84deb42655fc,1,3,116.414927,39.921287,(010)65282515,life,http://api.map.baidu.com/place/detail?uid=ee4d3afdf52e84deb42655fc&output=html&source=placeapi_v2,149,10:00-21:00,4.6,,,,,,,55,14,,,,,,,116.41495034193,39.921566180758,3
5e499983f88d153442ab9a9a,德云社广德楼戏园(前门店),休闲娱乐,剧院,北京市,北京市,西城区,北京市西城区大栅栏街39号,f91fcdf460740b2508f5eb17,1,0,116.401415,39.902301,(010)63032278,life,http://api.map.baidu.com/place/detail?uid=5e499983f88d153442ab9a9a&output=html&source=placeapi_v2,205,09:00-21:00,3.9,,,,,,,100,49,,,,,,,116.40143982706,39.902154498039,0
50391ef7935fa3df4207c1b3,国家大剧院-音乐厅,休闲娱乐,剧院,北京市,北京市,西城区,北京市西城区西长安街2号,,1,0,116.396157,39.911043,,life,http://api.map.baidu.com/place/detail?uid=50391ef7935fa3df4207c1b3&output=html&source=placeapi_v2,,"11:30-14:00,17:30-20:00",4.9,,,,,,,14,14,,,,,,,116.39459420009,39.912681536661,0
eb9c459f1f6dc007f33cba3e,大麦・超剧场,休闲娱乐,剧院,北京市,北京市,东城区,北京市东城区台基厂二条5号,eb9c459f1f6dc007f33cba3e,1,0,116.421294,39.911572,(010)84922237,life,http://api.map.baidu.com/place/detail?uid=eb9c459f1f6dc007f33cba3e&output=html&source=placeapi_v2,282,10:00-17:00,5,,,,,,,19,5,,,,,,,116.42137322633,39.911383694408,0
7c03cea38544152662685861,国家大剧院戏剧商店,休闲娱乐,剧院,北京市,北京市,西城区,北京市西城区西长安街2号,,1,0,116.396093,39.911598,,life,http://api.map.baidu.com/place/detail?uid=7c03cea38544152662685861&output=html&source=placeapi_v2,,,0,,,,,,,2,0,,,,,,,,,0
1a6dfc0631eed8960b69d933,中国国家话剧院先锋剧场,休闲娱乐,剧院,北京市,北京市,东城区,北京市东城区东城区东单三条8-2号45号院8层,1a6dfc0631eed8960b69d933,1,0,116.423591,39.91656,(010)65276911,life,http://api.map.baidu.com/place/detail?uid=1a6dfc0631eed8960b69d933&output=html&source=placeapi_v2,156,10:00-18:00,4.1,,,,,,,47,8,,,,,,,116.42358486078,39.916432504589,0
85e14b68d90abc5ca8175a75,长安大戏院,休闲娱乐,剧院,北京市,北京市,东城区,北京市东城区建国门内大街7号,85e14b68d90abc5ca8175a75,1,2,116.436813,39.915411,"(010)65101309,(010)65526852",life,http://api.map.baidu.com/place/detail?uid=85e14b68d90abc5ca8175a75&output=html&source=placeapi_v2,258,09:00-19:30,4.7,,,,,,,24,17,,,,,,,116.43681320532,39.91523120837,2
ddcc7d4fba1a36ab9de321c8,北京人民艺术剧院菊隐剧场,休闲娱乐,剧院,北京市,北京市,东城区,北京市东城区东四街道东四南大街143号,ddcc7d4fba1a36ab9de321c8,1,0,116.423906,39.924425,(010)65246789,life,http://api.map.baidu.com/place/detail?uid=ddcc7d4fba1a36ab9de321c8&output=html&source=placeapi_v2,53,,4.5,,,,,,,17,3,,,,,,,116.42402922198,39.924472685586,0
6b0c13c823bc87d3a4c75633,德云社(前门三庆园店),休闲娱乐,剧院,北京市,北京市,西城区,北京市西城区大栅栏商业街18-1号,6b0c13c823bc87d3a4c75633,1,0,116.403232,39.902217,,life,http://api.map.baidu.com/place/detail?uid=6b0c13c823bc87d3a4c75633&output=html&source=placeapi_v2,,"14:00-16:00,19:00-21:00",4.8,,,,,,,58,34,,,,,,,,,0
0e5d09a54f8587c9932ca3ed,国家大剧院-小剧场,休闲娱乐,剧院,北京市,北京市,西城区,北京市西城区羊毛胡同14号大剧院里面,0e5d09a54f8587c9932ca3ed,1,0,116.396328,39.910755,(010)66550000,life,http://api.map.baidu.com/place/detail?uid=0e5d09a54f8587c9932ca3ed&output=html&source=placeapi_v2,,,5,,,,,,,6,1,,,,,,,116.39813481467,39.910874629306,0
ee13abad13ff1100fa0cada3,国家大剧院-戏剧场,休闲娱乐,剧院,北京市,北京市,西城区,北京市西城区西长安街2号4层,ee13abad13ff1100fa0cada3,1,0,116.396147,39.911045,(010)66550000,life,http://api.map.baidu.com/place/detail?uid=ee13abad13ff1100fa0cada3&output=html&source=placeapi_v2,476,,5,,,,,,,6,1,,,,,,,116.39738203016,39.912805986622,0
4c900b70bffa069d09a8d47f,光华大剧院,休闲娱乐,剧院,北京市,北京市,东城区,北京市东城区建国门内大街7号2楼,,1,0,116.437156,39.915182,,life,http://api.map.baidu.com/place/detail?uid=4c900b70bffa069d09a8d47f&output=html&source=placeapi_v2,,,,,,,,,,,,,,,,,,,,0
f1f4c630b1f1c23cc6effb7c,崇文剧场,休闲娱乐,剧院,北京市,北京市,东城区,北京市东城区崇文门外大街7-1号正仁大厦1层,f1f4c630b1f1c23cc6effb7c,1,0,116.423848,39.901933,,life,http://api.map.baidu.com/place/detail?uid=f1f4c630b1f1c23cc6effb7c&output=html&source=placeapi_v2,,,,,,,,,,6,,,,,,,,,,0
e84d43fb4c9338e26b49f34e,相邻大华剧院,休闲娱乐,剧院,北京市,北京市,东城区,北京市东城区建国门街道东单北大街84号相邻大华剧院,,1,0,116.424553,39.918451,,life,http://api.map.baidu.com/place/detail?uid=e84d43fb4c9338e26b49f34e&output=html&source=placeapi_v2,,,,,,,,,,1,,,,,,,,,,0
7cfbd7f8e2a85afa40024574,中和戏院,休闲娱乐,剧院,北京市,北京市,西城区,北京市西城区粮食店街5号,7cfbd7f8e2a85afa40024574,1,0,116.403832,39.901796,,life,http://api.map.baidu.com/place/detail?uid=7cfbd7f8e2a85afa40024574&output=html&source=placeapi_v2,,,,,,,,,,2,,,,,,,,116.40411759584,39.901798440771,0
8affc02e33b9aebe0b69d99a,中山公园-音乐堂,休闲娱乐,剧院,北京市,北京市,东城区,西长安街4号中山公园内,8affc02e33b9aebe0b69d99a,1,0,116.402146,39.917211,"(010)65598285,(010)65598306",life,http://api.map.baidu.com/place/detail?uid=8affc02e33b9aebe0b69d99a&output=html&source=placeapi_v2,181,08:30-20:30,4.7,,,,,,,67,9,,,,,,,116.39802735139,39.918390549799,0
b71b251503f3942e2fb96d26,天乐园大剧场,休闲娱乐,剧院,北京市,北京市,东城区,北京市东城区鲜鱼口街68号,4b582cf3ba4249466318090a,1,1,116.407221,39.902336,(010)67093380,life,http://api.map.baidu.com/place/detail?uid=b71b251503f3942e2fb96d26&output=html&source=placeapi_v2,680,09:00-20:00,4.1,,,,,,,43,20,,,,,,,116.40733344423,39.90233139643,1
b7021bf818ecc6e3f4e73b33,剧人之家休闲俱乐部(王府井店),休闲娱乐,剧院,北京市,北京市,东城区,北京市东城区报房胡同101号,b7021bf818ecc6e3f4e73b33,1,0,116.418221,39.928254,13671271330,life,http://api.map.baidu.com/place/detail?uid=b7021bf818ecc6e3f4e73b33&output=html&source=placeapi_v2,169,09:30-22:00,4.5,,,,,,,18,2,,,,,,,116.41808820462,39.928221125334,0
d61ae47dfcfcb109841541df,星夜相声会馆(崇文剧场),休闲娱乐,剧院,北京市,北京市,东城区,北京市东城区崇文门外大街7号东城区文化馆2期1层,d61ae47dfcfcb109841541df,1,0,116.423646,39.901954,18810703253,life,http://api.map.baidu.com/place/detail?uid=d61ae47dfcfcb109841541df&output=html&source=placeapi_v2,48,,0,,,,,,,,0,,,,,,,,,0
3a9bc71b6946dd461e580060,曼联梦剧场,休闲娱乐,剧院,北京市,北京市,西城区,北京市西城区廊房头条21号院西区9号楼,,1,0,116.401037,39.903714,"(010)63158018,(010)63158086",life,http://api.map.baidu.com/place/detail?uid=3a9bc71b6946dd461e580060&output=html&source=placeapi_v2,,10:00-22:00,,,,,,,,5,,,,,,,,116.40087115925,39.903608517251,0
3ec52cd60bad3a5fb320a807,假日经典小剧场,休闲娱乐,剧院,北京市,北京市,东城区,北京市东城区东安门大街64号中国儿童剧场4层,3ec52cd60bad3a5fb320a807,1,0,116.415137,39.921398,,life,http://api.map.baidu.com/place/detail?uid=3ec52cd60bad3a5fb320a807&output=html&source=placeapi_v2,114,10:00-21:00,0,,,,,,,10,0,,,,,,,116.41512999764,39.92164061368,0
ad27428c038b751081288ae7,华韵皮影范剧场,休闲娱乐,剧院,北京市,北京市,东城区,北京市东城区前门大街2号(大北照相馆东侧1层),,1,0,116.404891,39.904703,13552454136,life,http://api.map.baidu.com/place/detail?uid=ad27428c038b751081288ae7&output=html&source=placeapi_v2,,,,,,,,,,,,,,,,,,,,0
23bc4a2e2ad51156213bf230,前门华韵泰山皮影,休闲娱乐,剧院,北京市,北京市,东城区,北京市东城区前门大街2号,,1,0,116.404844,39.904693,,life,http://api.map.baidu.com/place/detail?uid=23bc4a2e2ad51156213bf230&output=html&source=placeapi_v2,94,09:00-21:00,4.1,,,,,,,17,81,,,,,,,,,0
61a765a20410a055bda2400d,龙在天皮影小剧场,休闲娱乐,剧院,北京市,北京市,西城区,北京市西城区前门西大街大栅栏步行街7号京华聚宝城内二楼,61a765a20410a055bda2400d,1,0,116.403119,39.902393,(010)83152311,life,http://api.map.baidu.com/place/detail?uid=61a765a20410a055bda2400d&output=html&source=placeapi_v2,,,0,,,,,,,,0,,,,,,,,,0
6ec78f771bb113de28d7ab51,吉祥大戏院,休闲娱乐,剧院,北京市,北京市,东城区,北京市东城区王府井大街王府井银泰7层in88号,,1,0,116.417992,39.923045,18618398160,life,http://api.map.baidu.com/place/detail?uid=6ec78f771bb113de28d7ab51&output=html&source=placeapi_v2,,10:00-22:00,,,,,,,,1,,,,,,,,116.41847996125,39.922946662949,0
ef5f3725f368f87ae60738a5,印象北京相声剧场,休闲娱乐,剧院,北京市,北京市,东城区,北京市东城区天坛路19号,ef5f3725f368f87ae60738a5,1,0,116.420002,39.89488,,life,http://api.map.baidu.com/place/detail?uid=ef5f3725f368f87ae60738a5&output=html&source=placeapi_v2,38,,4.2,,,,,,,18,30,,,,,,,116.41992606154,39.894881878792,0
bee1342d03b972297c29bd19,阳平会馆戏楼,休闲娱乐,剧院,北京市,北京市,东城区,北京市东城区前门东路小江胡同34~36号,bee1342d03b972297c29bd19,1,0,116.406543,39.899739,,life,http://api.map.baidu.com/place/detail?uid=bee1342d03b972297c29bd19&output=html&source=placeapi_v2,,09:00-18:00,4.1,,,,,,,2,9,,,,,,,116.40674376774,39.899731420966,0
d9cc35b8fa4b410833621298,北京歌舞剧院,休闲娱乐,剧院,北京市,北京市,朝阳区,北京市朝阳区东三环南路双井地铁站附近,d9cc35b8fa4b410833621298,1,2,116.46857,39.89774,(010)67761508,life,http://api.map.baidu.com/place/detail?uid=d9cc35b8fa4b410833621298&output=html&source=placeapi_v2,,09:00-17:00,4.8,,,,,,,25,9,,,,,,,116.46860590187,39.89796123446,2
480b24d05aea06f29cec2bfc,华彬歌剧院,休闲娱乐,剧院,北京市,北京市,朝阳区,北京市朝阳区建外大街永安东里8号,480b24d05aea06f29cec2bfc,1,1,116.458553,39.912454,"(010)85288641,13371756723",life,http://api.map.baidu.com/place/detail?uid=480b24d05aea06f29cec2bfc&output=html&source=placeapi_v2,,10:00-22:00,4,,,,,,,30,3,,,,,,,116.45823385266,39.912442474985,1
85e14b68d90abc5ca8175a75,长安大戏院,休闲娱乐,剧院,北京市,北京市,东城区,北京市东城区建国门内大街7号,85e14b68d90abc5ca8175a75,1,2,116.436813,39.915411,"(010)65101309,(010)65526852",life,http://api.map.baidu.com/place/detail?uid=85e14b68d90abc5ca8175a75&output=html&source=placeapi_v2,258,09:00-19:30,4.7,,,,,,,24,17,,,,,,,116.43681320532,39.91523120837,2
5ac1470546e804984151c0ec,魅力中国剧场(秀水街市场店),休闲娱乐,剧院,北京市,北京市,朝阳区,北京市朝阳区秀水东街8号秀水大厦5层,5ac1470546e804984151c0ec,1,0,116.456203,39.91479,,life,http://api.map.baidu.com/place/detail?uid=5ac1470546e804984151c0ec&output=html&source=placeapi_v2,,,,,,,,,,,,,,,,,,,,0
4c900b70bffa069d09a8d47f,光华大剧院,休闲娱乐,剧院,北京市,北京市,东城区,北京市东城区建国门内大街7号2楼,,1,0,116.437156,39.915182,,life,http://api.map.baidu.com/place/detail?uid=4c900b70bffa069d09a8d47f&output=html&source=placeapi_v2,,,,,,,,,,,,,,,,,,,,0
bb1b09d7fb73445c58f6be90,天地剧场,休闲娱乐,剧院,北京市,北京市,朝阳区,朝阳区朝阳门日坛国际酒店B1楼,,1,0,116.449559,39.926155,(010)64169893,life,http://api.map.baidu.com/place/detail?uid=bb1b09d7fb73445c58f6be90&output=html&source=placeapi_v2,,,,,,,,,,,,,,,,,,,,0
26f1c4b2776774b028b97cb1,谜坞・剧本推理CLUB,休闲娱乐,剧院,北京市,北京市,朝阳区,北京市朝阳区东三环中路39号院-3号楼3206号,,1,0,116.467133,39.912145,17310058909,life,http://api.map.baidu.com/place/detail?uid=26f1c4b2776774b028b97cb1&output=html&source=placeapi_v2,,10:00-02:00,5,,,,,,,5,1,,,,,,,,,0
373cf7572dc0e96e4254d7b6,北京歌舞剧院有限责任公司,休闲娱乐,剧院,北京市,北京市,朝阳区,北京市朝阳区八棵杨树甲1号,373cf7572dc0e96e4254d7b6,1,0,116.469336,39.897914,(010)51290300,life,http://api.map.baidu.com/place/detail?uid=373cf7572dc0e96e4254d7b6&output=html&source=placeapi_v2,,,0.0,,,,,,,12,,,,,,,,116.46933591344,39.897913767185,0
f205e4af7dd647e771210bf0,9剧场,休闲娱乐,剧院,北京市,北京市,朝阳区,北京市朝阳区金台路17号,f205e4af7dd647e771210bf0,1,0,116.477092,39.922611,(010)85991188,life,http://api.map.baidu.com/place/detail?uid=f205e4af7dd647e771210bf0&output=html&source=placeapi_v2,133,09:00-21:00,4,,,,,,,76,10,,,,,,,116.47703803878,39.922450768792,0
ac9507e5b10497e578f796cf,雷动天下剧场,休闲娱乐,剧院,北京市,北京市,朝阳区,北京市朝阳区西大望路16号,5863fe888b32ee2efa0cadba,1,1,116.481641,39.908354,(010)64054842,life,http://api.map.baidu.com/place/detail?uid=ac9507e5b10497e578f796cf&output=html&source=placeapi_v2,,10:00-17:00,0,,,,,,,13,1,,,,,,,116.48163709979,39.908481352817,1
aa30d9f6ad17eb1b7f29bd44,M剧场,休闲娱乐,剧院,北京市,北京市,朝阳区,北京市朝阳区光华路4号b座3楼,aa30d9f6ad17eb1b7f29bd44,1,0,116.479884,39.918222,(010)85570234,life,http://api.map.baidu.com/place/detail?uid=aa30d9f6ad17eb1b7f29bd44&output=html&source=placeapi_v2,178,,5,,,,,,,18,3,,,,,,,116.47954927339,39.918724078891,0
1664bd9971a92de440afe646,桥艺术中心,休闲娱乐,剧院,北京市,北京市,朝阳区,北京市朝阳区建国路78号,1664bd9971a92de440afe646,1,0,116.490923,39.913251,(010)85800260,enterprise,http://api.map.baidu.com/place/detail?uid=1664bd9971a92de440afe646&output=html&source=placeapi_v2,,,,,,,,,,,,,,,,,,116.49074511985,39.913914214824,0
ce5f1ef3e90a24610c0a707a,普法栏目剧,休闲娱乐,剧院,北京市,北京市,朝阳区,北京市朝阳区光华路首都经济贸易大学(红庙校区),ce5f1ef3e90a24610c0a707a,1,0,116.482367,39.919553,,life,http://api.map.baidu.com/place/detail?uid=ce5f1ef3e90a24610c0a707a&output=html&source=placeapi_v2,,,,,,,,,,,,,,,,,,116.48237375163,39.919419907709,0
466fda7b49a3e7c3373a713d,黑桃J剧本推理社,休闲娱乐,剧院,北京市,北京市,朝阳区,北京市朝阳区广渠路33号石韵浩庭3号楼,,1,0,116.480695,39.901327,"13126617228,15810258360",life,http://api.map.baidu.com/place/detail?uid=466fda7b49a3e7c3373a713d&output=html&source=placeapi_v2,,,,,,,,,,5,,,,,,,,,,0
169280e533f202a10b69d9fa,云湖剧本推理馆,休闲娱乐,剧院,北京市,北京市,朝阳区,北京市朝阳区东四环中路住邦2000商务中心1号楼,,1,0,116.499409,39.921151,13261873118,life,http://api.map.baidu.com/place/detail?uid=169280e533f202a10b69d9fa&output=html&source=placeapi_v2,,10:00-02:00,,,,,,,,1,,,,,,,,,,0
06a0c188c19704684557268d,时代舞台,休闲娱乐,剧院,北京市,北京市,朝阳区,北京市朝阳区建国路93号院万达广场12号楼1108室,,1,0,116.477885,39.916996,,life,http://api.map.baidu.com/place/detail?uid=06a0c188c19704684557268d&output=html&source=placeapi_v2,,,,,,,,,,1,,,,,,,,,,0
97b4437c197a27098e772797,下一页沉浸・推理剧本社,休闲娱乐,剧院,北京市,北京市,朝阳区,北京市朝阳区首城国际b座b1105号,,1,0,116.476341,39.898114,"13313080992,17744518081",life,http://api.map.baidu.com/place/detail?uid=97b4437c197a27098e772797&output=html&source=placeapi_v2,,10:00-01:00,,,,,,,,,,,,,,,,,,0
7fb8dc8150d94db8067ce8a5,繁汐推理剧场,休闲娱乐,剧院,北京市,北京市,朝阳区,北京市朝阳区惠河南街南岸一号,,1,0,116.52526,39.911803,13910613805,life,http://api.map.baidu.com/place/detail?uid=7fb8dc8150d94db8067ce8a5&output=html&source=placeapi_v2,,13:30-23:00,0,,,,,,,6,1,,,,,,,116.52525803033,39.911761598155,0
7ede59ae39899b41b320a8e2,无界剧场,休闲娱乐,剧院,北京市,北京市,朝阳区,北京市朝阳区广渠路3号竞园产业园区20-215室,7ede59ae39899b41b320a8e2,1,0,116.51711,39.90158,18519593396,life,http://api.map.baidu.com/place/detail?uid=7ede59ae39899b41b320a8e2&output=html&source=placeapi_v2,,13:00-21:30,,,,,,,,1,,,,,,,,116.51733820684,39.901542615309,0
e7b2b9cbad51b3fff8dc85fc,中国紫檀博物馆-开放式影视厅,休闲娱乐,剧院,北京市,北京市,朝阳区,北京市朝阳区建国路23号中国紫檀博物馆紫檀宫2楼,e7b2b9cbad51b3fff8dc85fc,1,0,116.53252,39.916633,,life,http://api.map.baidu.com/place/detail?uid=e7b2b9cbad51b3fff8dc85fc&output=html&source=placeapi_v2,,,0.0,,,,,,,,,,,,,,,116.53244837925,39.916832748562,0
a5a5e88225201b24fa42b288,盏星神颂・沉浸剧场,休闲娱乐,剧院,北京市,北京市,朝阳区,北京市朝阳区惠河南街1122号水南庄小区2号楼四单元南门,a5a5e88225201b24fa42b288,1,0,116.520311,39.910599,13120174993,life,http://api.map.baidu.com/place/detail?uid=a5a5e88225201b24fa42b288&output=html&source=placeapi_v2,,13:00-23:30,,,,,,,,,,,,,,,,116.52030934154,39.910475067432,0
946ac0ceb8e69c54465726af,谜境剧场沉浸式剧本推理馆,休闲娱乐,剧院,北京市,北京市,朝阳区,北京市朝阳区青年路黄衫木店路188号6-2,,1,0,116.534813,39.92603,18548924899,life,http://api.map.baidu.com/place/detail?uid=946ac0ceb8e69c54465726af&output=html&source=placeapi_v2,,10:00-24:00,,,,,,,,15,3,,,,,,,116.53460245837,39.926123114929,0
083a55fa9d11f107256e9881,东亿天弘TV演播大厅,休闲娱乐,剧院,北京市,北京市,朝阳区,北京市朝阳区高井文化园路8号东亿国际传媒产业园B座,083a55fa9d11f107256e9881,1,1,116.544799,39.918488,(010)85769090,life,http://api.map.baidu.com/place/detail?uid=083a55fa9d11f107256e9881&output=html&source=placeapi_v2,,08:30-03:00,0,,,,,,,5,1,,,,,,,116.54520632657,39.918654639062,1
68f420b6eae281dc79b55c32,尚8剧场,休闲娱乐,剧院,北京市,北京市,朝阳区,八里庄陈家林甲2号尚8里文创园附近,68f420b6eae281dc79b55c32,1,0,116.516299,39.917912,,life,http://api.map.baidu.com/place/detail?uid=68f420b6eae281dc79b55c32&output=html&source=placeapi_v2,,,,,,,,,,14,,,,,,,,116.51638961509,39.917911320624,0
ce567c7b88f977ad9e82eab4,华声天桥民俗大舞台,休闲娱乐,剧院,北京市,北京市,朝阳区,北京市朝阳区高碑店大街与文化新大街交叉路口往北约130米,ce567c7b88f977ad9e82eab4,1,0,116.548677,39.905401,(010)87739850,life,http://api.map.baidu.com/place/detail?uid=ce567c7b88f977ad9e82eab4&output=html&source=placeapi_v2,,,,,,,,,,1,,,,,,,,116.54863234743,39.905123628502,0
e06db2973f08e22b43afe625,蜗牛沉浸式互动剧场,休闲娱乐,剧院,北京市,北京市,朝阳区,北京市朝阳区北花园路1号超级蜂巢3号院c座b1层,e06db2973f08e22b43afe625,1,0,116.555856,39.904296,"13552797080,18210918773",life,http://api.map.baidu.com/place/detail?uid=e06db2973f08e22b43afe625&output=html&source=placeapi_v2,,10:00-03:00,,,,,,,,1,,,,,,,,,,0
ce567c7b88f977ad9e82eab4,华声天桥民俗大舞台,休闲娱乐,剧院,北京市,北京市,朝阳区,北京市朝阳区高碑店大街与文化新大街交叉路口往北约130米,ce567c7b88f977ad9e82eab4,1,0,116.548677,39.905401,(010)87739850,life,http://api.map.baidu.com/place/detail?uid=ce567c7b88f977ad9e82eab4&output=html&source=placeapi_v2,,,,,,,,,,1,,,,,,,,116.54863234743,39.905123628502,0
c060974b1fb4580c00ec0191,有戏沉浸式剧本推理社,休闲娱乐,剧院,北京市,北京市,通州区,北京市通州区新华西街58号通州万达b座704号,,1,0,116.647099,39.911903,"13001096003,13042045376",life,http://api.map.baidu.com/place/detail?uid=c060974b1fb4580c00ec0191&output=html&source=placeapi_v2,,10:00-02:00,,,,,,,,1,,,,,,,,116.64709223316,39.912246467016,0
5d0639c979e6f67b51e5c5bc,森林舞台,休闲娱乐,剧院,北京市,北京市,通州区,北京市通州区永顺镇朝通嘉园对面永顺公园,,1,0,116.632268,39.92362,,life,http://api.map.baidu.com/place/detail?uid=5d0639c979e6f67b51e5c5bc&output=html&source=placeapi_v2,,,,,,,,,,,,,,,,,,,,0
9dd3247c588fa3b34557269e,北京城市副中心剧院,休闲娱乐,剧院,北京市,北京市,通州区,北京市通州区滨河南路城市绿心森林公园,,1,0,116.723494,39.892571,,life,http://api.map.baidu.com/place/detail?uid=9dd3247c588fa3b34557269e&output=html&source=placeapi_v2,,,,,,,,,,,,,,,,,,,,0
f2ff7f730e707c1cf90cad06,儿童模特儿童戏剧,休闲娱乐,剧院,河北省,廊坊市,大厂回族自治县,廊坊市大厂回族自治县北辰西街大厂城区第一小学北侧,,1,0,116.985507,39.898558,,life,http://api.map.baidu.com/place/detail?uid=f2ff7f730e707c1cf90cad06&output=html&source=placeapi_v2,,,,,,,,,,1,,,,,,,,,,0
5c56edd6e7d0c95aa0d230b3,中国剧院,休闲娱乐,剧院,北京市,北京市,海淀区,北京市海淀区万寿寺甲27号,5c56edd6e7d0c95aa0d230b3,1,4,116.317356,39.954751,,life,http://api.map.baidu.com/place/detail?uid=5c56edd6e7d0c95aa0d230b3&output=html&source=placeapi_v2,580,,4,,,,,,,27,15,,,,,,,116.31676561078,39.954966662337,4
0523a141f25ecc04b23c81d2,八一剧场,休闲娱乐,剧院,北京市,北京市,海淀区,北京市海淀区西三环北路甲27号,0523a141f25ecc04b23c81d2,1,2,116.317193,39.95365,(010)66868575,life,http://api.map.baidu.com/place/detail?uid=0523a141f25ecc04b23c81d2&output=html&source=placeapi_v2,86,,4,,,,,,,30,2,,,,,,,116.31674121819,39.953697158868,2
ba964be836b323c03417dc99,京门达人秀剧场,休闲娱乐,剧院,北京市,北京市,西城区,北京市西城区西直门外大街141号,ba964be836b323c03417dc99,1,2,116.341816,39.94422,(010)64008144,life,http://api.map.baidu.com/place/detail?uid=ba964be836b323c03417dc99&output=html&source=placeapi_v2,,10:00-18:00,,,,,,,,1,,,,,,,,116.34187410587,39.944184837976,2
0503e25f2568b2849cec2b9f,民族剧院,休闲娱乐,剧院,北京市,北京市,海淀区,北京市海淀区中关村南大街19号,0503e25f2568b2849cec2b9f,1,2,116.32923,39.958231,(010)57052577,life,http://api.map.baidu.com/place/detail?uid=0503e25f2568b2849cec2b9f&output=html&source=placeapi_v2,262,,4,,,,,,,21,9,,,,,,,116.33020814099,39.958145012335,2
6406621760b3ab872dfaa73c,海洋剧院,休闲娱乐,剧院,北京市,北京市,海淀区,北京市海淀区高梁桥斜街乙18号北京海洋馆内,6406621760b3ab872dfaa73c,1,0,116.34825,39.949705,(010)62176655,life,http://api.map.baidu.com/place/detail?uid=6406621760b3ab872dfaa73c&output=html&source=placeapi_v2,,,4,,,,,,,5,32,,,,,,,,,0
c1653405cd377579ab175a00,北展剧场,休闲娱乐,剧院,北京市,北京市,西城区,北京市西城区西直门外大街135号,c1653405cd377579ab175a00,1,2,116.350546,39.947607,(010)68354455,life,http://api.map.baidu.com/place/detail?uid=c1653405cd377579ab175a00&output=html&source=placeapi_v2,500,10:00-22:00,4.1,,,,,,,24,23,,,,,,,116.35053285381,39.947741721561,2
ddb1666302df6622ae080f40,北京舞蹈学院-舞蹈剧场,休闲娱乐,剧院,北京市,北京市,海淀区,北京市海淀区万寿寺路1号,ddb1666302df6622ae080f40,1,0,116.32441,39.952161,,life,http://api.map.baidu.com/place/detail?uid=ddb1666302df6622ae080f40&output=html&source=placeapi_v2,,,0.0,,,,,,,3,,,,,,,,116.32442200428,39.952032920397,0
ecc82dfc75ea7ca175e5b696,A33剧场,休闲娱乐,剧院,北京市,北京市,西城区,北京市西城区车公庄大街4号a33号,ecc82dfc75ea7ca175e5b696,1,0,116.357065,39.936637,(010)68104066,life,http://api.map.baidu.com/place/detail?uid=ecc82dfc75ea7ca175e5b696&output=html&source=placeapi_v2,156,,4.5,,,,,,,23,94,,,,,,,116.35720838299,39.936641812693,0
dbde815bc670d90ffe0eb075,光源空间,休闲娱乐,剧院,北京市,北京市,西城区,车公庄大街4号-a1402室附近,dbde815bc670d90ffe0eb075,1,0,116.356959,39.936872,,life,http://api.map.baidu.com/place/detail?uid=dbde815bc670d90ffe0eb075&output=html&source=placeapi_v2,,,,,,,,,,7,,,,,,,,,,0
339b2960b96de6085d17c30c,中央民族大学-音乐厅,休闲娱乐,剧院,北京市,北京市,海淀区,北京市海淀区中关村南大街27号中央民族大学内,339b2960b96de6085d17c30c,1,2,116.329581,39.955222,(010)68932442,life,http://api.map.baidu.com/place/detail?uid=339b2960b96de6085d17c30c&output=html&source=placeapi_v2,,00:00-24:00,0.0,,,,,,,5,,,,,,,,116.33013332292,39.955342160525,2
0a15c7ec257e9ee5ec74f8a7,人民剧场,休闲娱乐,剧院,北京市,北京市,西城区,北京市西城区护国寺大街74号,0a15c7ec257e9ee5ec74f8a7,1,2,116.381164,39.940641,,life,http://api.map.baidu.com/place/detail?uid=0a15c7ec257e9ee5ec74f8a7&output=html&source=placeapi_v2,,,3.7,,,,,,,39,5,,,,,,,116.38114679837,39.940966307439,2
7b00e5ae3802bf69fda77830,德云社,休闲娱乐,剧院,北京市,北京市,西城区,北京市西城区新街口北大街74号,7b00e5ae3802bf69fda77830,1,1,116.378937,39.950507,(010)68686191,life,http://api.map.baidu.com/place/detail?uid=7b00e5ae3802bf69fda77830&output=html&source=placeapi_v2,238,14:00-16:30,4.2,,,,,,,24,5,,,,,,,116.3794121363,39.949741447054,1
263afaa308ce34d0f503b8b8,剧空间剧场,休闲娱乐,剧院,北京市,北京市,西城区,北京市西城区新街口北大街74号,263afaa308ce34d0f503b8b8,1,0,116.378972,39.950535,(010)63194411,life,http://api.map.baidu.com/place/detail?uid=263afaa308ce34d0f503b8b8&output=html&source=placeapi_v2,181,10:00-18:00,5,,,,,,,14,3,,,,,,,116.37883676174,39.950531698842,0
8b1aeb1a79854fbb873304e0,中国儿童中心剧院,休闲娱乐,剧院,北京市,北京市,西城区,北京市西城区平安里西大街43号,8b1aeb1a79854fbb873304e0,1,0,116.368672,39.939653,15201515873,life,http://api.map.baidu.com/place/detail?uid=8b1aeb1a79854fbb873304e0&output=html&source=placeapi_v2,154,08:00-21:00,4.4,,,,,,,7,10,,,,,,,116.36905772621,39.939671736538,0
4c824b1d116ea97446e27481,缤纷剧场,休闲娱乐,剧院,北京市,北京市,西城区,北京市西城区西直门内大街147号金象1层,4c824b1d116ea97446e27481,1,0,116.373641,39.947053,(010)62267527,life,http://api.map.baidu.com/place/detail?uid=4c824b1d116ea97446e27481&output=html&source=placeapi_v2,36,,5,,,,,,,16,1,,,,,,,116.37363211705,39.947022380651,0
e9775b65b0ebd35fa11de9a0,西区剧场,休闲娱乐,剧院,北京市,北京市,西城区,北京市西城区护国寺街85号护国新天地西区4层,e9775b65b0ebd35fa11de9a0,1,1,116.381909,39.941483,(010)83289981,life,http://api.map.baidu.com/place/detail?uid=e9775b65b0ebd35fa11de9a0&output=html&source=placeapi_v2,166,10:00-22:00,5,,,,,,,2,1,,,,,,,116.38157416093,39.941788418168,1
d6d3c85103cace74acee7a3b,西城区文化馆小剧场,休闲娱乐,剧院,北京市,北京市,西城区,北京市西城区西直门内大街147号,d6d3c85103cace74acee7a3b,1,0,116.373636,39.946977,(010)62264188,life,http://api.map.baidu.com/place/detail?uid=d6d3c85103cace74acee7a3b&output=html&source=placeapi_v2,,08:00-22:00,0,,,,,,,,0,,,,,,,,,0
d3a0cf6a94d04f262b201a75,国家京剧院,休闲娱乐,剧院,北京市,北京市,西城区,北京市西城区平安里西大街22号国家京剧院大厦5楼,d3a0cf6a94d04f262b201a75,1,3,116.371786,39.937969,,life,http://api.map.baidu.com/place/detail?uid=d3a0cf6a94d04f262b201a75&output=html&source=placeapi_v2,100.0,09:00-17:00,0,,,,,,,21,0,,,,,,,116.37228986806,39.938074836474,3
c50a5063bae5a464e215f99e,开心麻花剧场,休闲娱乐,剧院,北京市,北京市,西城区,北京市西城区羊肉胡同30号,c50a5063bae5a464e215f99e,1,1,116.377986,39.928774,(010)66167994,life,http://api.map.baidu.com/place/detail?uid=c50a5063bae5a464e215f99e&output=html&source=placeapi_v2,322,09:00-22:30,4.5,,,,,,,24,12,,,,,,,116.37810115193,39.928977763918,1
f7b625563eba69174e2fdf66,鼓楼西剧场,休闲娱乐,剧院,北京市,北京市,西城区,北京市西城区鼓楼西大街小八道湾胡同6号,f7b625563eba69174e2fdf66,1,0,116.394154,39.952157,(010)64457019,life,http://api.map.baidu.com/place/detail?uid=f7b625563eba69174e2fdf66&output=html&source=placeapi_v2,170,10:00-22:30,4.3,,,,,,,32,4,,,,,,,116.39410037191,39.952133012923,0
76330a562a2d2504abf0cd39,梅兰芳大剧院(平安里西大街),休闲娱乐,剧院,北京市,北京市,西城区,北京市西城区平安里西大街32号,76330a562a2d2504abf0cd39,1,4,116.363627,39.937599,"(010)58331288,(010)58331388",life,http://api.map.baidu.com/place/detail?uid=76330a562a2d2504abf0cd39&output=html&source=placeapi_v2,272,09:30-20:00,4.6,,,,,,,147,14,,,,,,,116.36388167369,39.937922754252,4
ecc82dfc75ea7ca175e5b696,A33剧场,休闲娱乐,剧院,北京市,北京市,西城区,北京市西城区车公庄大街4号a33号,ecc82dfc75ea7ca175e5b696,1,0,116.357065,39.936637,(010)68104066,life,http://api.map.baidu.com/place/detail?uid=ecc82dfc75ea7ca175e5b696&output=html&source=placeapi_v2,156,,4.5,,,,,,,23,94,,,,,,,116.35720838299,39.936641812693,0
04bdf4a38bfb3356344aaeaa,北京地质礼堂剧场,休闲娱乐,剧院,北京市,北京市,西城区,北京市西城区羊肉胡同30号,04bdf4a38bfb3356344aaeaa,1,3,116.377759,39.928618,,life,http://api.map.baidu.com/place/detail?uid=04bdf4a38bfb3356344aaeaa&output=html&source=placeapi_v2,157,08:00-23:00,3.7,,,,,,,40,18,,,,,,,116.3780838838,39.928932313486,3
044270fc6dedddac233bf2ea,德云社新街口剧场,休闲娱乐,剧院,北京市,北京市,西城区,北京市西城区新街口北大街74号,044270fc6dedddac233bf2ea,1,0,116.379766,39.950393,,life,http://api.map.baidu.com/place/detail?uid=044270fc6dedddac233bf2ea&output=html&source=placeapi_v2,231,,4.2,,,,,,,18,13,,,,,,,116.37961022793,39.950381916052,0
dbde815bc670d90ffe0eb075,光源空间,休闲娱乐,剧院,北京市,北京市,西城区,车公庄大街4号-a1402室附近,dbde815bc670d90ffe0eb075,1,0,116.356959,39.936872,,life,http://api.map.baidu.com/place/detail?uid=dbde815bc670d90ffe0eb075&output=html&source=placeapi_v2,,,,,,,,,,7,,,,,,,,,,0
95b647b18dd35218c8213d07,什刹海剧场,休闲娱乐,剧院,北京市,北京市,西城区,北京市西城区地安门西大街57号,95b647b18dd35218c8213d07,1,1,116.396253,39.941513,"(010)83222231,(010)83227232",life,http://api.map.baidu.com/place/detail?uid=95b647b18dd35218c8213d07&output=html&source=placeapi_v2,108,09:00-19:00,4,,,,,,,24,3,,,,,,,116.39602414616,39.941499776135,1
372f40addc24fa33c9fa5f8b,官园综合楼,休闲娱乐,剧院,北京市,北京市,西城区,北京市西城区平安里西大街中海国际中心东北侧,372f40addc24fa33c9fa5f8b,1,0,116.364366,39.937998,,life,http://api.map.baidu.com/place/detail?uid=372f40addc24fa33c9fa5f8b&output=html&source=placeapi_v2,,,4.5,,,,,,,1,0,,,,,,,,,0
e85e2527b6cf615395f08cd0,首都剧场,休闲娱乐,剧院,北京市,北京市,东城区,北京市东城区王府井大街22号,e85e2527b6cf615395f08cd0,1,5,116.418334,39.927887,(010)85116622,life,http://api.map.baidu.com/place/detail?uid=e85e2527b6cf615395f08cd0&output=html&source=placeapi_v2,338,10:00-22:00,4.8,,,,,,,51,200,,,,,,,116.41724102098,39.92788796205,5
7aea43b75f81e3e17d29bdf0,风尚剧院,休闲娱乐,剧院,北京市,北京市,东城区,北京市东城区东大街111号,7aea43b75f81e3e17d29bdf0,1,0,116.417344,39.947328,(010)84802979,life,http://api.map.baidu.com/place/detail?uid=7aea43b75f81e3e17d29bdf0&output=html&source=placeapi_v2,67,,4.3,,,,,,,31,3,,,,,,,116.41733085153,39.947243892613,0
3a4f1aadf907fc238f1a89fd,北京人民艺术剧院,休闲娱乐,剧院,北京市,北京市,东城区,北京市东城区王府井大街22号,,1,0,116.418494,39.927886,(010)65249847,life,http://api.map.baidu.com/place/detail?uid=3a4f1aadf907fc238f1a89fd&output=html&source=placeapi_v2,205,08:30-20:30,5,,,,,,,28,5,,,,,,,116.41763510761,39.927900688018,0
fa7e1deb89a6512eafee7a08,北京儿童艺术剧院,休闲娱乐,剧院,北京市,北京市,东城区,北京市东城区后圆恩寺胡同17号,fa7e1deb89a6512eafee7a08,1,2,116.410661,39.945084,(010)64009360,life,http://api.map.baidu.com/place/detail?uid=fa7e1deb89a6512eafee7a08&output=html&source=placeapi_v2,,,0,,,,,,,8,3,,,,,,,116.41069172793,39.944818042768,2
4ea3f2f1af822ab3aecb6642,蓬蒿剧场,休闲娱乐,剧院,北京市,北京市,东城区,北京市东城区东棉花胡同35号,4ea3f2f1af822ab3aecb6642,1,0,116.41252,39.942424,(010)64006472,life,http://api.map.baidu.com/place/detail?uid=4ea3f2f1af822ab3aecb6642&output=html&source=placeapi_v2,64,10:00-22:00,4.4,,,,,,,31,8,,,,,,,116.41250142816,39.942659304968,0
f4a33da966f440753110af9a,中央戏剧学院-实验剧场,休闲娱乐,剧院,北京市,北京市,东城区,北京市东城区东棉花胡同39号,f4a33da966f440753110af9a,1,0,116.409857,39.942049,(010)51656040,life,http://api.map.baidu.com/place/detail?uid=f4a33da966f440753110af9a&output=html&source=placeapi_v2,,,3,,,,,,,17,3,,,,,,,116.40985900805,39.941980935353,0
dccbb89bcdd6673b9de32140,北京剧目排练中心,休闲娱乐,剧院,北京市,北京市,东城区,北京市东城区景山街道美术馆后街77号,dccbb89bcdd6673b9de32140,1,0,116.414799,39.93403,,life,http://api.map.baidu.com/place/detail?uid=dccbb89bcdd6673b9de32140&output=html&source=placeapi_v2,,,0,,,,,,,6,0,,,,,,,116.41476495773,39.933988756465,0
7b3e74980081bff51811d53f,77文创园剧场,休闲娱乐,剧院,北京市,北京市,东城区,北京市东城区美术馆后街77号77文创园内,7b3e74980081bff51811d53f,1,0,116.414618,39.933856,13716534560,life,http://api.map.baidu.com/place/detail?uid=7b3e74980081bff51811d53f&output=html&source=placeapi_v2,127,09:00-18:00,0,,,,,,,1,0,,,,,,,116.41461923461,39.933815557111,0
f7b625563eba69174e2fdf66,鼓楼西剧场,休闲娱乐,剧院,北京市,北京市,西城区,北京市西城区鼓楼西大街小八道湾胡同6号,f7b625563eba69174e2fdf66,1,0,116.394154,39.952157,(010)64457019,life,http://api.map.baidu.com/place/detail?uid=f7b625563eba69174e2fdf66&output=html&source=placeapi_v2,170,10:00-22:30,4.3,,,,,,,32,4,,,,,,,116.39410037191,39.952133012923,0
685135f5ce8c3c60c056acf9,隆福剧场,休闲娱乐,剧院,北京市,北京市,东城区,北京市东城区隆福寺大街47号,685135f5ce8c3c60c056acf9,1,0,116.421872,39.931551,(010)84028490,life,http://api.map.baidu.com/place/detail?uid=685135f5ce8c3c60c056acf9&output=html&source=placeapi_v2,167,09:00-22:00,4.7,,,,,,,6,3,,,,,,,116.42223887574,39.931549172963,0
9e93f0d8c2557be00b69d9b7,东方国际戏剧文化艺术中心,休闲娱乐,剧院,北京市,北京市,东城区,北京市东城区国子监街40号,9e93f0d8c2557be00b69d9b7,1,1,116.417187,39.951579,,life,http://api.map.baidu.com/place/detail?uid=9e93f0d8c2557be00b69d9b7&output=html&source=placeapi_v2,,"09:00-16:00,18:30-23:00",0,,,,,,,5,1,,,,,,,116.41705237683,39.9517380494,1
b7021bf818ecc6e3f4e73b33,剧人之家休闲俱乐部(王府井店),休闲娱乐,剧院,北京市,北京市,东城区,北京市东城区报房胡同101号,b7021bf818ecc6e3f4e73b33,1,0,116.418221,39.928254,13671271330,life,http://api.map.baidu.com/place/detail?uid=b7021bf818ecc6e3f4e73b33&output=html&source=placeapi_v2,169,09:30-22:00,4.5,,,,,,,18,2,,,,,,,116.41808820462,39.928221125334,0
e44156d5085b83292fb9089e,青蓝剧场,休闲娱乐,剧院,北京市,北京市,东城区,北京市东城区东四十条24号青蓝大厦3楼(近保利大厦),e44156d5085b83292fb9089e,1,0,116.435412,39.939275,,life,http://api.map.baidu.com/place/detail?uid=e44156d5085b83292fb9089e&output=html&source=placeapi_v2,135,09:00-21:00,5,,,,,,,13,4,,,,,,,116.4360748458,39.939396076864,0
f498d661a1454ee2f6c59c68,南阳共享际剧场,休闲娱乐,剧院,北京市,北京市,东城区,北京市东城区南阳胡同6号,f498d661a1454ee2f6c59c68,1,0,116.42021,39.935516,,life,http://api.map.baidu.com/place/detail?uid=f498d661a1454ee2f6c59c68&output=html&source=placeapi_v2,,10:00-21:00,,,,,,,,1,1,,,,,,,116.42010087,39.935496646727,0
95b647b18dd35218c8213d07,什刹海剧场,休闲娱乐,剧院,北京市,北京市,西城区,北京市西城区地安门西大街57号,95b647b18dd35218c8213d07,1,1,116.396253,39.941513,"(010)83222231,(010)83227232",life,http://api.map.baidu.com/place/detail?uid=95b647b18dd35218c8213d07&output=html&source=placeapi_v2,108,09:00-19:00,4,,,,,,,24,3,,,,,,,116.39602414616,39.941499776135,1
8efaa178a13babc54151c0df,77THEATRE,休闲娱乐,剧院,北京市,北京市,东城区,北京市东城区后街77t,8efaa178a13babc54151c0df,1,0,116.415174,39.933889,,life,http://api.map.baidu.com/place/detail?uid=8efaa178a13babc54151c0df&output=html&source=placeapi_v2,,,,,,,,,,1,,,,,,,,116.41542701607,39.933895167654,0
8b2ab9057b11e2008b2fb5d2,旧鼓楼社区公益小剧场,休闲娱乐,剧院,北京市,北京市,西城区,北京市西城区旧鼓楼大街145号,8b2ab9057b11e2008b2fb5d2,1,0,116.400193,39.948219,(010)64040081,life,http://api.map.baidu.com/place/detail?uid=8b2ab9057b11e2008b2fb5d2&output=html&source=placeapi_v2,,,0,,,,,,,15,0,,,,,,,116.40041758683,39.948230159427,0
5211d219d5f9fc587dc876fc,中央歌剧院,休闲娱乐,剧院,北京市,北京市,东城区,北京市东城区东中街115号,5211d219d5f9fc587dc876fc,1,2,116.44315,39.935238,(010)65535582,life,http://api.map.baidu.com/place/detail?uid=5211d219d5f9fc587dc876fc&output=html&source=placeapi_v2,45.0,,4.5,,,,,,,20,2,,,,,,,116.4436327267,39.935274808865,2
366d892d67811873cf06a44e,德云社三里屯剧场,休闲娱乐,剧院,北京市,北京市,朝阳区,北京市朝阳区工体东路4号,366d892d67811873cf06a44e,1,0,116.459958,39.937193,(010)58407676,life,http://api.map.baidu.com/place/detail?uid=366d892d67811873cf06a44e&output=html&source=placeapi_v2,298,19:30-22:00,4.6,,,,,,,18,10,,,,,,,116.459099114,39.939267888961,0
d588452b447ab1f67ab55c3b,北京喜剧场,休闲娱乐,剧院,北京市,北京市,东城区,北京市东城区朝阳门北大街11号,d588452b447ab1f67ab55c3b,1,3,116.439457,39.936133,(010)84191616,life,http://api.map.baidu.com/place/detail?uid=d588452b447ab1f67ab55c3b&output=html&source=placeapi_v2,320,18:00-23:00,4,,,,,,,22,10,,,,,,,116.44001504193,39.935543930285,3
401f11af7eda5f283f9a5eda,爱乐汇艺术空间-小剧场,休闲娱乐,剧院,北京市,北京市,朝阳区,朝阳区三里屯SOHO商场6号,,1,0,116.460257,39.937801,,life,http://api.map.baidu.com/place/detail?uid=401f11af7eda5f283f9a5eda&output=html&source=placeapi_v2,,,,,,,,,,1,,,,,,,,,,0
764672e57f06e7ad94ec84d0,保利剧院,休闲娱乐,剧院,北京市,北京市,东城区,北京市东城区东直门南大街14号保利大厦1层,764672e57f06e7ad94ec84d0,1,5,116.441894,39.940129,(010)65065345,life,http://api.map.baidu.com/place/detail?uid=764672e57f06e7ad94ec84d0&output=html&source=placeapi_v2,25,09:00-22:30,4.6,,,,,,,18,200,,,,,,,116.4431171891,39.940915574395,5
e9701e811faeecae88b9880b,蜂巢剧场(东直门店),休闲娱乐,剧院,北京市,北京市,东城区,北京市东城区东直门外新中街甲3号1层,e9701e811faeecae88b9880b,1,1,116.445202,39.946149,(010)65524990,life,http://api.map.baidu.com/place/detail?uid=e9701e811faeecae88b9880b&output=html&source=placeapi_v2,228,18:00-21:00,3.8,,,,,,,21,20,,,,,,,116.44555936108,39.946289604742,1
aa577e02a79857ec03ff2d7b,少年宫剧场,休闲娱乐,剧院,北京市,北京市,东城区,北京市东城区东直门南大街10号,aa577e02a79857ec03ff2d7b,1,0,116.441252,39.942088,,life,http://api.map.baidu.com/place/detail?uid=aa577e02a79857ec03ff2d7b&output=html&source=placeapi_v2,,,0,,,,,,,45,0,,,,,,,116.4411449306,39.942099446327,0
52d54782e8dba06788fc062e,迷雾剧场,休闲娱乐,剧院,北京市,北京市,朝阳区,北京市朝阳区东三环北路恒安大厦北侧约50米,52d54782e8dba06788fc062e,1,0,116.46795,39.93796,,life,http://api.map.baidu.com/place/detail?uid=52d54782e8dba06788fc062e&output=html&source=placeapi_v2,,,,,,,,,,,,,,,,,,116.46804340991,39.937958197469,0
d991e1161341ea2b1e38948a,雷剧场,休闲娱乐,剧院,北京市,北京市,东城区,北京市东城区工体北路66号1层,d991e1161341ea2b1e38948a,1,0,116.44416,39.93924,(010)64030977,life,http://api.map.baidu.com/place/detail?uid=d991e1161341ea2b1e38948a&output=html&source=placeapi_v2,106,19:30-21:30,4,,,,,,,72,4,,,,,,,116.44401640908,39.939471055764,0
4c2088e8d4f240761c1d1111,30+沉浸式剧情密室,休闲娱乐,剧院,北京市,北京市,东城区,北京市东城区东直门外大街42号10层1023室,,1,0,116.444037,39.946082,18301686783,life,http://api.map.baidu.com/place/detail?uid=4c2088e8d4f240761c1d1111&output=html&source=placeapi_v2,,10:00-00:30,,,,,,,,1,,,,,,,,,,0
e44156d5085b83292fb9089e,青蓝剧场,休闲娱乐,剧院,北京市,北京市,东城区,北京市东城区东四十条24号青蓝大厦3楼(近保利大厦),e44156d5085b83292fb9089e,1,0,116.435412,39.939275,,life,http://api.map.baidu.com/place/detail?uid=e44156d5085b83292fb9089e&output=html&source=placeapi_v2,135,09:00-21:00,5,,,,,,,13,4,,,,,,,116.4360748458,39.939396076864,0
0bc32dfe030a12042efaa77e,百衲剧场.com,休闲娱乐,剧院,北京市,北京市,朝阳区,北京市朝阳区左家庄中街6号院9豪成大厦23层23A10,0bc32dfe030a12042efaa77e,1,0,116.448305,39.961148,,life,http://api.map.baidu.com/place/detail?uid=0bc32dfe030a12042efaa77e&output=html&source=placeapi_v2,,,0.0,,,,,,,1,,,,,,,,116.44827231559,39.961004352285,0
559b4c5ec970805872210b61,幽默小区脱口秀,休闲娱乐,剧院,北京市,北京市,朝阳区,南三里屯路三里屯南路4号楼(中宇大厦南),,1,0,116.462654,39.938735,,life,http://api.map.baidu.com/place/detail?uid=559b4c5ec970805872210b61&output=html&source=placeapi_v2,,,,,,,,,,1,10,,,,,,,,,0
9259a68dbea56adf95f08cc0,世纪剧院,休闲娱乐,剧院,北京市,北京市,朝阳区,北京市朝阳区亮马桥路40号,9259a68dbea56adf95f08cc0,1,1,116.478908,39.957486,(010)64628470,life,http://api.map.baidu.com/place/detail?uid=9259a68dbea56adf95f08cc0&output=html&source=placeapi_v2,438,10:00-22:00,4.2,,,,,,,17,26,,,,,,,116.479199,39.95830607352,1
c2ef90c0404673706240a9b7,世纪剧院-小剧场,休闲娱乐,剧院,北京市,北京市,朝阳区,北京市朝阳区亮马桥路40号,c2ef90c0404673706240a9b7,1,0,116.478828,39.957297,,life,http://api.map.baidu.com/place/detail?uid=c2ef90c0404673706240a9b7&output=html&source=placeapi_v2,,,,,,,,,,,,,,,,,,,,0
8b2447df72956e4b9ee3212a,中心岛剧场,休闲娱乐,剧院,北京市,北京市,朝阳区,北京市朝阳区农展南路1号朝阳公园中心岛内,,1,0,116.486886,39.954378,,life,http://api.map.baidu.com/place/detail?uid=8b2447df72956e4b9ee3212a&output=html&source=placeapi_v2,,,3,,,,,,,6,1,,,,,,,116.48774035181,39.954056912018,0
687ef753d95b3aaef8f0cb0d,LT剧本推理社,休闲娱乐,剧院,北京市,北京市,朝阳区,北京市朝阳区石佛营路炫特嘉园13号楼1层,,1,0,116.511204,39.936912,,life,http://api.map.baidu.com/place/detail?uid=687ef753d95b3aaef8f0cb0d&output=html&source=placeapi_v2,,,,,,,,,,,,,,,,,,,,0
49c46a5fa9496f6d1f38941d,山下剧场,休闲娱乐,剧院,北京市,北京市,朝阳区,北京市朝阳区姚家园南路1号惠通时代广场k区7号楼,,1,0,116.542026,39.939067,(010)85906292,life,http://api.map.baidu.com/place/detail?uid=49c46a5fa9496f6d1f38941d&output=html&source=placeapi_v2,,,0.0,,,,,,,1,,,,,,,,116.54162498774,39.939095705631,0
687ef753d95b3aaef8f0cb0d,LT剧本推理社,休闲娱乐,剧院,北京市,北京市,朝阳区,北京市朝阳区石佛营路炫特嘉园13号楼1层,,1,0,116.511204,39.936912,,life,http://api.map.baidu.com/place/detail?uid=687ef753d95b3aaef8f0cb0d&output=html&source=placeapi_v2,,,,,,,,,,,,,,,,,,,,0
6eb43594bea3579200ff2db9,音乐现场,休闲娱乐,剧院,北京市,北京市,朝阳区,北京市朝阳区百子湾路32号6-22号,6eb43594bea3579200ff2db9,1,0,116.552932,39.942525,,life,http://api.map.baidu.com/place/detail?uid=6eb43594bea3579200ff2db9&output=html&source=placeapi_v2,,,,,,,,,,5,,,,,,,,116.55294012593,39.942442634374,0
6eb43594bea3579200ff2db9,音乐现场,休闲娱乐,剧院,北京市,北京市,朝阳区,北京市朝阳区百子湾路32号6-22号,6eb43594bea3579200ff2db9,1,0,116.552932,39.942525,,life,http://api.map.baidu.com/place/detail?uid=6eb43594bea3579200ff2db9&output=html&source=placeapi_v2,,,,,,,,,,5,,,,,,,,116.55294012593,39.942442634374,0
f2e87ad59c27702b2fb17ed7,运河剧院,休闲娱乐,剧院,北京市,北京市,通州区,北京市通州区富河大街321号,,1,0,116.64598,39.934488,(010)69513692,life,http://api.map.baidu.com/place/detail?uid=f2e87ad59c27702b2fb17ed7&output=html&source=placeapi_v2,,,0,,,,,,,4,1,,,,,,,116.64597144612,39.93423003804,0
c848d31aa48bbcffd7851fae,小荷花剧场,休闲娱乐,剧院,河北省,廊坊市,三河市,河北省廊坊市三河市金榆大街1506号,c848d31aa48bbcffd7851fae,1,0,116.846406,39.950162,,life,http://api.map.baidu.com/place/detail?uid=c848d31aa48bbcffd7851fae&output=html&source=placeapi_v2,,,,,,,,,,4,,,,,,,,116.84628062577,39.950303892108,0
317cdc0f3c52d027081cc739,龙泉会堂,休闲娱乐,剧院,北京市,北京市,门头沟区,北京市门头沟区水闸北路21号,317cdc0f3c52d027081cc739,1,1,116.111343,39.967437,,life,http://api.map.baidu.com/place/detail?uid=317cdc0f3c52d027081cc739&output=html&source=placeapi_v2,,,4.0,,,,,,,2,3,,,,,,,116.11095209106,39.967736951327,1
7c023721695c455d2cb96df7,大道喜剧院,休闲娱乐,剧院,北京市,北京市,海淀区,北京市海淀区华府北街2号,7c023721695c455d2cb96df7,1,0,116.301567,39.977853,(010)82568328,life,http://api.map.baidu.com/place/detail?uid=7c023721695c455d2cb96df7&output=html&source=placeapi_v2,,,4,,,,,,,17,2,,,,,,,116.30156416318,39.977988686784,0
e3d6f29a75848c404afd3fd5,魔山剧场,休闲娱乐,剧院,北京市,北京市,海淀区,北京市海淀区万柳华府北街海淀工人文化宫,,1,0,116.301511,39.977706,,life,http://api.map.baidu.com/place/detail?uid=e3d6f29a75848c404afd3fd5&output=html&source=placeapi_v2,,,5.0,,,,,,,1,1,,,,,,,,,0
42a3f6d23b35460c7ec876d3,露天剧场,休闲娱乐,剧院,北京市,北京市,海淀区,北京市海淀区新建宫门路2号海淀公园内,,1,0,116.30267,39.992198,,life,http://api.map.baidu.com/place/detail?uid=42a3f6d23b35460c7ec876d3&output=html&source=placeapi_v2,,,,,,,,,,,,,,,,,,,,0
e56bf5e3f6f58b5d0782c25d,丑小鸭卡通艺术团,休闲娱乐,剧院,北京市,北京市,海淀区,北京市海淀区华府北街2号慧科大厦东区9d,e56bf5e3f6f58b5d0782c25d,1,0,116.301553,39.977822,(010)82567925,life,http://api.map.baidu.com/place/detail?uid=e56bf5e3f6f58b5d0782c25d&output=html&source=placeapi_v2,59,,4.6,,,,,,,200,188,,,,,,,116.30154876639,39.97798847761,0
c21db9e57689578301ff2db3,DO RE MI剧场,休闲娱乐,剧院,北京市,北京市,海淀区,万柳星标家园甲6号,c21db9e57689578301ff2db3,1,2,116.301852,39.972073,(010)88879378,life,http://api.map.baidu.com/place/detail?uid=c21db9e57689578301ff2db3&output=html&source=placeapi_v2,,,4.4,,,,,,,25,7,,,,,,,116.30215011904,39.971833659269,2
4e023d41bc3485a876e5b617,中国人民大学-莫扎特音乐厅,休闲娱乐,剧院,北京市,北京市,海淀区,北京市海淀区中关村大街59号,4e023d41bc3485a876e5b617,1,0,116.319599,39.976229,(010)62513859,life,http://api.map.baidu.com/place/detail?uid=4e023d41bc3485a876e5b617&output=html&source=placeapi_v2,,,0.0,,,,,,,1,,,,,,,,116.31958695123,39.976389818894,0
da09a2e151800e42b320a8cb,面剧・推理剧场,休闲娱乐,剧院,北京市,北京市,海淀区,北京市海淀区中关村南大街北京科技会展中心1号楼20C1号,,1,0,116.330514,39.97207,17333658088,life,http://api.map.baidu.com/place/detail?uid=da09a2e151800e42b320a8cb&output=html&source=placeapi_v2,,10:00-02:00,,,,,,,,,,,,,,,,116.33126441442,39.972018636898,0
38d97f1d98bc167a1e58000d,北京航空航天大学-晨兴剧场,休闲娱乐,剧院,北京市,北京市,海淀区,北京市海淀区学院路37号,38d97f1d98bc167a1e58000d,1,0,116.354039,39.988212,,life,http://api.map.baidu.com/place/detail?uid=38d97f1d98bc167a1e58000d&output=html&source=placeapi_v2,,10:00-21:00,0.0,,,,,,,1,,,,,,,,116.35385561313,39.98819193469,0
cc0849a02c357449950319a9,北京航空航天大学(学院路校区)-晨兴音乐厅,休闲娱乐,剧院,北京市,北京市,海淀区,北京市海淀区学院路37号,cc0849a02c357449950319a9,1,0,116.358134,39.987571,,life,http://api.map.baidu.com/place/detail?uid=cc0849a02c357449950319a9&output=html&source=placeapi_v2,63,,3.8,,,,,,,11,7,,,,,,,116.35851843047,39.987132607937,0
4e023d41bc3485a876e5b617,中国人民大学-莫扎特音乐厅,休闲娱乐,剧院,北京市,北京市,海淀区,北京市海淀区中关村大街59号,4e023d41bc3485a876e5b617,1,0,116.319599,39.976229,(010)62513859,life,http://api.map.baidu.com/place/detail?uid=4e023d41bc3485a876e5b617&output=html&source=placeapi_v2,,,0.0,,,,,,,1,,,,,,,,116.31958695123,39.976389818894,0
616739981277feaa8bf15d6c,国安剧院,休闲娱乐,剧院,北京市,北京市,海淀区,北京市海淀区花园东路甲16号,616739981277feaa8bf15d6c,1,2,116.376727,39.987335,(010)62369772,life,http://api.map.baidu.com/place/detail?uid=616739981277feaa8bf15d6c&output=html&source=placeapi_v2,30,09:00-24:00,4.7,,,,,,,5,3,,,,,,,116.37639227841,39.987263682555,2
a55d20bcdf77b4577adbd2be,中国歌剧舞剧院,休闲娱乐,剧院,北京市,北京市,西城区,北京市西城区南华东街2号家属区10单元,a55d20bcdf77b4577adbd2be,1,0,116.394023,39.969846,,life,http://api.map.baidu.com/place/detail?uid=a55d20bcdf77b4577adbd2be&output=html&source=placeapi_v2,,,,,,,,,,,,,,,,,,,,0
c16f5f2cb2ed2998c356ac5f,牡丹C-POP爱乐实验剧场,休闲娱乐,剧院,北京市,北京市,海淀区,北京市海淀区花园路2号,,1,0,116.375412,39.984657,18613865290,life,http://api.map.baidu.com/place/detail?uid=c16f5f2cb2ed2998c356ac5f&output=html&source=placeapi_v2,,,,,,,,,,8,,,,,,,,116.3754056908,39.984695707252,0
48df3565f6005c89631c67fc,北京师范大学(海淀校区)-北国剧场,休闲娱乐,剧院,北京市,北京市,海淀区,北京市海淀区新街口外大街19号,48df3565f6005c89631c67fc,1,1,116.36901,39.96847,(010)58805338,life,http://api.map.baidu.com/place/detail?uid=48df3565f6005c89631c67fc&output=html&source=placeapi_v2,,08:00-22:00,4,,,,,,,11,2,,,,,,,116.36891218455,39.96857811837,1
cc0849a02c357449950319a9,北京航空航天大学(学院路校区)-晨兴音乐厅,休闲娱乐,剧院,北京市,北京市,海淀区,北京市海淀区学院路37号,cc0849a02c357449950319a9,1,0,116.358134,39.987571,,life,http://api.map.baidu.com/place/detail?uid=cc0849a02c357449950319a9&output=html&source=placeapi_v2,63,,3.8,,,,,,,11,7,,,,,,,116.35851843047,39.987132607937,0
0cec3f4ba875667ba2d230d7,佰隆大厦333剧场・红壶相声社・京圈儿酒场,休闲娱乐,剧院,北京市,北京市,西城区,北京市西城区黄寺大街乙28号号楼佰隆大厦3层,,1,0,116.395099,39.969583,13601120539,life,http://api.map.baidu.com/place/detail?uid=0cec3f4ba875667ba2d230d7&output=html&source=placeapi_v2,,22:00-04:00,,,,,,,,2,1,,,,,,,116.3950345492,39.969491449012,0
b34445e803907febb6147f3a,乐活卉相声剧场,休闲娱乐,剧院,北京市,北京市,朝阳区,北京市朝阳区安定路甲24号2楼,b34445e803907febb6147f3a,1,0,116.414626,39.9829,(010)64017709,life,http://api.map.baidu.com/place/detail?uid=b34445e803907febb6147f3a&output=html&source=placeapi_v2,,,,,,,,,,1,,,,,,,,,,0
5e288d5749b3a418047ce879,中国木偶剧院大剧场票务中心,休闲娱乐,剧院,北京市,北京市,朝阳区,北京市朝阳区安华西里甲1号,5e288d5749b3a418047ce879,1,0,116.407731,39.974398,,life,http://api.map.baidu.com/place/detail?uid=5e288d5749b3a418047ce879&output=html&source=placeapi_v2,,,,,,,,,,1,,,,,,,,,,0
87ffdd463492cd51e81e973b,中国木偶剧院-小铃铛精品剧场,休闲娱乐,剧院,北京市,北京市,朝阳区,安华西里一区1号,87ffdd463492cd51e81e973b,1,0,116.407869,39.974397,(010)64254849,life,http://api.map.baidu.com/place/detail?uid=87ffdd463492cd51e81e973b&output=html&source=placeapi_v2,,,3,,,,,,,7,2,,,,,,,116.40788354227,39.974644295538,0
5b031f234029b3f2601c678c,中国木偶艺术剧院,休闲娱乐,剧院,北京市,北京市,朝阳区,北京市朝阳区安贞桥安华西里一区甲1号,5b031f234029b3f2601c678c,1,5,116.407787,39.974563,"(010)64229487,(010)64243697",life,http://api.map.baidu.com/place/detail?uid=5b031f234029b3f2601c678c&output=html&source=placeapi_v2,101,09:30-19:30,3.8,,,,,,,14,6,,,,,,,116.40829365017,39.974432217373,5
2fae80b892c3d3c840ab9a0f,安源演播厅,休闲娱乐,剧院,北京市,北京市,朝阳区,北京市朝阳区和平西街青年沟路23号院,2fae80b892c3d3c840ab9a0f,1,0,116.423444,39.968758,(010)84283488,life,http://api.map.baidu.com/place/detail?uid=2fae80b892c3d3c840ab9a0f&output=html&source=placeapi_v2,,,0,,,,,,,7,0,,,,,,,116.4234121849,39.968753298995,0
0cec3f4ba875667ba2d230d7,佰隆大厦333剧场・红壶相声社・京圈儿酒场,休闲娱乐,剧院,北京市,北京市,西城区,北京市西城区黄寺大街乙28号号楼佰隆大厦3层,,1,0,116.395099,39.969583,13601120539,life,http://api.map.baidu.com/place/detail?uid=0cec3f4ba875667ba2d230d7&output=html&source=placeapi_v2,,22:00-04:00,,,,,,,,2,1,,,,,,,116.3950345492,39.969491449012,0
73893b8078749c73d1f49e6b,LIVEHOUSE,休闲娱乐,剧院,北京市,北京市,朝阳区,北京市朝阳区曙光南路曙光西里,73893b8078749c73d1f49e6b,1,0,116.455819,39.96942,,life,http://api.map.baidu.com/place/detail?uid=73893b8078749c73d1f49e6b&output=html&source=placeapi_v2,,,,,,,,,,4,,,,,,,,116.45621939177,39.969774210784,0
0bc32dfe030a12042efaa77e,百衲剧场.com,休闲娱乐,剧院,北京市,北京市,朝阳区,北京市朝阳区左家庄中街6号院9豪成大厦23层23A10,0bc32dfe030a12042efaa77e,1,0,116.448305,39.961148,,life,http://api.map.baidu.com/place/detail?uid=0bc32dfe030a12042efaa77e&output=html&source=placeapi_v2,,,0.0,,,,,,,1,,,,,,,,116.44827231559,39.961004352285,0
e1f3e534013a03b5ce04efd4,布谷鸟戏剧,休闲娱乐,剧院,北京市,北京市,朝阳区,北京市朝阳区望京西路48号金隅国际4号楼,e1f3e534013a03b5ce04efd4,1,0,116.465197,39.991125,13311287160,life,http://api.map.baidu.com/place/detail?uid=e1f3e534013a03b5ce04efd4&output=html&source=placeapi_v2,,08:30-20:00,,,,,,,,9,2,,,,,,,116.46520430367,39.990910762855,0
4d9b66024f9092c9cf06a418,小柯剧场,休闲娱乐,剧院,北京市,北京市,朝阳区,北京市朝阳区酒仙桥路4号798艺术区4号院,4d9b66024f9092c9cf06a418,1,0,116.504483,39.990619,(010)84599338,life,http://api.map.baidu.com/place/detail?uid=4d9b66024f9092c9cf06a418&output=html&source=placeapi_v2,216,19:00-21:00,4.7,,,,,,,16,199,,,,,,,116.50466713601,39.990397742155,0
f08a3229d826a8edbfa822cd,秀剧场,休闲娱乐,剧院,北京市,北京市,朝阳区,北京市朝阳区酒仙桥路4号,f08a3229d826a8edbfa822cd,1,0,116.506866,39.989907,18618255268,life,http://api.map.baidu.com/place/detail?uid=f08a3229d826a8edbfa822cd&output=html&source=placeapi_v2,,,0.0,,,,,,,4,,,,,,,,116.50659322789,39.990025129748,0
2849bba9fffe574887154104,798艺术区798剧场,休闲娱乐,剧院,北京市,北京市,朝阳区,北京市朝阳区酒仙桥4号,2849bba9fffe574887154104,1,0,116.499685,39.989068,13911692297,life,http://api.map.baidu.com/place/detail?uid=2849bba9fffe574887154104&output=html&source=placeapi_v2,,,5,,,,,,,32,3,,,,,,,116.49999850034,39.988991746113,0
d5f50b626a7823438f1a8900,LIVETANK-剧场,休闲娱乐,剧院,北京市,北京市,朝阳区,751D・PARK北京时尚设计广场C12栋F1,,1,0,116.507769,39.990397,(010)84599470,life,http://api.map.baidu.com/place/detail?uid=d5f50b626a7823438f1a8900&output=html&source=placeapi_v2,,,,,,,,,,,,,,,,,,116.50776901638,39.990397484622,0
faceb0f46b759924b21e36d7,前沿艺术展演中心,休闲娱乐,剧院,北京市,北京市,朝阳区,"北京市朝阳区酒仙桥路4号751园区内751DPARK北京时尚设计广场C203,极客公园右手侧",faceb0f46b759924b21e36d7,1,0,116.507215,39.991102,(010)84599695,life,http://api.map.baidu.com/place/detail?uid=faceb0f46b759924b21e36d7&output=html&source=placeapi_v2,,09:00-20:00,5,,,,,,,7,2,,,,,,,116.50722324817,39.991547165539,0
8f9bd3873ea0996ca1046448,华奥佰剧坊之绿野仙踪,休闲娱乐,剧院,北京市,北京市,朝阳区,751D・PARK北京时尚设计广场C12栋F2,8f9bd3873ea0996ca1046448,1,0,116.507767,39.990297,(010)84599470,life,http://api.map.baidu.com/place/detail?uid=8f9bd3873ea0996ca1046448&output=html&source=placeapi_v2,,,,,,,,,,6,,,,,,,,116.50736619283,39.990441286371,0
2c55ab6666f5829ef90cad45,环宇百姓大舞台,休闲娱乐,剧院,北京市,北京市,朝阳区,北京市朝阳区楼梓庄路金盏乡皮村中心幼儿园西北侧约140米,2c55ab6666f5829ef90cad45,1,0,116.64272,39.995082,,life,http://api.map.baidu.com/place/detail?uid=2c55ab6666f5829ef90cad45&output=html&source=placeapi_v2,,,,,,,,,,2,,,,,,,,,,0
aa8e01681aa346174002453f,MASK剧场,休闲娱乐,剧院,北京市,北京市,通州区,北京市通州区宋庄北塘西街,,1,0,116.71922,39.973705,18618409193,life,http://api.map.baidu.com/place/detail?uid=aa8e01681aa346174002453f&output=html&source=placeapi_v2,,,,,,,,,,,,,,,,,,,,0
fa7da3e804d67f7b42d63e32,人民影剧院(鼎盛东大街),休闲娱乐,剧院,河北省,廊坊市,三河市,河北省廊坊市三河市鼎盛东大街3号,fa7da3e804d67f7b42d63e32,1,0,117.083794,39.988752,,life,http://api.map.baidu.com/place/detail?uid=fa7da3e804d67f7b42d63e32&output=html&source=placeapi_v2,28,10:00-24:00,2.7,,,,,,,2,3,,,,,,,117.08394251273,39.988471184596,0
be4a7ea32c3a729d09a8d4d5,蒙民伟音乐厅,休闲娱乐,剧院,北京市,北京市,海淀区,北京市海淀区双清路30号清华大学南楼,be4a7ea32c3a729d09a8d4d5,1,2,116.335125,40.0076,,life,http://api.map.baidu.com/place/detail?uid=be4a7ea32c3a729d09a8d4d5&output=html&source=placeapi_v2,101,,5,,,,,,,9,10,,,,,,,116.33461156363,40.007409069626,2
9db5b8a318c70c04430245af,中国音乐学院-歌剧厅,休闲娱乐,剧院,北京市,北京市,朝阳区,北京市朝阳区安翔路1号,9db5b8a318c70c04430245af,1,0,116.38589,39.997144,,life,http://api.map.baidu.com/place/detail?uid=9db5b8a318c70c04430245af&output=html&source=placeapi_v2,,,,,,,,,,1,,,,,,,,,,0
7cb27f009352a71ed4851ff4,北京演艺中心,休闲娱乐,剧院,北京市,北京市,朝阳区,北京市朝阳区天辰东路9号,7cb27f009352a71ed4851ff4,1,1,116.396696,40.003388,,life,http://api.map.baidu.com/place/detail?uid=7cb27f009352a71ed4851ff4&output=html&source=placeapi_v2,,,3,,,,,,,2,2,,,,,,,116.39656502579,40.003959825281,1
53cebd503ec8481f2b02e1bf,中国音乐学院-音乐厅,休闲娱乐,剧院,北京市,北京市,朝阳区,北京市朝阳区安翔路甲1号,53cebd503ec8481f2b02e1bf,1,0,116.386213,39.997104,"(010)64874884,(010)64887367",life,http://api.map.baidu.com/place/detail?uid=53cebd503ec8481f2b02e1bf&output=html&source=placeapi_v2,,08:00-24:00,4,,,,,,,7,3,,,,,,,116.38582631521,39.996685070856,0
c2a762729eb6712b38221c88,北京剧院,休闲娱乐,剧院,北京市,北京市,朝阳区,北京市朝阳区安慧桥安慧里三区10号楼,c2a762729eb6712b38221c88,1,4,116.414901,39.997431,(010)64975575,life,http://api.map.baidu.com/place/detail?uid=c2a762729eb6712b38221c88&output=html&source=placeapi_v2,84,09:30-20:30,4.1,,,,,,,39,22,,,,,,,116.41447449603,39.997567757551,4
2c754b2a569f7736dc1e520b,森林小剧场,休闲娱乐,剧院,北京市,北京市,朝阳区,北京市朝阳区科荟路33号奥林匹克森林公园南园内,2c754b2a569f7736dc1e520b,1,0,116.402204,40.017961,(010)64529060,life,http://api.map.baidu.com/place/detail?uid=2c754b2a569f7736dc1e520b&output=html&source=placeapi_v2,,06:00-20:00,5.0,,,,,,,2,3,,,,,,,116.40231666217,40.016904422108,0
7cb27f009352a71ed4851ff4,北京演艺中心,休闲娱乐,剧院,北京市,北京市,朝阳区,北京市朝阳区天辰东路9号,7cb27f009352a71ed4851ff4,1,1,116.396696,40.003388,,life,http://api.map.baidu.com/place/detail?uid=7cb27f009352a71ed4851ff4&output=html&source=placeapi_v2,,,3,,,,,,,2,2,,,,,,,116.39656502579,40.003959825281,1
bd3a8d8da0174c94b54f5479,奥林匹克露天剧场,休闲娱乐,剧院,北京市,北京市,朝阳区,北京市朝阳区科荟路33号奥林匹克森林公园南园,,1,0,116.398933,40.018681,,life,http://api.map.baidu.com/place/detail?uid=bd3a8d8da0174c94b54f5479&output=html&source=placeapi_v2,,,4.8,,,,,,,5,5,,,,,,,,,0
08e57491a2e79c97b75f1e40,鸟巢4D全息演唱会馆,休闲娱乐,剧院,北京市,北京市,朝阳区,北京市朝阳区育场南路1号p座402室,,1,0,116.404155,39.998621,(010)59496977,life,http://api.map.baidu.com/place/detail?uid=08e57491a2e79c97b75f1e40&output=html&source=placeapi_v2,,10:00-20:00,5,,,,,,,16,2,,,,,,,116.40483124028,39.998343552597,0
0a15c7ec533b6cfcec74f890,民族音乐厅,休闲娱乐,剧院,北京市,北京市,朝阳区,北京市朝阳区小营路15号,0a15c7ec533b6cfcec74f890,1,0,116.430228,39.9992,(010)64919081,life,http://api.map.baidu.com/place/detail?uid=0a15c7ec533b6cfcec74f890&output=html&source=placeapi_v2,143,"09:30-16:30,19:30-21:30",4.4,,,,,,,24,59,,,,,,,116.43033960888,39.999251458947,0
cacec3144645bd15b11e3636,森林剧场,休闲娱乐,剧院,北京市,北京市,朝阳区,北京市朝阳区师家坟村156号北小河公园,,1,0,116.461879,40.009601,,life,http://api.map.baidu.com/place/detail?uid=cacec3144645bd15b11e3636&output=html&source=placeapi_v2,,,,,,,,,,,,,,,,,,,,0
851a61ca69fae888f842b2f6,万域芳菲冰上演艺中心,休闲娱乐,剧院,北京市,北京市,朝阳区,北京市朝阳区辛店路162号,851a61ca69fae888f842b2f6,1,0,116.440027,40.014417,18801381909,life,http://api.map.baidu.com/place/detail?uid=851a61ca69fae888f842b2f6&output=html&source=placeapi_v2,286,09:00-22:00,4.3,,,,,,,2,3,,,,,,,116.44004110627,40.014502472235,0
7b035eb6115cee8416764322,北京盈之宝剧场,休闲娱乐,剧院,北京市,北京市,朝阳区,北京市朝阳区利泽东二路2号,7b035eb6115cee8416764322,1,3,116.490183,40.018,(010)64398547,life,http://api.map.baidu.com/place/detail?uid=7b035eb6115cee8416764322&output=html&source=placeapi_v2,,08:00-17:30,0,,,,,,,20,0,,,,,,,116.49043848068,40.017831883209,3
0990b83972a1614fb9df8f20,猩探Club沉浸式剧场,休闲娱乐,剧院,北京市,北京市,朝阳区,北京市朝阳区阜安西路11号合生麒麟社10号楼908号,,1,0,116.483803,40.003623,18500958630,life,http://api.map.baidu.com/place/detail?uid=0990b83972a1614fb9df8f20&output=html&source=placeapi_v2,,12:00-02:00,,,,,,,,3,,,,,,,,116.48365027161,40.003826006553,0
7e65a1e4980cdd5700ff2dcb,草地剧场,休闲娱乐,剧院,北京市,北京市,朝阳区,北京市朝阳区庄园北路黑桥公园南区(黑桥中心艺术幼儿园西侧约150米),,1,0,116.536595,40.005003,,life,http://api.map.baidu.com/place/detail?uid=7e65a1e4980cdd5700ff2dcb&output=html&source=placeapi_v2,,,,,,,,,,,,,,,,,,,,0
2c55ab6666f5829ef90cad45,环宇百姓大舞台,休闲娱乐,剧院,北京市,北京市,朝阳区,北京市朝阳区楼梓庄路金盏乡皮村中心幼儿园西北侧约140米,2c55ab6666f5829ef90cad45,1,0,116.64272,39.995082,,life,http://api.map.baidu.com/place/detail?uid=2c55ab6666f5829ef90cad45&output=html&source=placeapi_v2,,,,,,,,,,2,,,,,,,,,,0
5428b8b2bc7c9f161d580051,红点星空软件园剧场,休闲娱乐,剧院,北京市,北京市,海淀区,北京市海淀区东北旺西路8号4号楼,,1,0,116.304129,40.054257,,life,http://api.map.baidu.com/place/detail?uid=5428b8b2bc7c9f161d580051&output=html&source=placeapi_v2,79,,0,,,,,,,5,2,,,,,,,116.3039926191,40.054719389858,0
f5fac687edd4f7c6a1d23009,旭日东升剧场,休闲娱乐,剧院,北京市,北京市,海淀区,宝盛东路东升文体公园,,1,0,116.382507,40.04628,,life,http://api.map.baidu.com/place/detail?uid=f5fac687edd4f7c6a1d23009&output=html&source=placeapi_v2,,,,,,,,,,1,,,,,,,,,,0
1e0ce3380ee2e6e270455bb6,北京当代艺术剧院,休闲娱乐,剧院,北京市,北京市,朝阳区,北京市朝阳区顺白路28号一号地国际艺术区d区,1e0ce3380ee2e6e270455bb6,1,0,116.500405,40.049859,13910143970,life,http://api.map.baidu.com/place/detail?uid=1e0ce3380ee2e6e270455bb6&output=html&source=placeapi_v2,,,4.0,,,,,,,3,2,,,,,,,116.50040293455,40.049818411059,0
2a17bfc96a0c62e91f3894e2,璃墟剧场,休闲娱乐,剧院,北京市,北京市,朝阳区,北京市朝阳区顺白路一号地艺术园区d区1层,2a17bfc96a0c62e91f3894e2,1,0,116.499986,40.049196,,life,http://api.map.baidu.com/place/detail?uid=2a17bfc96a0c62e91f3894e2&output=html&source=placeapi_v2,,,5.0,,,,,,,13,2,,,,,,,116.50014923421,40.049181084664,0
afdc285ceef6ad7b75e5b6c3,红点剧场,休闲娱乐,剧院,北京市,北京市,海淀区,北京市海淀区高里掌路1号院23号楼4层,afdc285ceef6ad7b75e5b6c3,1,0,116.166846,40.070812,(010)56263611,life,http://api.map.baidu.com/place/detail?uid=afdc285ceef6ad7b75e5b6c3&output=html&source=placeapi_v2,,09:30-21:30,5,,,,,,,1,1,,,,,,,116.16683331699,40.070681638248,0
afdc285ceef6ad7b75e5b6c3,红点剧场,休闲娱乐,剧院,北京市,北京市,海淀区,北京市海淀区高里掌路1号院23号楼4层,afdc285ceef6ad7b75e5b6c3,1,0,116.166846,40.070812,(010)56263611,life,http://api.map.baidu.com/place/detail?uid=afdc285ceef6ad7b75e5b6c3&output=html&source=placeapi_v2,,09:30-21:30,5,,,,,,,1,1,,,,,,,116.16683331699,40.070681638248,0
a311caac08f97beafadc850c,天泰剧院,休闲娱乐,剧院,北京市,北京市,昌平区,北京市昌平区东三旗甲1号,a311caac08f97beafadc850c,1,0,116.4085,40.085416,,life,http://api.map.baidu.com/place/detail?uid=a311caac08f97beafadc850c&output=html&source=placeapi_v2,,,5,,,,,,,2,2,,,,,,,116.40807530444,40.086420139589,0
d64698f0765d3e89bfa822c0,p4剧场,休闲娱乐,剧院,北京市,北京市,昌平区,北京市昌平区太平庄中街雕塑台,d64698f0765d3e89bfa822c0,1,0,116.410078,40.074977,15311953700,life,http://api.map.baidu.com/place/detail?uid=d64698f0765d3e89bfa822c0&output=html&source=placeapi_v2,,10:00-02:00,5,,,,,,,14,6,,,,,,,,,0
0a462b331c0d3293dbd891ca,光社,休闲娱乐,剧院,北京市,北京市,顺义区,北京市顺义区天柱东路泰达科技园,0a462b331c0d3293dbd891ca,1,0,116.57325,40.089115,,life,http://api.map.baidu.com/place/detail?uid=0a462b331c0d3293dbd891ca&output=html&source=placeapi_v2,,,,,,,,,,4,,,,,,,,116.57323820649,40.089023570482,0
bbedffda8ef164614afd3f19,戏剧之城,休闲娱乐,剧院,北京市,北京市,昌平区,北京市昌平区宏福大道温都水城南门西北侧约30米,bbedffda8ef164614afd3f19,1,0,116.380107,40.108019,,life,http://api.map.baidu.com/place/detail?uid=bbedffda8ef164614afd3f19&output=html&source=placeapi_v2,,,,,,,,,,1,1,,,,,,,,,0
8766183ca6e2c55b5fbe8614,中国歌剧舞剧院,休闲娱乐,剧院,北京市,北京市,顺义区,北京市顺义区火寺路嘉瑞大厦5层505室,8766183ca6e2c55b5fbe8614,1,0,116.56361,40.113721,,life,http://api.map.baidu.com/place/detail?uid=8766183ca6e2c55b5fbe8614&output=html&source=placeapi_v2,,09:00-19:00,,,,,,,,8,,,,,,,,116.56343624527,40.113688961114,0
90fe8f6aad9b43bcc72ba1c5,福尼亚剧院,休闲娱乐,剧院,北京市,北京市,顺义区,北京市顺义区裕华路23号福尼亚剧院b区,90fe8f6aad9b43bcc72ba1c5,1,2,116.555026,40.105708,"(010)65381966,13911379651",life,http://api.map.baidu.com/place/detail?uid=90fe8f6aad9b43bcc72ba1c5&output=html&source=placeapi_v2,,09:00-22:00,0,,,,,,,,0,,,,,,,116.55535549314,40.105300404478,2
0cb33bc4d01f15544d5547ed,顺义大剧院,休闲娱乐,剧院,北京市,北京市,顺义区,北京市顺义区顺和路石园-东区东侧约50米,,1,0,116.676078,40.116196,,life,http://api.map.baidu.com/place/detail?uid=0cb33bc4d01f15544d5547ed&output=html&source=placeapi_v2,,,,,,,,,,1,,,,,,,,116.67606024053,40.116195528077,0
468c72c1c6bc8ef9130daa4c,平谷影剧院,休闲娱乐,剧院,北京市,北京市,平谷区,北京市平谷区府前街3号,468c72c1c6bc8ef9130daa4c,1,1,117.128833,40.147282,(010)69962434,life,http://api.map.baidu.com/place/detail?uid=468c72c1c6bc8ef9130daa4c&output=html&source=placeapi_v2,37,09:00-24:00,1,,,,,,,20,3,,,,,,,117.12906928798,40.146833782329,1
468c72c1c6bc8ef9130daa4c,平谷影剧院,休闲娱乐,剧院,北京市,北京市,平谷区,北京市平谷区府前街3号,468c72c1c6bc8ef9130daa4c,1,1,117.128833,40.147282,(010)69962434,life,http://api.map.baidu.com/place/detail?uid=468c72c1c6bc8ef9130daa4c&output=html&source=placeapi_v2,37,09:00-24:00,1,,,,,,,20,3,,,,,,,117.12906928798,40.146833782329,1
ba06259ec8894d78cd04ef6d,龙脉剧场,休闲娱乐,剧院,北京市,北京市,昌平区,北京市昌平区行宫路龙脉温泉度假村,,1,1,116.405784,40.186192,(010)63580362,life,http://api.map.baidu.com/place/detail?uid=ba06259ec8894d78cd04ef6d&output=html&source=placeapi_v2,,10:00-21:00,5,,,,,,,15,2,,,,,,,116.4058064084,40.186040544113,1
827f3b960e2886020c0e6bb3,叶盛兰大剧院,休闲娱乐,剧院,北京市,北京市,顺义区,北京市顺义区木燕路北京城市学院顺义校区,,1,0,116.822012,40.16748,,life,http://api.map.baidu.com/place/detail?uid=827f3b960e2886020c0e6bb3&output=html&source=placeapi_v2,,,,,,,,,,,,,,,,,,,,0
ef2bf26c98eb5ed48b2fb5f0,韩屯文化大舞台,休闲娱乐,剧院,北京市,北京市,平谷区,北京市平谷区韩前路与鲁韩路交叉路口往西约190米,ef2bf26c98eb5ed48b2fb5f0,1,0,117.036152,40.171965,,life,http://api.map.baidu.com/place/detail?uid=ef2bf26c98eb5ed48b2fb5f0&output=html&source=placeapi_v2,,,,,,,,,,2,,,,,,,,,,0
92e9cd833c033b308bb988bd,国际马戏大剧院,休闲娱乐,剧院,北京市,北京市,昌平区,北京市昌平区城南街道邓庄村西乐多港奇幻乐园,92e9cd833c033b308bb988bd,1,0,116.197008,40.240194,,life,http://api.map.baidu.com/place/detail?uid=92e9cd833c033b308bb988bd&output=html&source=placeapi_v2,,,,,,,,,,,,,,,,,,,,0
59f946f4695be3f22bb97c50,乐多港奇幻乐园-大舞台,休闲娱乐,剧院,北京市,北京市,昌平区,北京市昌平区城南街道邓庄村西乐多港奇幻乐园,59f946f4695be3f22bb97c50,1,0,116.195907,40.240122,,life,http://api.map.baidu.com/place/detail?uid=59f946f4695be3f22bb97c50&output=html&source=placeapi_v2,,17:00-23:00,,,,,,,,,,,,,,,,,,0
f25ebec2b6e92a7fd2f49e1a,故事剧场,休闲娱乐,剧院,北京市,北京市,昌平区,北京市昌平区旧西路乐多港奇幻乐园儿童王国,f25ebec2b6e92a7fd2f49e1a,1,0,116.196773,40.239044,,life,http://api.map.baidu.com/place/detail?uid=f25ebec2b6e92a7fd2f49e1a&output=html&source=placeapi_v2,,,,,,,,,,,,,,,,,,116.19669418509,40.238632217346,0
98d48df0b5861dc53b221cf0,华夏魔术城,休闲娱乐,剧院,北京市,北京市,昌平区,北京市昌平区京银路润泽玉苑西北,98d48df0b5861dc53b221cf0,1,0,116.220011,40.232742,18010097805,life,http://api.map.baidu.com/place/detail?uid=98d48df0b5861dc53b221cf0&output=html&source=placeapi_v2,73,10:00-17:00,3.7,,,,,,,6,4,,,,,,,116.220514,40.232059047701,0
197a453287ff2158128824bf,之上空舞,休闲娱乐,剧院,北京市,北京市,昌平区,北京市昌平区秦西路山水上苑南侧约100米,,1,0,116.465678,40.235041,,life,http://api.map.baidu.com/place/detail?uid=197a453287ff2158128824bf&output=html&source=placeapi_v2,,10:00-20:00,,,,,,,,3,,,,,,,,,,0
a44c9e293fd6e320c5effb29,润德剧院,休闲娱乐,剧院,北京市,北京市,昌平区,北京市昌平区十三陵中学东北侧约270米,a44c9e293fd6e320c5effb29,1,0,116.231915,40.272214,(010)56037918,life,http://api.map.baidu.com/place/detail?uid=a44c9e293fd6e320c5effb29&output=html&source=placeapi_v2,,,,,,,,,,1,,,,,,,,116.23243076107,40.27201582467,0
141b95c01da9889d24e0a055,有戏・剧本推理社,休闲娱乐,剧院,北京市,北京市,怀柔区,北京市怀柔区礼贤街3号楼1单元102号,,1,0,116.645045,40.328773,15911077136,life,http://api.map.baidu.com/place/detail?uid=141b95c01da9889d24e0a055&output=html&source=placeapi_v2,,"09:00-23:00,23:30-02:00",,,,,,,,3,,,,,,,,116.64504223621,40.3288748447,0
69fcd6df453a4052ca2915e0,密云大剧院,休闲娱乐,剧院,北京市,北京市,密云区,北京市密云区鼓楼西大街1号,69fcd6df453a4052ca2915e0,1,1,116.851663,40.383114,"(010)69041575,(010)69044280",life,http://api.map.baidu.com/place/detail?uid=69fcd6df453a4052ca2915e0&output=html&source=placeapi_v2,43,09:00-21:00,4,,,,,,,12,7,,,,,,,116.85240715918,40.382882557786,1
69fcd6df453a4052ca2915e0,密云大剧院,休闲娱乐,剧院,北京市,北京市,密云区,北京市密云区鼓楼西大街1号,69fcd6df453a4052ca2915e0,1,1,116.851663,40.383114,"(010)69041575,(010)69044280",life,http://api.map.baidu.com/place/detail?uid=69fcd6df453a4052ca2915e0&output=html&source=placeapi_v2,43,09:00-21:00,4,,,,,,,12,7,,,,,,,116.85240715918,40.382882557786,1
