"year","session","borough","swimming_pool","class_type","class_time","of_classes","total_registration","week_1_total_attendance","week_2_total_attendance","week_3_total_attendance","total_attendance"
"2019","3","Brooklyn","Metropolitan","Adaptive","2:30 PM","1","3","3","3","0","6"
"2019","2","Brooklyn","Metropolitan","Adaptive","2:30 PM","1","3","2","3","3","8"
"2019","1","Brooklyn","Metropolitan","Adaptive","2:30 PM","1","3","3","3","0","6"
"2019","3","Queens","Astoria","Adaptive","12PM","1","3","3","3","0","6"
"2019","2","Queens","Astoria","Adaptive","12PM","1","3","0","2","3","5"
"2019","1","Queens","Astoria","Adaptive","12PM","1","3","3","3","0","6"
"2019","3","Queens","Astoria","Adaptive","11AM","1","3","3","0","0","3"
"2019","2","Queens","Astoria","Adaptive","11AM","1","3","3","3","2","8"
"2019","1","Queens","Astoria","Adaptive","11AM","1","3","2","3","0","5"
"2019","3","Queens","Astoria","Adaptive","12PM","1","3","3","3","0","6"
"2019","2","Queens","Astoria","Adaptive","12PM","1","3","3","2","2","7"
"2019","1","Queens","Astoria","Adaptive","12PM","1","3","0","3","0","3"
"2019","3","Queens","Astoria","Adaptive","12PM","1","3","2","1","0","3"
"2019","2","Queens","Astoria","Adaptive","12PM","1","3","3","3","0","6"
"2019","1","Queens","Astoria","Adaptive","12PM","1","3","3","3","0","6"
"2019","3","Bronx","Mullaly","Adaptive","10:00 AM","1","1","1","1","0","2"
"2019","2","Bronx","Mullaly","Adaptive","10:00 AM","1","1","1","1","1","3"
"2019","1","Bronx","Mullaly","Adaptive","10:00 AM","1","1","0","0","0","0"
"2019","3","Bronx","Mullaly","Adaptive","10:00 AM","1","1","1","1","0","2"
"2019","2","Bronx","Mullaly","Adaptive","10:00 AM","1","1","1","1","1","3"
"2019","1","Bronx","Mullaly","Adaptive","10:00 AM","1","1","0","1","0","1"
"2019","3","Brooklyn","Sunset","Adaptive","10:00 AM","1","2","2","2","0","4"
"2019","2","Brooklyn","Sunset","Adaptive","10:00 AM","1","2","2","2","2","6"
"2019","1","Brooklyn","Sunset","Adaptive","10:00 AM","1","1","1","0","0","1"
"2019","3","Brooklyn","Sunset","Adaptive","10:00 AM","1","2","2","2","0","4"
"2019","2","Brooklyn","Sunset","Adaptive","10:00 AM","1","2","2","2","0","4"
"2019","1","Brooklyn","Sunset","Adaptive","10:00 AM","1","2","1","2","0","3"
"2019","3","Brooklyn","McCarren","Adaptive","10:00 AM","1","2","2","2","0","4"
"2019","2","Brooklyn","McCarren","Adaptive","10:00 AM","1","2","2","2","2","6"
"2019","1","Brooklyn","McCarren","Adaptive","10:00 AM","1","2","1","1","0","2"
"2019","3","Brooklyn","McCarren","Adaptive","10:00 AM","1","2","2","2","0","4"
"2019","2","Brooklyn","McCarren","Adaptive","10:00 AM","1","2","2","2","2","6"
"2019","1","Brooklyn","McCarren","Adaptive","10:00 AM","1","2","0","2","0","2"
"2019","3","Manhattan","Hamilton Fish","Adaptive","11am","1","1","1","1","0","2"
"2019","2","Manhattan","Hamilton Fish","Adaptive","11AM","1","1","1","1","1","3"
"2019","1","Manhattan","Hamilton Fish","Adaptive","11am","7","1","0","1","1","2"
"2019","2","Manhattan","Lasker","Adult Aerobics","7:00PM","1","30","44","28","0","72"
"2019","2","Bronx","Van Cortlandt","Adult Aerobics","7:00PM","1","30","39","10","0","49"
"2019","2","Staten Island","Lyons","Adult Aerobics","7:00PM","1","30","56","17","0","73"
"2019","2","Brooklyn","McCarren","Adult Aerobics","7:00PM","1","30","48","24","0","72"
"2019","2","Brooklyn","Red Hook","Adult Aerobics","7:00PM","1","30","36","19","0","55"
"2019","2","Queens","Astoria","Adult Aerobics","7:00PM","1","30","40","33","0","73"
"2019","2","Manhattan","Lasker","Adult LTS","7:00PM","1","30","36","27","0","63"
"2019","2","Bronx","Van Cortlandt","Adult LTS","7:00PM","1","30","40","42","0","82"
"2019","2","Staten Island","Lyons","Adult LTS","7:00PM","1","30","33","39","0","72"
"2019","2","Brooklyn","McCarren","Adult LTS","7:00PM","1","30","44","46","0","90"
"2019","2","Brooklyn","Red Hook","Adult LTS","7:00PM","1","30","88","24","0","112"
"2019","2","Queens","Astoria","Adult LTS","7:00PM","1","30","54","25","0","79"
"2019","3","Manhattan","Lasker","Adult Aerobics","7:00PM","1","30","33","26","0","59"
"2019","3","Bronx","Van Cortlandt","Adult Aerobics","7:00PM","1","30","22","11","0","33"
"2019","3","Staten Island","Lyons","Adult Aerobics","7:00PM","1","30","36","18","0","54"
"2019","3","Brooklyn","McCarren","Adult Aerobics","7:00PM","1","30","27","24","0","51"
"2019","3","Brooklyn","Red Hook","Adult Aerobics","7:00PM","1","30","2","10","0","12"
"2019","3","Queens","Astoria","Adult Aerobics","7:00PM","1","30","35","30","0","65"
"2019","3","Manhattan","Lasker","Adult LTS","7:00PM","1","30","34","25","0","59"
"2019","3","Bronx","Van Cortlandt","Adult LTS","7:00PM","1","30","50","36","0","86"
"2019","3","Staten Island","Lyons","Adult LTS","7:00PM","1","30","32","37","0","69"
"2019","3","Brooklyn","McCarren","Adult LTS","7:00PM","1","30","42","43","0","85"
"2019","3","Brooklyn","Red Hook","Adult LTS","7:00PM","1","30","5","3","0","8"
"2019","3","Queens","Astoria","Adult LTS","7:00PM","1","30","45","21","0","66"
"2019","1","Manhattan","Lasker","Adult Aerobics","7:00PM","1","30","37","18","0","55"
"2019","1","Bronx","Van Cortlandt","Adult Aerobics","7:00PM","1","30","18","21","0","39"
"2019","1","Staten Island","Lyons","Adult Aerobics","7:00PM","1","30","36","16","0","52"
"2019","1","Brooklyn","McCarren","Adult Aerobics","7:00PM","1","30","46","33","0","79"
"2019","1","Brooklyn","Red Hook","Adult Aerobics","7:00PM","1","15","12","6","0","18"
"2019","1","Queens","Astoria","Adult Aerobics","7:00PM","1","30","57","20","0","77"
"2019","1","Manhattan","Lasker","Adult LTS","7:00PM","1","20","40","20","0","60"
"2019","1","Bronx","Van Cortlandt","Adult LTS","7:00PM","1","20","33","22","0","55"
"2019","1","Staten Island","Lyons","Adult LTS","7:00PM","1","20","23","12","0","35"
"2019","1","Brooklyn","McCarren","Adult LTS","7:00PM","1","20","27","16","0","43"
"2019","1","Brooklyn","Red Hook","Adult LTS","7:00PM","1","20","17","3","0","20"
"2019","1","Queens","Astoria","Adult LTS","7:00PM","1","20","5","3","4","12"
"2019","3","Staten Island","Lyons","Senior","9:00 AM","1","35","59","36","0","95"
"2019","2","Staten Island","Lyons","Senior","9:00 AM","1","34","52","48","57","157"
"2019","1","Staten Island","Lyons","Senior","9:00 AM","1","31","0","72","69","141"
"2019","3","Queens","Fort Totten","Senior","10:00 AM","1","57","81","78","0","159"
"2019","2","Queens","Floating Pool","Senior","10:00 AM","1","52","78","82","71","231"
"2019","3","Queens","Astoria","Senior","11:00","1","159","121","135","0","256"
"2019","2","Queens","Astoria","Senior","11:00","1","127","139","113","126","378"
"2019","1","Queens","Astoria","Senior","11:00","1","95","0","119","132","251"
"2019","3","Brooklyn","Sunset","Senior","10:00 AM","1","39","32","38","0","70"
"2019","2","Brooklyn","Sunset","Senior","10:00 AM","1","31","41","37","49","127"
"2019","3","Brooklyn","Red Hook","Senior","10:00 AM","1","19","13","16","0","29"
"2019","2","Brooklyn","Red Hook","Senior","10:00 AM","1","12","18","10","11","39"
"2019","3","Brooklyn","McCarren","Senior","10:00 AM","1","25","44","32","0","76"
"2019","2","Brooklyn","McCarren","Senior","10:00 AM","1","25","37","42","31","110"
"2019","3","Brooklyn","Kosciusko","Senior","10:00 AM","1","18","21","18","0","39"
"2019","2","Brooklyn","Kosciusko","Senior","10:00 AM","1","18","24","19","0","43"
"2019","3","Bronx","Crotona","Senior","10:00 AM","1","1","1","0","0","1"
"2019","2","Bronx","Crotona","Senior","10:00 AM","1","1","1","2","1","4"
"2019","3","Manhattan","Jackie Robinson","Senior","9:00 AM","1","18","24","18","0","42"
"2019","3","Manhattan","Tony Dapolito","Senior","10:00 AM","1","61","96","89","0","185"
"2019","3","Manhattan","Hamilton Fish","Senior","11:00","1","28","43","61","0","104"
"2019","3","Manhattan","Asser Levy","Senior","11:00","1","53","89","94","0","183"
"2019","2","Manhattan","Asser Levy","Senior","11:00","1","35","67","58","28","153"
"2019","1","Manhattan","Asser Levy","Senior","11:00","1","20","0","61","75","136"
"2019","2","Manhattan","Highbridge","Senior","9:40 AM","1","19","26","31","0","57"
"2019","3","Staten Island","West Brighton","Swim Team","8:00 AM","1","5","5","0","0","5"
"2019","2","Staten Island","West Brighton","Swim Team","8:00 AM","1","5","3","8","0","11"
"2019","1","Staten Island","West Brighton","Swim Team","8:00 AM","1","5","0","4","5","9"
"2019","3","Staten Island","Tottenville","Swim Team","8:00 AM","1","14","18","0","0","18"
"2019","2","Staten Island","Tottenville","Swim Team","8:00 AM","1","14","15","16","0","31"
"2019","1","Staten Island","Tottenville","Swim Team","8:00 AM","1","14","0","26","18","44"
"2019","3","Staten Island","Lyons","Swim Team","8:50 AM","1","15","11","0","0","11"
"2019","2","Staten Island","Lyons","Swim Team","8:50 AM","1","15","15","20","0","35"
"2019","1","Staten Island","Lyons","Swim Team","8:50 AM","1","15","0","21","21","42"
"2019","3","Staten Island","Faber","Swim Team","8:00 AM","1","6","7","0","0","7"
"2019","2","Staten Island","Faber","Swim Team","8:00 AM","1","6","6","9","0","15"
"2019","1","Staten Island","Faber","Swim Team","8:00 AM","1","6","0","3","5","8"
"2019","3","Queens","Liberty","Swim Team","8:00 AM","1","18","17","0","0","17"
"2019","2","Queens","Liberty","Swim Team","8:00 AM","1","18","26","22","0","48"
"2019","1","Queens","Liberty","Swim Team","8:00 AM","1","14","0","24","28","52"
"2019","3","Queens","Fort Totten","Swim Team","8:00 AM","1","20","25","0","0","25"
"2019","2","Queens","Fort Totten","Swim Team","8:00 AM","1","20","46","40","12","98"
"2019","1","Queens","Fort Totten","Swim Team","8:00 AM","1","18","0","52","46","98"
"2019","3","Queens","Fisher","Swim Team","8:00 AM","1","25","20","0","0","20"
"2019","2","Queens","Fisher","Swim Team","8:00 AM","1","25","25","36","0","61"
"2019","1","Queens","Fisher","Swim Team","8:00 AM","1","24","0","32","0","32"
"2019","3","Queens","Astoria","Swim Team","8:50 AM","1","26","27","0","0","27"
"2019","2","Queens","Astoria","Swim Team","8:50 AM","1","26","35","38","0","73"
"2019","1","Queens","Astoria","Swim Team","8:50 AM","1","22","0","31","27","58"
"2019","3","Brooklyn","Sunset","Swim Team","8:50 AM","1","22","21","0","0","21"
"2019","2","Brooklyn","Sunset","Swim Team","8:50 AM","1","22","26","38","0","64"
"2019","1","Brooklyn","Sunset","Swim Team","8:50 AM","1","16","0","23","0","23"
"2019","3","Brooklyn","Red Hook","Swim Team","8:50 AM","1","7","10","0","0","10"
"2019","2","Brooklyn","Red Hook","Swim Team","8:50 AM","1","7","4","12","0","16"
"2019","1","Brooklyn","Red Hook","Swim Team","8:50 AM","1","7","0","11","6","17"
"2019","3","Brooklyn","McCarren","Swim Team","8:50 AM","1","32","20","0","0","20"
"2019","2","Brooklyn","McCarren","Swim Team","8:50 AM","1","32","48","39","0","87"
"2019","1","Brooklyn","McCarren","Swim Team","8:50 AM","1","29","0","44","29","73"
"2019","3","Brooklyn","Kosciusko","Swim Team","8:50 AM","1","5","7","0","0","7"
"2019","2","Brooklyn","Kosciusko","Swim Team","8:50 AM","1","5","0","5","0","5"
"2019","1","Brooklyn","Kosciusko","Swim Team","8:50 AM","1","5","0","5","5","10"
"2019","3","Brooklyn","Douglas-Degraw","Swim Team","8:00 AM","1","15","14","0","0","14"
"2019","2","Brooklyn","Douglas-Degraw","Swim Team","8:00 AM","1","15","8","16","0","24"
"2019","1","Brooklyn","Douglas-Degraw","Swim Team","8:00 AM","1","15","0","22","18","40"
"2019","3","Brooklyn","Commodore Barry","Swim Team","8:50 AM","1","4","4","0","0","4"
"2019","2","Brooklyn","Commodore Barry","Swim Team","8:00 AM","1","4","1","7","0","8"
"2019","1","Brooklyn","Commodore Barry","Swim Team","8:00 AM","1","3","0","3","5","8"
"2019","3","Brooklyn","Bushwick","Swim Team","8:00 AM","1","15","11","0","0","11"
"2019","2","Brooklyn","Bushwick","Swim Team","8:00 AM","1","15","19","23","0","42"
"2019","1","Brooklyn","Bushwick","Swim Team","8:00 AM","1","9","0","7","17","24"
"2019","3","Brooklyn","Betsy Head","Swim Team","8:00 AM","1","1","15","0","0","15"
"2019","2","Brooklyn","Betsy Head","Swim Team","8:00 AM","1","14","26","24","0","50"
"2019","1","Brooklyn","Betsy Head","Swim Team","8:00 AM","1","11","0","18","20","38"
"2019","3","Bronx","Van Cortlandt","Swim Team","8:50 AM","1","3","11","0","0","11"
"2019","2","Bronx","Van Cortlandt","Swim Team","8:50 AM","1","18","22","20","0","42"
"2019","1","Bronx","Van Cortlandt","Swim Team","8:50 AM","1","12","0","15","11","26"
"2019","3","Bronx","Mullaly","Swim Team","8:00 AM","1","6","9","0","0","9"
"2019","2","Bronx","Mullaly","Swim Team","8:00 AM","1","6","6","12","0","18"
"2019","3","Bronx","Haffen","Swim Team","8:00 AM","1","3","3","0","0","3"
"2019","2","Bronx","Haffen","Swim Team","8:00 AM","1","3","3","4","0","7"
"2019","3","Bronx","Floating Pool","Swim Team","8:00 AM","1","3","5","0","0","5"
"2019","2","Bronx","Floating Pool","Swim Team","8:00 AM","1","3","3","5","0","8"
"2019","3","Bronx","Crotona","Swim Team","8:50 AM","1","1","1","0","0","1"
"2019","2","Bronx","Crotona","Swim Team","8:50 AM","1","1","2","1","0","3"
"2019","3","Manhattan","Tony Dapolito","Swim Team","10:00 AM","1","10","6","0","0","6"
"2019","2","Manhattan","Tony Dapolito","Swim Team","10:00 AM","1","10","15","12","0","27"
"2019","3","Manhattan","Thomas Jefferson","Swim Team","8:50 AM","1","4","7","0","0","7"
"2019","2","Manhattan","Thomas Jefferson","Swim Team","8:50 AM","1","4","7","7","0","14"
"2019","3","Manhattan","Lasker","Swim Team","8:50 AM","1","5","5","0","0","5"
"2019","2","Manhattan","Lasker","Swim Team","8:50 AM","1","5","6","10","0","16"
"2019","3","Manhattan","John Jay","Swim Team","8:50 AM","1","9","17","0","0","17"
"2019","2","Manhattan","John Jay","Swim Team","8:50 AM","1","9","8","7","0","15"
"2019","3","Manhattan","Jackie Robinson","Swim Team","8:50 AM","1","3","5","0","0","5"
"2019","2","Manhattan","Jackie Robinson","Swim Team","8:50 AM","1","2","3","2","0","5"
"2019","1","Manhattan","Jackie Robinson","Swim Team","8:50 AM","1","2","0","3","1","4"
"2019","3","Manhattan","Highbridge","Swim Team","8:00 AM","1","5","7","0","0","7"
"2019","2","Manhattan","Highbridge","Swim Team","8:00 AM","1","4","4","2","0","6"
"2019","1","Manhattan","Highbridge","Swim Team","8:00 AM","1","4","0","4","6","10"
"2019","3","Manhattan","Hamilton Fish","Swim Team","9:00 AM","1","12","12","0","0","12"
"2019","2","Manhattan","Hamilton Fish","Swim Team","9:00 AM","1","13","20","25","0","45"
"2019","3","Manhattan","Asser Levy","Swim Team","8:50 AM","1","12","16","0","0","16"
"2019","2","Manhattan","Asser Levy","Swim Team","8:50 AM","1","12","12","22","0","34"
"2019","3","Staten Island","Lyons","Tot","10:15 AM","3","61","6","6","4","16"
"2019","3","Staten Island","Lyons","Tot","9:45 AM","3","17","8","18","6","32"
"2019","3","Staten Island","Lyons","Level 2","8:50 AM","2","41","18","31","9","58"
"2019","3","Staten Island","Lyons","Level 1","9:00 AM","2","88","44","40","9","93"
"2019","3","Staten Island","Faber","Tot","10:15 AM","2","50","4","7","3","14"
"2019","3","Staten Island","Faber","Tot","9:40 AM","1","27","5","13","4","22"
"2019","3","Staten Island","Faber","Level 2","8:50 AM","2","33","6","19","5","30"
"2019","3","Staten Island","Faber","Level 1","10:00 AM","1","32","13","14","2","29"
"2019","3","Staten Island","Faber","Level 1","9:00 AM","1","18","7","14","5","26"
"2019","3","Staten Island","Faber","Level 1","8:00 AM","1","18","14","16","8","38"
"2019","3","Queens","Fort Totten","Tot","10:15 AM","2","149","13","16","8","37"
"2019","3","Queens","Fort Totten","Tot","9:40 AM","2","80","15","21","10","46"
"2019","3","Queens","Fort Totten","Level 2","8:50 AM","2","88","22","33","9","64"
"2019","3","Queens","Fort Totten","Level 2","8:00 AM","2","39","14","19","9","42"
"2019","3","Queens","Fort Totten","Level 1","9:00 AM","2","114","27","44","16","87"
"2019","3","Queens","Fort Totten","Level 1","8:00 AM","1","51","15","21","5","41"
"2019","3","Brooklyn","Sunset","Tot","10:15 AM","4","271","39","88","29","156"
"2019","3","Brooklyn","Sunset","Tot","9:40 AM","4","176","21","82","40","143"
"2019","3","Brooklyn","Sunset","Level 2","8:50 AM","5","230","55","121","62","238"
"2019","3","Brooklyn","Sunset","Level 2","8:00 AM","3","150","24","78","35","137"
"2019","3","Brooklyn","Sunset","Level 1","10:00 AM","6","371","138","152","77","367"
"2019","3","Brooklyn","Sunset","Level 1","9:00 AM","6","191","150","114","65","329"
"2019","3","Brooklyn","Sunset","Level 1","8:00 AM","3","142","82","91","40","213"
"2019","3","Brooklyn","Red Hook","Tot","10:15 AM","3","47","0","25","6","31"
"2019","3","Brooklyn","Red Hook","Tot","9:40 AM","3","22","9","17","5","31"
"2019","3","Brooklyn","Red Hook","Level 2","8:50 AM","2","37","19","41","18","78"
"2019","3","Brooklyn","Red Hook","Level 2","8:00 AM","1","23","8","15","9","32"
"2019","3","Brooklyn","Red Hook","Level 1","10:00 AM","3","59","53","80","34","167"
"2019","3","Brooklyn","Red Hook","Level 1","9:00 AM","3","11","17","29","9","55"
"2019","3","Brooklyn","Red Hook","Level 1","8:00 AM","1","6","9","16","8","33"
"2019","3","Brooklyn","McCarren","Tot","10:15 AM","4","168","21","32","10","63"
"2019","3","Brooklyn","McCarren","Tot","9:40 AM","4","101","29","47","15","91"
"2019","3","Brooklyn","McCarren","Level 2","8:50 AM","5","129","36","51","18","105"
"2019","3","Brooklyn","McCarren","Level 1","10:00 AM","3","127","59","50","22","131"
"2019","3","Brooklyn","McCarren","Level 1","9:00 AM","6","92","85","139","38","262"
"2019","3","Brooklyn","Kosciusko","Tot","10:15 AM","1","63","18","31","8","57"
"2019","3","Brooklyn","Kosciusko","Tot","9:40 AM","1","38","16","30","19","65"
"2019","3","Brooklyn","Kosciusko","Level 2","8:50 AM","1","40","19","37","16","72"
"2019","3","Brooklyn","Kosciusko","Level 2","8:00 AM","1","19","0","0","0","0"
"2019","3","Brooklyn","Kosciusko","Level 1","10:00 AM","2","69","41","51","11","103"
"2019","3","Brooklyn","Kosciusko","Level 1","9:00 AM","2","27","33","55","0","88"
"2019","3","Brooklyn","Kosciusko","Level 1","8:00 AM","2","23","0","0","20","20"
"2019","3","Brooklyn","Howard Houses","Tot","10:15 AM","1","19","9","7","3","19"
"2019","3","Brooklyn","Howard Houses","Tot","9:40 AM","1","11","5","6","3","14"
"2019","3","Brooklyn","Howard Houses","Level 2","8:50 AM","1","15","1","6","1","8"
"2019","3","Brooklyn","Howard Houses","Level 2","8:00 AM","1","9","5","6","5","16"
"2019","3","Brooklyn","Howard Houses","Level 1","10:00 AM","1","27","12","18","7","37"
"2019","3","Brooklyn","Howard Houses","Level 1","9:00 AM","1","13","15","17","5","37"
"2019","3","Brooklyn","Howard Houses","Level 1","8:00 AM","1","14","4","5","0","9"
"2019","3","Brooklyn","Bushwick","Level 2","10:15 AM","2","44","0","30","13","43"
"2019","3","Brooklyn","Bushwick","Tot","9:40 AM","2","21","0","12","4","16"
"2019","3","Brooklyn","Bushwick","Level 2","8:50 AM","2","42","16","27","7","50"
"2019","3","Brooklyn","Bushwick","Level 2","8:00 AM","2","28","7","22","9","38"
"2019","3","Brooklyn","Bushwick","Level 1","10:00 AM","2","51","34","52","15","101"
"2019","3","Brooklyn","Bushwick","Level 1","9:00 AM","2","33","43","59","21","123"
"2019","3","Brooklyn","Bushwick","Level 1","8:00 AM","2","26","37","63","23","123"
"2019","3","Brooklyn","Betsy Head","Tot","10:15 AM","3","75","12","15","13","40"
"2019","3","Brooklyn","Betsy Head","Tot","9:40 AM","3","43","13","19","16","48"
"2019","3","Brooklyn","Betsy Head","Level 2","8:50 AM","3","56","23","17","15","55"
"2019","3","Brooklyn","Betsy Head","Level 2","8:00 AM","2","25","20","32","10","62"
"2019","3","Brooklyn","Betsy Head","Level 1","10:00 AM","3","91","38","29","8","75"
"2019","3","Brooklyn","Betsy Head","Level 1","9:00 AM","3","30","29","38","23","90"
"2019","3","Brooklyn","Betsy Head","Level 1","8:00 AM","3","32","41","36","34","111"
"2019","3","Bronx","Mullaly","Tot","10:15 AM","1","56","5","14","6","25"
"2019","3","Bronx","Mullaly","Tot","9:40 AM","1","30","9","6","5","20"
"2019","3","Bronx","Mullaly","Level 2","8:50 AM","1","46","13","17","4","34"
"2019","3","Bronx","Mullaly","Level 1","10:00 AM","1","5","10","0","0","10"
"2019","3","Bronx","Mullaly","Level 1","9:00 AM","1","80","29","29","0","58"
"2019","3","Bronx","Mullaly","Level 1","8:00 AM","1","46","26","41","20","87"
"2019","3","Bronx","Haffen","Tot","10:15 AM","1","48","0","16","10","26"
"2019","3","Bronx","Haffen","Tot","9:40 AM","1","36","0","18","10","28"
"2019","3","Bronx","Haffen","Level 2","8:50 AM","1","45","0","26","12","38"
"2019","3","Bronx","Haffen","Level 1","10:00 AM","1","82","18","33","10","61"
"2019","3","Bronx","Haffen","Level 1","9:00 AM","1","30","13","32","9","54"
"2019","3","Bronx","Haffen","Level 1","8:00 AM","1","13","15","28","10","53"
"2019","3","Bronx","Floating Pool","Tot","10:15 AM","1","64","11","14","8","33"
"2019","3","Bronx","Floating Pool","Tot","9:40 AM","1","35","10","18","4","32"
"2019","3","Bronx","Floating Pool","Level 2","8:50 AM","1","31","15","18","10","43"
"2019","3","Bronx","Floating Pool","Level 1","10:00 AM","1","55","31","30","0","61"
"2019","3","Bronx","Floating Pool","Level 1","9:00 AM","1","44","31","44","17","92"
"2019","3","Bronx","Floating Pool","Level 1","8:00 AM","1","12","20","28","11","59"
"2019","3","Bronx","Crotona","Tot","10:15 AM","1","66","3","4","1","8"
"2019","3","Bronx","Crotona","Tot","9:40 AM","1","35","7","9","3","19"
"2019","3","Bronx","Crotona","Level 2","8:50 AM","1","39","17","12","5","34"
"2019","3","Bronx","Crotona","Level 1","10:00 AM","2","97","14","34","12","60"
"2019","3","Bronx","Crotona","Level 1","9:00 AM","2","44","18","24","9","51"
"2019","3","Manhattan","Tony Dapolito","Tot","9:30 AM","1","31","4","15","3","22"
"2019","3","Manhattan","Tony Dapolito","Tot","9:00 AM","1","22","7","13","2","22"
"2019","3","Manhattan","Tony Dapolito","Level 2","10:00 AM","2","26","0","23","9","32"
"2019","3","Manhattan","Tony Dapolito","Level 2","9:00 AM","1","9","7","13","8","28"
"2019","3","Manhattan","Tony Dapolito","Level 1","9:00 AM","3","20","21","34","12","67"
"2019","3","Manhattan","Thomas Jefferson","Adult LTS","12:00 PM","1","25","29","24","37","90"
"2019","3","Manhattan","Thomas Jefferson","Tot","10:15 AM","1","31","6","11","4","21"
"2019","3","Manhattan","Thomas Jefferson","Tot","9:40 AM","1","22","8","16","5","29"
"2019","3","Manhattan","Thomas Jefferson","Level 1","9:00 AM","1","82","18","24","6","48"
"2019","3","Queens","Astoria","Tot","10:15 AM","1","43","12","7","4","23"
"2019","3","Queens","Astoria","Tot","9:40 AM","1","19","6","10","3","19"
"2019","3","Queens","Astoria","Level 2","8:50 AM","4","152","24","41","12","77"
"2019","3","Queens","Astoria","Level 2","8:00 AM","3","70","16","30","12","58"
"2019","3","Queens","Astoria","Level 1","10:00 AM","2","262","45","41","13","99"
"2019","3","Queens","Astoria","Level 1","9:00 AM","5","107","46","87","27","160"
"2019","3","Queens","Astoria","Level 1","8:00 AM","3","77","28","39","10","77"
"2019","3","Bronx","Van Cortlandt","Tot","10:15 AM","2","183","16","19","6","41"
"2019","3","Bronx","Van Cortlandt","Tot","9:40 AM","2","108","16","16","9","41"
"2019","3","Bronx","Van Cortlandt","Level 2","8:50 AM","1","88","11","14","9","34"
"2019","3","Bronx","Van Cortlandt","Level 2","8:00 AM","1","52","0","0","0","0"
"2019","3","Bronx","Van Cortlandt","Level 1","10:00 AM","2","179","35","44","0","79"
"2019","3","Bronx","Van Cortlandt","Level 1","9:00 AM","2","77","39","39","0","78"
"2019","3","Bronx","Van Cortlandt","Level 1","8:00 AM","1","47","0","0","0","0"
"2019","3","Manhattan","Marcus Garvey","Level 2","8:50 AM","1","17","15","11","2","28"
"2019","3","Manhattan","Marcus Garvey","Level 2","8:00 AM","1","15","0","5","2","7"
"2019","3","Manhattan","Marcus Garvey","Level 1","10:00 AM","1","28","8","10","4","22"
"2019","3","Manhattan","Marcus Garvey","Level 1","9:00 AM","1","5","6","10","1","17"
"2019","3","Manhattan","Marcus Garvey","Level 1","8:00 AM","1","14","13","19","7","39"
"2019","3","Manhattan","Marcus Garvey","Tot","10:15 AM","1","38","10","5","5","20"
"2019","3","Manhattan","Marcus Garvey","Tot","9:40 AM","1","19","5","8","3","16"
"2019","3","Manhattan","Lasker","Tot","10:15 AM","1","65","10","30","15","55"
"2019","3","Manhattan","Lasker","Tot","9:40 AM","1","52","4","33","12","49"
"2019","3","Manhattan","Lasker","Level 2","8:50 AM","1","31","10","20","12","42"
"2019","3","Manhattan","Lasker","Level 1","10:00 AM","2","47","39","50","4","93"
"2019","3","Manhattan","Lasker","Level 1","9:00 AM","2","13","13","24","7","44"
"2019","3","Manhattan","John Jay","Level 2","8:50 AM","1","40","7","16","3","26"
"2019","3","Manhattan","John Jay","Level 1","10:00 AM","3","54","21","30","12","63"
"2019","3","Manhattan","John Jay","Level 1","9:00 AM","3","19","22","34","12","68"
"2019","3","Manhattan","John Jay","Tot","10:15 AM","3","93","10","14","11","35"
"2019","3","Manhattan","John Jay","Tot","9:40 AM","3","67","12","20","10","42"
"2019","3","Manhattan","Jackie Robinson","Tot","10:15 AM","1","45","6","12","0","18"
"2019","3","Manhattan","Jackie Robinson","Tot","9:40 AM","1","25","5","8","4","17"
"2019","3","Manhattan","Jackie Robinson","Level 2","8:50 AM","1","30","7","9","2","18"
"2019","3","Manhattan","Jackie Robinson","Level 1","10:00 AM","1","54","17","32","6","55"
"2019","3","Manhattan","Jackie Robinson","Level 1","9:00 AM","1","17","23","34","6","63"
"2019","3","Manhattan","Highbridge","Tot","10:15 AM","1","67","15","27","2","44"
"2019","3","Manhattan","Highbridge","Tot","9:40 AM","1","41","15","25","2","42"
"2019","3","Manhattan","Highbridge","Level 2","8:50 AM","1","23","24","39","4","67"
"2019","3","Manhattan","Highbridge","Level 2","8:00 AM","1","12","8","7","0","15"
"2019","3","Manhattan","Highbridge","Level 1","10:00 AM","2","43","33","46","12","91"
"2019","3","Manhattan","Highbridge","Level 1","9:00 AM","2","12","30","31","12","73"
"2019","3","Manhattan","Highbridge","Level 1","8:00 AM","2","22","48","46","8","102"
"2019","2","Staten Island","Lyons","Tot","10:15 AM","3","44","14","22","0","36"
"2019","2","Staten Island","Lyons","Tot","9:45am","3","21","18","23","0","41"
"2019","2","Staten Island","Lyons","Level 2","8:50 AM","2","60","21","26","0","47"
"2019","2","Staten Island","Lyons","Level 1","9:00 AM","2","73","33","46","15","94"
"2019","2","Staten Island","Faber","Tot","10:15 AM","2","54","13","19","0","32"
"2019","2","Staten Island","Faber","Tot","9:40 AM","1","29","15","15","0","30"
"2019","2","Staten Island","Faber","Level 2","8:50 AM","2","32","14","20","0","34"
"2019","2","Staten Island","Faber","Level 1","10:00 AM","1","45","11","21","8","40"
"2019","2","Staten Island","Faber","Level 1","9:00 AM","1","19","21","34","10","65"
"2019","2","Staten Island","Faber","Level 1","8:00 AM","1","14","13","14","2","29"
"2019","2","Queens","Fort Totten","Tot","10:15 AM","2","110","27","24","0","51"
"2019","2","Queens","Fort Totten","Tot","9:40 AM","2","70","34","22","0","56"
"2019","2","Queens","Fort Totten","Level 2","8:50 AM","2","56","17","18","0","35"
"2019","2","Queens","Fort Totten","Level 2","8:00 AM","2","27","16","24","0","40"
"2019","2","Queens","Fort Totten","Level 1","9:00 AM","2","86","39","32","15","86"
"2019","2","Queens","Fort Totten","Level 1","8:00 AM","1","38","28","32","9","69"
"2019","2","Queens","Astoria","Tot","10:15 AM","1","233","19","22","0","41"
"2019","2","Queens","Astoria","Tot","9:40 AM","1","131","13","10","0","23"
"2019","2","Queens","Astoria","Level 2","8:50 AM","4","117","53","45","0","98"
"2019","2","Queens","Astoria","Level 2","8:00 AM","3","56","42","49","0","91"
"2019","2","Queens","Astoria","Level 1","10:00 AM","2","250","38","49","10","97"
"2019","2","Queens","Astoria","Level 1","9:00 AM","5","97","84","112","38","234"
"2019","2","Queens","Astoria","Level 1","8:00 AM","3","62","61","95","23","179"
"2019","2","Brooklyn","Sunset","Tot","10:15 AM","4","224","76","96","0","172"
"2019","2","Brooklyn","Sunset","Tot","9:40 AM","4","147","65","88","0","153"
"2019","2","Brooklyn","Sunset","Level 2","8:50 AM","5","162","124","142","0","266"
"2019","2","Brooklyn","Sunset","Level 2","8:00 AM","3","97","50","59","0","109"
"2019","2","Brooklyn","Sunset","Level 1","10:00 AM","6","323","129","281","89","499"
"2019","2","Brooklyn","Sunset","Level 1","9:00 AM","6","142","122","260","79","461"
"2019","2","Brooklyn","Sunset","Level 1","8:00 AM","3","96","45","97","32","174"
"2019","2","Brooklyn","Red Hook","Tot","10:15 AM","3","39","35","36","0","71"
"2019","2","Brooklyn","Red Hook","Tot","9:40 AM","3","21","23","26","0","49"
"2019","2","Brooklyn","Red Hook","Level 2","8:00 AM","1","12","13","17","0","30"
"2019","2","Brooklyn","Red Hook","Level 1","10:00 AM","3","55","62","88","25","175"
"2019","2","Brooklyn","Red Hook","Level 1","9:00 AM","3","6","9","20","6","35"
"2019","2","Brooklyn","Red Hook","Level 1","8:00 AM","1","10","15","33","5","53"
"2019","2","Brooklyn","McCarren","Tot","10:15 AM","4","125","44","82","0","126"
"2019","2","Brooklyn","McCarren","Tot","9:40 AM","4","81","50","48","0","98"
"2019","2","Brooklyn","McCarren","Level 2","8:50 AM","5","96","65","72","0","137"
"2019","2","Brooklyn","McCarren","Level 1","10:00 AM","3","139","47","65","19","131"
"2019","2","Brooklyn","McCarren","Level 1","9:00 AM","6","58","74","82","28","184"
"2019","2","Brooklyn","Kosciusko","Tot","10:15 AM","1","71","2","20","0","22"
"2019","2","Brooklyn","Kosciusko","Tot","9:40 AM","1","52","7","23","0","30"
"2019","2","Brooklyn","Kosciusko","Level 2","8:50 AM","1","39","2","22","0","24"
"2019","2","Brooklyn","Kosciusko","Level 2","8:00 AM","1","20","0","0","0","0"
"2019","2","Brooklyn","Kosciusko","Level 1","10:00 AM","2","74","46","69","23","138"
"2019","2","Brooklyn","Kosciusko","Level 1","9:00 AM","2","20","30","47","15","92"
"2019","2","Brooklyn","Kosciusko","Level 1","8:00 AM","2","13","0","0","0","0"
"2019","2","Brooklyn","Howard Houses","Tot","10:15 AM","1","16","10","10","0","20"
"2019","2","Brooklyn","Howard Houses","Tot","9:40 AM","1","9","10","11","0","21"
"2019","2","Brooklyn","Howard Houses","Level 2","8:50 AM","1","8","5","6","0","11"
"2019","2","Brooklyn","Howard Houses","Level 2","8:00 AM","1","8","3","6","0","9"
"2019","2","Brooklyn","Howard Houses","Level 1","10:00 AM","1","24","4","6","2","12"
"2019","2","Brooklyn","Howard Houses","Level 1","9:00 AM","1","7","8","13","4","25"
"2019","2","Brooklyn","Howard Houses","Level 1","8:00 AM","1","7","5","0","1","6"
"2019","2","Brooklyn","Bushwick","Tot","10:15 AM","2","41","30","21","0","51"
"2019","2","Brooklyn","Bushwick","Tot","9:40 AM","2","27","22","16","0","38"
"2019","2","Brooklyn","Bushwick","Level 2","8:50 AM","2","36","28","28","0","56"
"2019","2","Brooklyn","Bushwick","Level 2","8:00 AM","2","10","9","14","0","23"
"2019","2","Brooklyn","Bushwick","Level 1","10:00 AM","2","58","38","38","13","89"
"2019","2","Brooklyn","Bushwick","Level 1","9:00 AM","2","33","52","61","25","138"
"2019","2","Brooklyn","Bushwick","Level 1","8:00 AM","2","21","55","83","24","162"
"2019","2","Brooklyn","Betsy Head","Tot","10:15 AM","3","76","29","27","0","56"
"2019","2","Brooklyn","Betsy Head","Tot","9:40 AM","3","27","32","34","0","66"
"2019","2","Brooklyn","Betsy Head","Level 2","8:50 AM","2","55","22","14","0","36"
"2019","2","Brooklyn","Betsy Head","Level 2","8:00 AM","2","17","9","14","0","23"
"2019","2","Brooklyn","Betsy Head","Level 1","10:00 AM","3","102","14","21","9","44"
"2019","2","Brooklyn","Betsy Head","Level 1","9:00 AM","3","39","45","64","25","134"
"2019","2","Brooklyn","Betsy Head","Level 1","8:00 AM","3","33","19","35","17","71"
"2019","2","Bronx","Van Cortlandt","Tot","10:15 AM","2","124","30","25","0","55"
"2019","2","Bronx","Van Cortlandt","Tot","9:40 AM","2","89","29","36","0","65"
"2019","2","Bronx","Van Cortlandt","Level 2","8:50 AM","1","79","16","14","0","30"
"2019","2","Bronx","Van Cortlandt","Level 2","8:00 AM","1","44","0","0","0","0"
"2019","2","Bronx","Van Cortlandt","Level 1","10:00 AM","2","144","19","42","9","70"
"2019","2","Bronx","Van Cortlandt","Level 1","9:00 AM","2","64","30","38","13","81"
"2019","2","Bronx","Van Cortlandt","Level 1","8:00 AM","1","41","0","0","0","0"
"2019","2","Bronx","Mullaly","Adaptive","10:00 AM","1","2","2","2","0","4"
"2019","2","Bronx","Mullaly","Tot","10:15 AM","1","44","12","12","0","24"
"2019","2","Bronx","Mullaly","Tot","9:40 AM","1","23","3","7","0","10"
"2019","2","Bronx","Mullaly","Level 2","8:50 AM","1","32","11","10","0","21"
"2019","2","Bronx","Mullaly","Parks Camp","10:00 AM","1","25","10","14","0","24"
"2019","2","Bronx","Mullaly","Level 1","9:00 AM","1","58","17","22","0","39"
"2019","2","Bronx","Mullaly","Level 1","8:00 AM","1","31","15","29","0","44"
"2019","2","Bronx","Haffen","Tot","10:15 AM","1","48","9","9","0","18"
"2019","2","Bronx","Haffen","Tot","9:40 AM","1","26","8","9","0","17"
"2019","2","Bronx","Haffen","Level 2","8:50 AM","1","35","11","16","0","27"
"2019","2","Bronx","Haffen","Level 1","10:00 AM","1","79","9","13","3","25"
"2019","2","Bronx","Haffen","Level 1","9:00 AM","1","26","12","18","4","34"
"2019","2","Bronx","Haffen","Level 1","8:00 AM","1","19","8","15","2","25"
"2019","2","Bronx","Floating Pool","Tot","10:15 AM","1","57","16","17","0","33"
"2019","2","Bronx","Floating Pool","Tot","9:40 AM","1","22","11","13","0","24"
"2019","2","Bronx","Claremont","Level 2","8:50 AM","1","18","31","20","0","51"
"2019","2","Bronx","Floating Pool","Level 1","10:00 AM","1","43","44","12","0","56"
"2019","2","Bronx","Floating Pool","Level 1","9:00 AM","1","45","48","62","17","127"
"2019","2","Bronx","Floating Pool","Level 1","8:00 AM","1","3","35","51","17","103"
"2019","2","Bronx","Crotona","Tot","10:15 AM","1","58","19","11","0","30"
"2019","2","Bronx","Crotona","Tot","9:40 AM","1","20","3","2","0","5"
"2019","2","Bronx","Crotona","Level 2","8:50 AM","1","31","9","11","0","20"
"2019","2","Bronx","Crotona","Level 1","10:00 AM","2","82","37","13","4","54"
"2019","2","Bronx","Claremont","Level 1","9:00 AM","2","26","42","32","29","103"
"2019","2","Bronx","Claremont","Tot","10:15 AM","1","89","4","9","0","13"
"2019","2","Bronx","Claremont","Tot","9:40 AM","1","40","9","11","0","20"
"2019","2","Bronx","Claremont","Level 2","8:50 AM","1","28","5","10","0","15"
"2019","1","Bronx","Claremont","Level 1","10:00 AM","1","120","4","14","33","51"
"2019","3","Manhattan","Hamilton Fish","Level 2","11:00 AM","1","10","11","9","9","29"
"2019","3","Manhattan","Hamilton Fish","Level 2","10:00 AM","2","21","10","9","9","28"
"2019","3","Manhattan","Hamilton Fish","Tot","9:30 AM","3","29","10","10","6","26"
"2019","3","Manhattan","Hamilton Fish","Tot","9:00 AM","3","22","9","7","7","23"
"2019","3","Manhattan","Hamilton Fish","Level 1","11:00 AM","1","10","12","17","2","31"
"2019","4","Staten Island","Lyons","Advance","9:00 AM","2","49","22","0","0","22"
"2019","4","Staten Island","Faber","Advance","10:00 AM","1","4","8","0","0","8"
"2019","4","Staten Island","Faber","Advance","9:00 AM","1","11","18","0","0","18"
"2019","4","Staten Island","Faber","Advance","8:00 AM","1","29","14","0","0","14"
"2019","4","Queens","Fort Totten","Advance","10:00 AM","2","25","26","0","0","26"
"2019","4","Queens","Fort Totten","Advance","9:00 AM","2","42","13","0","0","13"
"2019","4","Queens","Fort Totten","Advance","8:00 AM","2","53","32","0","0","32"
"2019","4","Queens","Astoria","Advance","10:00 AM","3","37","18","0","0","18"
"2019","4","Queens","Astoria","Advance","9:00 AM","5","39","37","0","0","37"
"2019","4","Queens","Astoria","Advance","8:00 AM","3","72","33","0","0","33"
"2019","4","Brooklyn","Sunset","Advance","10:00 AM","3","34","40","0","0","40"
"2019","4","Brooklyn","Sunset","Advance","9:00 AM","6","97","75","0","0","75"
"2019","4","Brooklyn","Sunset","Advance","8:00 AM","3","113","39","0","0","39"
"2019","4","Brooklyn","Red Hook","Advance","10:00 AM","2","9","15","0","0","15"
"2019","4","Brooklyn","Red Hook","Advance","9:00 AM","3","11","14","0","0","14"
"2019","4","Brooklyn","Red Hook","Advance","8:00 AM","1","27","27","0","0","27"
"2019","4","Brooklyn","McCarren","Advance","10:00 AM","3","28","45","0","0","45"
"2019","4","Brooklyn","McCarren","Advance","9:00 AM","6","61","71","0","0","71"
"2019","4","Brooklyn","Kosciusko","Advance","10:00 AM","2","7","0","0","0","0"
"2019","4","Brooklyn","Kosciusko","Advance","9:00 AM","2","16","3","0","0","3"
"2019","3","Manhattan","Hamilton Fish","Level 1","10:00 AM","3","14","14","22","5","41"
"2019","4","Brooklyn","Howard Houses","Advance","10:00 AM","1","1","0","0","0","0"
"2019","4","Brooklyn","Howard Houses","Advance","9:00 AM","1","5","10","0","0","10"
"2019","4","Brooklyn","Howard Houses","Adaptive","8:00 AM","1","12","4","0","0","4"
"2019","4","Brooklyn","Bushwick","Advance","10:00 AM","2","8","20","0","0","20"
"2019","4","Brooklyn","Bushwick","Advance","9:00 AM","2","21","34","0","0","34"
"2019","3","Manhattan","Hamilton Fish","Level 1","9:00 AM","3","3","4","8","1","13"
"2019","4","Brooklyn","Bushwick","Advance","8:00 AM","2","37","53","0","0","53"
"2019","4","Brooklyn","Betsy Head","Advance","10:00 AM","2","10","5","0","0","5"
"2019","4","Brooklyn","Betsy Head","Advance","9:00 AM","2","8","8","0","0","8"
"2019","4","Brooklyn","Betsy Head","Advance","8:00 AM","2","20","26","0","0","26"
"2019","4","Bronx","Van Cortlandt","Advance","10:00 AM","2","13","3","0","0","3"
"2019","4","Bronx","Van Cortlandt","Advance","9:00 AM","2","35","13","0","0","13"
"2019","4","Bronx","Mullaly","Advance","9:00 AM","1","10","17","0","0","17"
"2019","4","Bronx","Mullaly","Advance","8:00 AM","1","13","4","0","0","4"
"2019","3","Manhattan","Asser Levy","Tot","10:15 AM","2","43","13","15","7","35"
"2019","4","Bronx","Haffen","Advance","10:00 AM","1","20","37","0","0","37"
"2019","3","Manhattan","Asser Levy","Tot","9:40 AM","2","19","7","10","4","21"
"2019","4","Bronx","Haffen","Advance","9:00 AM","1","9","25","0","0","25"
"2019","4","Bronx","Haffen","Advance","8:00 AM","1","25","10","0","0","10"
"2019","4","Bronx","Floating Pool","Advance","10:00 AM","1","2","0","0","0","0"
"2019","4","Bronx","Floating Pool","Advance","9:00 AM","1","7","6","0","0","6"
"2019","3","Manhattan","Asser Levy","Level 2","8:50 AM","1","36","12","17","13","42"
"2019","4","Bronx","Floating Pool","Advance","8:00 AM","1","18","23","0","0","23"
"2019","4","Bronx","Crotona","Advance","10:00 AM","1","11","8","0","0","8"
"2019","4","Bronx","Crotona","Advance","9:00 AM","1","21","8","0","0","8"
"2019","4","Manhattan","Tony Dapolito","Advance","10:00 AM","1","5","0","0","0","0"
"2019","4","Manhattan","Tony Dapolito",,"9:00 AM","3","24","39","0","0","39"
"2019","4","Manhattan","Thomas Jefferson","Advance","9:00 AM","1","19","26","0","0","26"
"2019","3","Manhattan","Asser Levy","Level 1","10:00 AM","2","40","38","54","5","97"
"2019","4","Manhattan","Marcus Garvey","Advance","10:00 AM","1","2","5","0","0","5"
"2019","4","Manhattan","Marcus Garvey","Advance","9:00 AM","1","3","8","0","0","8"
"2019","4","Manhattan","Marcus Garvey","Advance","8:00 AM","1","10","18","0","0","18"
"2019","4","Manhattan","Lasker","Advance","10:00 AM","2","13","16","0","0","16"
"2019","3","Manhattan","Asser Levy","Level 1","9:00 AM","2","16","19","20","5","44"
"2019","4","Manhattan","Lasker","Advance","9:00 AM","2","31","33","0","0","33"
"2019","4","Manhattan","John Jay","Advance","10:00 AM","3","14","11","0","0","11"
"2019","4","Manhattan","John Jay","Advance","9:00 AM","3","25","14","0","0","14"
"2019","4","Manhattan","Jackie Robinson","Advance","9:00 AM","1","19","18","0","0","18"
"2019","4","Manhattan","Highbridge","Advance","10:00 AM","2","2","6","0","0","6"
"2019","4","Manhattan","Highbridge","Advance","9:00 AM","3","4","0","0","0","0"
"2019","4","Manhattan","Highbridge","Advance","8:00 AM","2","14","29","0","0","29"
"2019","4","Manhattan","Hamilton Fish","Advance","10:00 AM","3","11","32","0","0","32"
"2019","4","Manhattan","Hamilton Fish","Advance","9:00 AM","3","13","36","0","0","36"
"2019","4","Manhattan","Asser Levy","Advance","10:00 AM","2","19","24","0","0","24"
"2019","4","Manhattan","Asser Levy","Advance","9:00 AM","2","28","18","0","0","18"
"2019","2","Bronx","Claremont","Level 2","8:00 AM","1","21","7","10","0","17"
"2019","2","Bronx","Claremont","Level 1","10:00 AM","1","120","4","14","4","22"
"2019","2","Bronx","Claremont","Level 1","9:00 AM","1","47","11","20","7","38"
"2019","2","Bronx","Claremont","Level 1","8:00 AM","1","43","10","14","8","32"
"2019","2","Manhattan","Wagner","Tot","10:15 AM","1","9","7","11","0","18"
"2019","2","Manhattan","Wagner","Tot","9:40 AM","1","1","2","2","0","4"
"2019","2","Manhattan","Wagner","Level 2","8:50 AM","1","7","14","21","0","35"
"2019","2","Manhattan","Wagner","Level 2","8:00 AM","1","2","2","2","0","4"
"2019","2","Manhattan","Wagner","Level 1","10:00 AM","1","10","16","22","29","67"
"2019","2","Manhattan","Wagner","Level 1","9:00 AM","1","3","12","19","21","52"
"2019","2","Manhattan","Wagner","Level 1","8:00 AM","1","2","0","0","0","0"
"2019","2","Manhattan","Tony Dapolito","Parks Camp","12:00pm","1","25","0","25","109","134"
"2019","2","Manhattan","Tony Dapolito","Parks Camp","11:00am","1","25","0","54","103","157"
"2019","2","Manhattan","Tony Dapolito","Senior","10:00 AM","1","45","42","56","83","181"
"2019","2","Manhattan","Tony Dapolito","Tot","9:00 AM","1","11","9","11","7","27"
"2019","2","Manhattan","Tony Dapolito","Level 2","10:00 AM","2","18","14","13","0","27"
"2019","2","Manhattan","Tony Dapolito","Level 2","9:00 AM","1","7","7","10","7","24"
"2019","2","Manhattan","Tony Dapolito","Level 1","9:00 AM","3","20","52","28","30","110"
"2019","2","Manhattan","Thomas Jefferson","Adult LTS","12:00pm","1","25","54","47","45","146"
"2019","2","Manhattan","Thomas Jefferson","Tot","10:15 AM","1","29","9","10","21","40"
"2019","2","Manhattan","Thomas Jefferson","Tot","9:40 AM","1","12","13","18","23","54"
"2019","2","Manhattan","Thomas Jefferson","Level 1","9:00 AM","1","64","44","30","19","93"
"2019","2","Manhattan","Szold","Tot","10:15 AM","1","11","18","11","5","34"
"2019","2","Manhattan","Szold","Tot","9:40 AM","1","6","12","9","7","28"
"2019","2","Manhattan","Szold","Level 2","8:50 AM","1","8","16","22","4","42"
"2019","2","Manhattan","Szold","Level 2","8:00 AM","1","1","0","0","0","0"
"2019","2","Manhattan","Szold","Level 1","10:00 AM","1","6","13","13","11","37"
"2019","2","Manhattan","Szold","Level 1","9:00 AM","1","0","0","0","4","4"
"2019","2","Manhattan","Szold","Level 1","8:00 AM","1","3","5","11","6","22"
"2019","2","Manhattan","Sheltering Arms","Tot","10:15 AM","1","13","9","7","0","16"
"2019","2","Manhattan","Sheltering Arms","Tot","9:40 AM","1","11","15","15","0","30"
"2019","2","Manhattan","Sheltering Arms","Level 2","8:50 AM","1","1","24","32","24","80"
"2019","2","Manhattan","Sheltering Arms","Level 2","8:00 AM","1","11","0","0","0","0"
"2019","2","Manhattan","Sheltering Arms","Level 1","10:00 AM","1","11","14","17","4","35"
"2019","2","Manhattan","Sheltering Arms","Level 1","9:00 AM","1","3","13","24","8","45"
"2019","2","Manhattan","Sheltering Arms","Level 1","8:00 AM","1","3","21","26","32","79"
"2019","2","Manhattan","Marcus Garvey","Tot","10:15 AM","1","19","0","4","7","11"
"2019","2","Manhattan","Marcus Garvey","Tot","9:40 AM","1","14","6","12","0","18"
"2019","2","Manhattan","Marcus Garvey","Level 2","8:50 AM","1","10","8","8","6","22"
"2019","2","Manhattan","Marcus Garvey","Level 2","8:00 AM","1","11","7","0","0","7"
"2019","2","Manhattan","Marcus Garvey","Level 1","10:00 AM","1","34","0","20","8","28"
"2019","2","Manhattan","Marcus Garvey","Level 1","9:00 AM","1","7","10","15","10","35"
"2019","2","Manhattan","Marcus Garvey","Level 1","8:00 AM","1","13","9","15","4","28"
"2019","2","Manhattan","Lasker","Adaptive","10:00 AM","1","18","0","0","18","18"
"2019","2","Manhattan","Lasker","Tot","10:15 AM","2","53","25","21","0","46"
"2019","2","Manhattan","Lasker","Tot","9:40 AM","1","36","30","25","0","55"
"2019","2","Manhattan","Lasker","Level 2","8:50 AM","2","23","24","19","0","43"
"2019","2","Manhattan","Lasker","Level 1","10:00 AM","2","42","39","79","13","131"
"2019","2","Manhattan","Lasker","Level 1","9:00 AM","2","13","13","27","26","66"
"2019","2","Manhattan","John Jay","Tot","10:15 AM","3","36","28","0","34","62"
"2019","2","Manhattan","John Jay","Tot","9:40 AM","3","29","28","0","29","57"
"2019","2","Manhattan","John Jay","Level 2","8:50 AM","1","16","16","0","16","32"
"2019","2","Manhattan","John Jay","Level 1","10:00 AM","3","82","50","39","82","171"
"2019","2","Manhattan","John Jay","Level 1","9:00 AM","3","10","30","24","2","56"
"2019","2","Manhattan","Jackie Robinson","Senior","9:00 AM","1","12","5","9","13","27"
"2019","2","Manhattan","Jackie Robinson","Tot","10:15 AM","1","36","0","6","0","6"
"2019","2","Manhattan","Jackie Robinson","Tot","9:40 AM","1","29","0","12","0","12"
"2019","2","Manhattan","Jackie Robinson","Level 2","8:50 AM","1","28","0","10","0","10"
"2019","2","Manhattan","Jackie Robinson","Level 1","10:00 AM","1","32","5","31","5","41"
"2019","2","Manhattan","Jackie Robinson","Level 1","9:00 AM","1","14","14","16","3","33"
"2019","2","Manhattan","Highbridge","Parks Camp","11:00am","1","25","37","41","23","101"
"2019","2","Manhattan","Highbridge","Tot","10:15 AM","1","50","22","16","0","38"
"2019","2","Manhattan","Highbridge","Tot","9:40 AM","1","24","23","25","0","48"
"2019","2","Manhattan","Highbridge","Level 2","8:50 AM","1","12","20","18","0","38"
"2019","2","Manhattan","Highbridge","Level 2","8:00 AM","1","6","22","18","0","40"
"2019","2","Manhattan","Highbridge","Level 1","10:00 AM","2","41","45","54","37","136"
"2019","2","Manhattan","Highbridge","Level 1","9:00 AM","2","12","50","51","43","144"
"2019","2","Manhattan","Highbridge","Level 1","8:00 AM","2","8","18","19","53","90"
"2019","2","Manhattan","Hamilton Fish","Parks Camp","11:00am","1","25","41","0","0","41"
"2019","2","Manhattan","Hamilton Fish","Senior","10:00 AM","2","20","13","31","31","75"
"2019","2","Manhattan","Hamilton Fish","Tot","9:30am","3","29","30","25","0","55"
"2019","2","Manhattan","Hamilton Fish","Tot","9:00 AM","3","22","11","18","0","29"
"2019","2","Manhattan","Hamilton Fish","Level 2","11:00am","1","12","11","8","0","19"
"2019","2","Manhattan","Hamilton Fish","Level 2","10:00 AM","2","17","20","16","0","36"
"2019","2","Manhattan","Hamilton Fish","Level 1","11:00am","1","12","20","27","7","54"
"2019","2","Manhattan","Hamilton Fish","Level 1","10:00 AM","3","12","16","29","8","53"
"2019","2","Manhattan","Hamilton Fish","Level 1","9:00 AM","3","7","2","29","0","31"
"2019","2","Manhattan","Asser Levy","Tot","10:15 AM","2","47","24","18","0","42"
"2019","2","Manhattan","Asser Levy","Tot","9:40 AM","2","23","16","18","0","34"
"2019","2","Manhattan","Asser Levy","Level 2","8:50 AM","1","28","29","30","0","59"
"2019","2","Manhattan","Asser Levy","Level 1","10:00 AM","2","52","27","44","15","86"
"2019","2","Manhattan","Asser Levy","Level 1","9:00 AM","2","13","19","38","10","67"
"2019","1","Staten Island","West Brighton","Tot","10:15 AM","1","10","0","16","13","29"
"2019","1","Staten Island","West Brighton","Tot","9:40 AM","1","8","0","8","7","15"
"2019","1","Staten Island","West Brighton","Level 2","8:50 AM","1","12","0","17","11","28"
"2019","1","Staten Island","West Brighton","Level 1","10:00 AM","1","15","0","23","31","54"
"2019","1","Staten Island","West Brighton","Level 1","9:00 AM","1","6","0","22","38","60"
"2019","1","Staten Island","West Brighton","Level 1","8:00 AM","1","8","0","22","21","43"
"2019","1","Staten Island","Tottenville","Tot","10:15 AM","1","100","0","14","10","24"
"2019","1","Staten Island","Tottenville","Tot","9:40 AM","1","71","0","18","13","31"
"2019","1","Staten Island","Tottenville","Level 2","8:50 AM","1","36","0","24","21","45"
"2019","1","Staten Island","Tottenville","Level 1","10:00 AM","1","54","0","44","40","84"
"2019","1","Staten Island","Tottenville","Level 1","9:00 AM","1","21","0","36","29","65"
"2019","1","Staten Island","Tottenville","Level 1","8:00 AM","1","20","0","23","21","44"
"2019","1","Staten Island","Lyons","Parks Camp","11:00am","1","30","0","0","23","23"
"2019","1","Staten Island","Lyons","Parks Camp","10:00 AM","1","30","0","0","37","37"
"2019","1","Staten Island","Faber","Adaptive","10:00 AM","1","1","0","0","1","1"
"2019","1","Staten Island","Faber","Senior","9:00 AM","1","31","0","72","69","141"
"2019","1","Staten Island","Lyons","Tot","10:15 AM","3","42","0","33","23","56"
"2019","1","Staten Island","Lyons","Tot","9:45am","3","32","0","36","28","64"
"2019","1","Staten Island","Lyons","Level 2","8:50 AM","2","59","0","39","37","76"
"2019","1","Staten Island","Lyons","Level 1","9:00 AM","2","79","0","48","45","93"
"2019","1","Staten Island","Faber","Tot","10:15 AM","2","62","0","11","4","15"
"2019","1","Staten Island","Faber","Tot","9:40 AM","1","43","0","14","14","28"
"2019","1","Staten Island","Faber","Level 2","8:50 AM","2","29","0","18","17","35"
"2019","1","Staten Island","Faber","Level 1","10:00 AM","1","77","0","17","22","39"
"2019","1","Staten Island","Faber","Level 1","9:00 AM","1","36","0","36","30","66"
"2019","1","Staten Island","Faber","Level 1","8:00 AM","1","36","0","30","25","55"
"2019","1","Queens","Liberty","Parks Camp","11:00am","1","40","0","0","36","36"
"2019","1","Queens","Liberty","Parks Camp","10:00 AM","1","40","0","0","35","35"
"2019","1","Queens","Liberty","Tot","10:15 AM","1","94","0","14","12","26"
"2019","1","Queens","Liberty","Tot","9:40 AM","1","46","0","11","12","23"
"2019","1","Queens","Liberty","Level 2","8:50 AM","2","52","0","14","21","35"
"2019","1","Queens","Liberty","Level 2","8:00 AM","2","22","0","30","16","46"
"2019","1","Queens","Liberty","Level 1","10:00 AM","2","110","0","39","33","72"
"2019","1","Queens","Liberty","Level 1","9:00 AM","2","42","0","45","65","110"
"2019","1","Queens","Liberty","Level 1","8:00 AM","2","40","0","74","44","118"
"2019","1","Queens","Fort Totten","Senior","10:00 AM","1","45","0","47","90","137"
"2019","1","Queens","Fort Totten","Tot","10:15 AM","2","87","0","37","15","52"
"2019","1","Queens","Fort Totten","Tot","9:40 AM","2","54","0","33","10","43"
"2019","1","Queens","Fort Totten","Level 2","8:50 AM","2","51","0","34","13","47"
"2019","1","Queens","Fort Totten","Level 2","8:00 AM","2","30","0","36","23","59"
"2019","1","Queens","Fort Totten","Level 1","9:00 AM","2","96","0","59","50","109"
"2019","1","Queens","Fort Totten","Level 1","8:00 AM","1","33","0","35","34","69"
"2019","1","Queens","Fisher","Tot","10:15 AM","3","175","0","58","42","100"
"2019","1","Queens","Fisher","Tot","9:40 AM","3","76","0","73","45","118"
"2019","1","Queens","Fisher","Level 2","8:50 AM","3","99","0","38","57","95"
"2019","1","Queens","Fisher","Level 2","8:00 AM","1","45","0","60","25","85"
"2019","1","Queens","Fisher","Level 1","10:00 AM","3","238","0","112","115","227"
"2019","1","Queens","Fisher","Level 1","9:00 AM","3","99","0","135","115","250"
"2019","1","Queens","Fisher","Level 1","8:00 AM","3","97","0","123","128","251"
"2019","1","Queens","Astoria","Tot","10:15 AM","1","255","0","12","8","20"
"2019","1","Queens","Astoria","Tot","9:40 AM","1","140","0","18","6","24"
"2019","1","Queens","Astoria","Level 2","8:50 AM","4","107","0","90","61","151"
"2019","1","Queens","Astoria","Level 2","8:00 AM","3","52","0","62","46","108"
"2019","1","Queens","Astoria","Level 1","10:00 AM","2","306","0","62","46","108"
"2019","1","Queens","Astoria","Level 1","9:00 AM","5","103","0","138","113","251"
"2019","1","Queens","Astoria","Level 1","8:00 AM","3","65","0","90","68","158"
"2019","1","Brooklyn","Sunset","Senior","10:00 AM","4","27","0","50","38","88"
"2019","1","Brooklyn","Sunset","Tot","10:15 AM","4","104","0","81","75","156"
"2019","1","Brooklyn","Sunset","Tot","9:40 AM","4","104","0","96","73","169"
"2019","1","Brooklyn","Sunset","Level 2","8:50 AM","5","93","0","138","125","263"
"2019","1","Brooklyn","Sunset","Level 2","8:00 AM","3","60","0","78","66","144"
"2019","1","Brooklyn","Sunset","Level 1","10:00 AM","6","292","0","300","265","565"
"2019","1","Brooklyn","Sunset","Level 1","9:00 AM","6","127","0","316","265","581"
"2019","1","Brooklyn","Sunset","Level 1","8:00 AM","3","89","0","139","136","275"
"2019","1","Brooklyn","Red Hook","Senior","10:00 AM","3","5","0","8","10","18"
"2019","1","Brooklyn","Red Hook","Tot","10:15 AM","3","27","0","21","19","40"
"2019","1","Brooklyn","Red Hook","Tot","9:40 AM","3","20","0","26","26","52"
"2019","1","Brooklyn","Red Hook","Level 2","8:50 AM","2","24","0","31","29","60"
"2019","1","Brooklyn","Red Hook","Level 2","8:00 AM","1","5","0","5","6","11"
"2019","1","Brooklyn","Red Hook","Level 1","10:00 AM","3","41","0","39","33","72"
"2019","1","Brooklyn","Red Hook","Level 1","9:00 AM","3","8","0","21","17","38"
"2019","1","Brooklyn","Red Hook","Level 1","8:00 AM","1","11","0","16","14","30"
"2019","1","Brooklyn","McCarren","Adaptive","10:00 AM","4","1","0","1","0","1"
"2019","1","Brooklyn","McCarren","Senior","10:00 AM","4","22","0","29","18","47"
"2019","1","Brooklyn","McCarren","Parks Camp","10:00 AM","2","50","0","0","212","212"
"2019","1","Brooklyn","McCarren","Tot","10:15 AM","4","80","0","55","41","96"
"2019","1","Brooklyn","McCarren","Tot","9:40 AM","4","78","0","46","27","73"
"2019","1","Brooklyn","McCarren","Level 2","8:50 AM","5","95","0","78","58","136"
"2019","1","Brooklyn","McCarren","Level 1","10:00 AM","3","147","0","62","80","142"
"2019","1","Brooklyn","McCarren","Level 1","9:00 AM","6","65","0","134","125","259"
"2019","1","Brooklyn","Kosciusko","Senior","10:00 AM","1","15","0","20","19","39"
"2019","1","Brooklyn","Kosciusko","Tot","10:15 AM","1","46","0","18","15","33"
"2019","1","Brooklyn","Kosciusko","Tot","9:40 AM","1","33","0","23","18","41"
"2019","1","Brooklyn","Kosciusko","Level 2","8:50 AM","1","28","0","20","22","42"
"2019","1","Brooklyn","Kosciusko","Level 2","8:00 AM","1","17","0","0","0","0"
"2019","1","Brooklyn","Kosciusko","Level 1","10:00 AM","2","58","0","58","58","116"
"2019","1","Brooklyn","Kosciusko","Level 1","9:00 AM","2","10","0","27","25","52"
"2019","1","Brooklyn","Kosciusko","Level 1","8:00 AM","2","25","0","0","0","0"
"2019","1","Brooklyn","Howard Houses","Tot","10:15 AM","1","14","0","17","11","28"
"2019","1","Brooklyn","Howard Houses","Tot","9:40 AM","1","8","0","12","7","19"
"2019","1","Brooklyn","Howard Houses","Level 2","8:50 AM","1","12","0","10","10","20"
"2019","1","Brooklyn","Howard Houses","Level 2","8:00 AM","1","2","0","2","0","2"
"2019","1","Brooklyn","Howard Houses","Level 1","10:00 AM","1","34","0","21","20","41"
"2019","1","Brooklyn","Howard Houses","Level 1","9:00 AM","1","5","0","8","13","21"
"2019","1","Brooklyn","Howard Houses","Level 1","8:00 AM","1","3","0","8","9","17"
"2019","1","Brooklyn","Douglas-Degraw","Tot","10:15 AM","2","50","0","19","18","37"
"2019","1","Brooklyn","Douglas-Degraw","Tot","9:40 AM","2","35","0","33","21","54"
"2019","1","Brooklyn","Douglas-Degraw","Level 2","8:50 AM","2","23","0","17","0","17"
"2019","1","Brooklyn","Douglas-Degraw","Level 2","8:00 AM","1","10","0","6","5","11"
"2019","1","Brooklyn","Douglas-Degraw","Level 1","10:00 AM","2","44","0","77","24","101"
"2019","1","Brooklyn","Douglas-Degraw","Level 1","9:00 AM","2","6","0","21","12","33"
"2019","1","Brooklyn","Douglas-Degraw","Level 1","8:00 AM","2","12","0","16","13","29"
"2019","1","Brooklyn","Commodore Barry","Tot","10:15 AM","2","27","0","22","12","34"
"2019","1","Brooklyn","Commodore Barry","Tot","9:40 AM","2","10","0","18","11","29"
"2019","1","Brooklyn","Commodore Barry","Level 2","8:50 AM","2","9","0","13","10","23"
"2019","1","Brooklyn","Commodore Barry","Level 2","8:00 AM","2","6","0","7","6","13"
"2019","1","Brooklyn","Commodore Barry","Level 1","10:00 AM","2","14","0","29","24","53"
"2019","1","Brooklyn","Commodore Barry","Level 1","9:00 AM","2","2","0","9","6","15"
"2019","1","Brooklyn","Commodore Barry","Level 1","8:00 AM","2","8","0","14","15","29"
"2019","1","Brooklyn","Bushwick","Tot","10:15 AM","2","38","0","28","21","49"
"2019","1","Brooklyn","Bushwick","Tot","9:40 AM","2","20","0","21","14","35"
"2019","1","Brooklyn","Bushwick","Level 2","8:50 AM","2","25","0","34","20","54"
"2019","1","Brooklyn","Bushwick","Level 2","8:00 AM","2","8","0","11","14","25"
"2019","1","Brooklyn","Bushwick","Level 1","10:00 AM","2","65","0","72","64","136"
"2019","1","Brooklyn","Bushwick","Level 1","9:00 AM","2","55","0","79","90","169"
"2019","1","Brooklyn","Bushwick","Level 1","8:00 AM","2","21","0","73","64","137"
"2019","1","Brooklyn","Betsy Head","Tot","10:15 AM","3","73","0","50","26","76"
"2019","1","Brooklyn","Betsy Head","Tot","9:40 AM","2","34","0","32","17","49"
"2019","1","Brooklyn","Betsy Head","Level 2","8:50 AM","2","38","0","33","19","52"
"2019","1","Brooklyn","Betsy Head","Level 2","8:00 AM","2","20","0","0","10","10"
"2019","1","Brooklyn","Betsy Head","Level 1","10:00 AM","3","95","0","41","35","76"
"2019","1","Brooklyn","Betsy Head","Level 1","9:00 AM","3","26","0","32","44","76"
"2019","1","Brooklyn","Betsy Head","Level 1","8:00 AM","3","36","0","55","39","94"
"2019","1","Bronx","Van Cortlandt","Tot","10:15 AM","2","108","0","45","13","58"
"2019","1","Bronx","Van Cortlandt","Tot","9:40 AM","2","54","0","54","28","82"
"2019","1","Bronx","Van Cortlandt","Level 2","8:50 AM","2","36","0","41","16","57"
"2019","1","Bronx","Van Cortlandt","Level 2","8:00 AM","1","26","0","11","20","31"
"2019","1","Bronx","Van Cortlandt","Level 1","10:00 AM","2","113","0","36","36","72"
"2019","1","Bronx","Van Cortlandt","Level 1","9:00 AM","2","55","0","54","54","108"
"2019","1","Bronx","Van Cortlandt","Level 1","8:00 AM","1","48","0","25","25","50"
"2019","1","Bronx","Mullaly","Parks Camp","12:00pm","1","25","0","0","38","38"
"2019","1","Bronx","Mullaly","Parks Camp","1:00pm","1","25","0","25","0","25"
"2019","1","Bronx","Mullaly","Parks Camp","11:00am","1","25","0","0","55","55"
"2019","1","Bronx","Mullaly","Parks Camp","10:00 AM","1","25","0","0","23","23"
"2019","1","Bronx","Mullaly","Swim Team","8:00 AM","1","6","0","7","8","15"
"2019","1","Bronx","Mullaly","Tot","10:15 AM","1","41","0","20","10","30"
"2019","1","Bronx","Mullaly","Tot","9:40 AM","1","20","0","14","9","23"
"2019","1","Bronx","Mullaly","Level 2","8:50 AM","1","21","0","16","9","25"
"2019","1","Bronx","Mullaly","Level 1","9:00 AM","1","59","0","20","36","56"
"2019","1","Bronx","Mullaly","Level 1","8:00 AM","1","36","0","22","45","67"
"2019","1","Bronx","Mapes","Tot","10:15 AM","1","30","0","2","1","3"
"2019","1","Bronx","Mapes","Tot","9:40 AM","1","23","0","13","9","22"
"2019","1","Bronx","Mapes","Level 2","8:50 AM","1","10","0","9","6","15"
"2019","1","Bronx","Mapes","Swim Team","8:00 AM","1","0","0","0","0","0"
"2019","1","Bronx","Mapes","Level 1","10:00 AM","1","28","0","15","16","31"
"2019","1","Bronx","Mapes","Level 1","9:00 AM","1","8","0","15","15","30"
"2019","1","Bronx","Mapes","Level 1","8:00 AM","1","10","0","12","14","26"
"2019","1","Bronx","Haffen","Swim Team","8:00 AM","1","2","0","2","4","6"
"2019","1","Bronx","Haffen","Tot","10:15 AM","1","29","0","9","5","14"
"2019","1","Bronx","Haffen","Tot","9:40 AM","1","20","0","10","6","16"
"2019","1","Bronx","Haffen","Level 2","8:50 AM","1","23","0","17","9","26"
"2019","1","Bronx","Haffen","Level 2","8:50 AM","1","23","0","17","9","26"
"2019","1","Bronx","Haffen","Level 1","10:00 AM","1","59","0","20","18","38"
"2019","1","Bronx","Haffen","Level 1","9:00 AM","1","46","0","11","21","32"
"2019","1","Bronx","Haffen","Level 1","8:00 AM","1","55","0","8","18","26"
"2019","1","Bronx","Floating Pool","Parks Camp","12:00pm","1","25","0","0","0","0"
"2019","1","Bronx","Floating Pool","Parks Camp","11:00am","1","25","0","0","34","34"
"2019","1","Bronx","Floating Pool","Swim Team","8:00 AM","1","3","0","5","3","8"
"2019","1","Bronx","Floating Pool","Tot","10:15 AM","1","41","0","15","19","34"
"2019","1","Bronx","Floating Pool","Tot","9:40 AM","1","19","0","17","8","25"
"2019","1","Bronx","Floating Pool","Level 2","8:50 AM","1","20","0","24","9","33"
"2019","1","Bronx","Floating Pool","Level 1","10:00 AM","1","12","0","5","6","11"
"2019","1","Bronx","Floating Pool","Level 1","9:00 AM","1","42","0","54","47","101"
"2019","1","Bronx","Floating Pool","Level 1","8:00 AM","1","19","0","48","42","90"
"2019","1","Bronx","Crotona","Senior","10:00 AM","1","1","0","0","1","1"
"2019","1","Bronx","Crotona","Swim Team","8:50 AM","1","1","0","3","1","4"
"2019","1","Bronx","Crotona","Tot","10:15 AM","1","53","0","14","2","16"
"2019","1","Bronx","Crotona","Tot","9:40 AM","1","25","0","11","4","15"
"2019","1","Bronx","Crotona","Level 2","8:50 AM","1","33","0","17","7","24"
"2019","1","Bronx","Crotona","Level 1","10:00 AM","2","87","0","29","19","48"
"2019","1","Bronx","Crotona","Level 1","9:00 AM","2","44","0","29","21","50"
"2019","1","Bronx","Claremont","Tot","10:15 AM","1","80","0","16","10","26"
"2019","1","Bronx","Claremont","Tot","9:40 AM","1","34","0","12","8","20"
"2019","1","Bronx","Claremont","Level 2","8:50 AM","1","38","0","13","8","21"
"2019","1","Bronx","Claremont","Level 2","8:00 AM","1","14","0","12","10","22"
"2019","1","Bronx","Claremont","Level 1","10:00 AM","1","131","0","11","15","26"
"2019","1","Bronx","Claremont","Level 1","9:00 AM","1","52","0","21","22","43"
"2019","1","Bronx","Claremont","Level 1","8:00 AM","1","25","0","15","13","28"
"2019","1","Manhattan","Wagner","Tot","10:15 AM","1","2","0","4","3","7"
"2019","1","Manhattan","Wagner","Tot","9:40 AM","1","2","0","3","3","6"
"2019","1","Manhattan","Wagner","Level 2","8:50 AM","1","4","0","15","8","23"
"2019","1","Manhattan","Wagner","Level 2","8:00 AM","1","2","0","0","0","0"
"2019","1","Manhattan","Wagner","Level 1","10:00 AM","1","9","0","15","15","30"
"2019","1","Manhattan","Wagner","Level 1","9:00 AM","1","55","0","20","27","47"
"2019","1","Manhattan","Wagner","Level 1","8:00 AM","1","5","0","8","14","22"
"2019","1","Manhattan","Tony Dapolito","Parks Camp","1:00pm","1","25","0","0","44","44"
"2019","1","Manhattan","Tony Dapolito","Parks Camp","11:00am","1","25","0","0","73","73"
"2019","1","Manhattan","Tony Dapolito","Senior","10:00 AM","1","35","0","50","73","123"
"2019","1","Manhattan","Tony Dapolito","Swim Team","10:00 AM","1","10","0","13","14","27"
"2019","1","Manhattan","Tony Dapolito","Tot","9:30","1","19","0","19","11","30"
"2019","1","Manhattan","Tony Dapolito","Tot","9:00 AM","1","10","0","17","11","28"
"2019","1","Manhattan","Tony Dapolito","Level 2","10:00 AM","2","14","0","21","19","40"
"2019","1","Manhattan","Tony Dapolito","Level 2","9:00 AM","1","5","0","6","6","12"
"2019","1","Manhattan","Tony Dapolito","Level 1","9:00 AM","3","21","0","17","33","50"
"2019","1","Manhattan","Thomas Jefferson","Adult LTS","12:00pm","1","21","0","35","56","91"
"2019","1","Manhattan","Thomas Jefferson","Swim Team","8:50 AM","1","4","0","4","5","9"
"2019","1","Manhattan","Szold","Tot","10:15 AM","1","41","0","15","7","22"
"2019","1","Manhattan","Thomas Jefferson","Tot","9:40 AM","1","25","0","18","13","31"
"2019","1","Manhattan","Thomas Jefferson","Level 1","9:00 AM","1","61","0","34","21","55"
"2019","1","Manhattan","Szold","Swim Team","8:50 AM","1","5","0","5","5","10"
"2019","1","Manhattan","Szold","Tot","10:15 AM","1","5","0","6","6","12"
"2019","1","Manhattan","Szold","Tot","9:40 AM","1","2","0","4","4","8"
"2019","1","Manhattan","Szold","Level 2","8:50 AM","1","12","0","17","15","32"
"2019","1","Manhattan","Szold","Level 2","8:00 AM","1","1","0","0","1","1"
"2019","1","Manhattan","Szold","Level 1","10:00 AM","1","0","0","30","0","30"
"2019","1","Manhattan","Szold","Level 1","9:00 AM","1","0","0","0","0","0"
"2019","1","Manhattan","Szold","Level 1","8:00 AM","1","3","0","4","2","6"
"2019","1","Manhattan","Sheltering Arms","Tot","10:15 AM","1","12","0","11","7","18"
"2019","1","Manhattan","Sheltering Arms","Tot","9:40 AM","1","6","0","13","11","24"
"2019","1","Manhattan","Sheltering Arms","Level 2","8:50 AM","1","6","0","35","30","65"
"2019","1","Manhattan","Sheltering Arms","Level 1","10:00 AM","1","7","0","15","14","29"
"2019","1","Manhattan","Sheltering Arms","Level 1","9:00 AM","1","0","0","0","0","0"
"2019","1","Manhattan","Sheltering Arms","Level 1","8:00 AM","1","3","0","13","13","26"
"2019","1","Manhattan","Marcus Garvey","Parks Camp","12:00pm","1","25","0","25","25","50"
"2019","1","Manhattan","Marcus Garvey","Tot","10:15 AM","1","22","0","17","4","21"
"2019","1","Manhattan","Marcus Garvey","Tot","9:40 AM","1","15","0","13","7","20"
"2019","1","Manhattan","Marcus Garvey","Level 2","8:50 AM","1","9","0","10","15","25"
"2019","1","Manhattan","Marcus Garvey","Level 2","8:00 AM","1","9","0","0","0","0"
"2019","1","Manhattan","Marcus Garvey","Level 1","10:00 AM","1","19","0","18","20","38"
"2019","1","Manhattan","Marcus Garvey","Level 1","9:00 AM","1","4","0","6","7","13"
"2019","1","Manhattan","Marcus Garvey","Level 1","8:00 AM","1","12","0","23","17","40"
"2019","1","Manhattan","Lasker","Adaptive","10:00 AM","1","15","0","6","0","6"
"2019","1","Manhattan","Lasker","Swim Team","8:50 AM","1","7","0","3","6","9"
"2019","1","Manhattan","John Jay","Tot","10:15 AM","1","43","0","42","31","73"
"2019","1","Manhattan","Lasker","Tot","9:40 AM","1","26","0","45","35","80"
"2019","1","Manhattan","John Jay","Level 2","8:50 AM","1","30","0","43","37","80"
"2019","1","Manhattan","Lasker","Level 1","10:00 AM","2","41","0","49","52","101"
"2019","1","Manhattan","Lasker","Level 1","9:00 AM","2","12","0","29","28","57"
"2019","1","Manhattan","John Jay","Swim Team","8:50 AM","1","7","0","7","7","14"
"2019","1","Manhattan","John Jay","Tot","10:15 AM","3","51","0","38","28","66"
"2019","1","Manhattan","John Jay","Tot","9:40 AM","3","32","0","32","17","49"
"2019","1","Manhattan","John Jay","Level 2","8:50 AM","1","28","0","9","3","12"
"2019","1","Manhattan","John Jay","Level 1","10:00 AM","3","38","0","63","55","118"
"2019","1","Manhattan","John Jay","Level 1","9:00 AM","3","4","0","26","43","69"
"2019","1","Manhattan","Jackie Robinson","Senior","9:00 AM","1","11","0","13","7","20"
"2019","1","Manhattan","Jackie Robinson","Swim Team","8:50 AM","1","2","0","3","1","4"
"2019","1","Manhattan","Jackie Robinson","Tot","10:15 AM","1","24","0","16","6","22"
"2019","1","Manhattan","Jackie Robinson","Tot","9:40 AM","1","21","0","18","12","30"
"2019","1","Manhattan","Jackie Robinson","Level 2","8:50 AM","1","15","0","12","10","22"
"2019","1","Manhattan","Jackie Robinson","Level 1","10:00 AM","1","43","0","41","31","72"
"2019","1","Manhattan","Jackie Robinson","Level 1","9:00 AM","1","12","0","26","21","47"
"2019","1","Manhattan","Highbridge","Parks Camp","11:00am","1","25","0","0","24","24"
"2019","1","Manhattan","Highbridge","Tot","10:15 AM","1","54","0","0","0","0"
"2019","1","Manhattan","Highbridge","Tot","9:40 AM","1","37","0","26","17","43"
"2019","1","Manhattan","Highbridge","Level 2","8:50 AM","1","22","0","34","20","54"
"2019","1","Manhattan","Highbridge","Level 2","8:00 AM","1","3","0","10","15","25"
"2019","1","Manhattan","Highbridge","Level 1","10:00 AM","2","46","0","71","43","114"
"2019","1","Manhattan","Highbridge","Level 1","9:00 AM","2","11","0","51","38","89"
"2019","1","Manhattan","Highbridge","Level 1","8:00 AM","2","11","0","82","74","156"
"2019","1","Manhattan","Hamilton Fish","Adaptive","11:00am","1","1","0","0","1","1"
"2019","1","Manhattan","Hamilton Fish","Senior","11:00am","1","20","0","30","10","40"
"2019","1","Manhattan","Hamilton Fish","Swim Team","10:00 AM","2","12","0","11","11","22"
"2019","1","Manhattan","Hamilton Fish","Swim Team","9:30","2","12","0","11","11","22"
"2019","1","Manhattan","Hamilton Fish","Tot","9:30","3","23","0","23","12","35"
"2019","1","Manhattan","Hamilton Fish","Tot","9:00 AM","3","19","0","20","11","31"
"2019","1","Manhattan","Hamilton Fish","Level 2","11:00am","1","9","0","4","2","6"
"2019","1","Manhattan","Hamilton Fish","Level 2","10:00 AM","2","8","0","4","2","6"
"2019","1","Manhattan","Hamilton Fish","Level 1","11:00am","1","21","0","23","23","46"
"2019","1","Manhattan","Hamilton Fish","Level 1","10:00 AM","3","12","0","36","43","79"
"2019","1","Manhattan","Hamilton Fish","Level 1","9:00 AM","3","1","0","1","36","37"
"2019","1","Manhattan","Asser Levy","Swim Team","8:50 AM","2","8","0","4","4","8"
"2019","1","Manhattan","Asser Levy","Tot","10:15 AM","2","51","0","22","14","36"
"2019","1","Manhattan","Asser Levy","Tot","9:40 AM","2","32","0","24","9","33"
"2019","1","Manhattan","Asser Levy","Level 2","8:50 AM","1","43","0","24","20","44"
"2019","1","Manhattan","Asser Levy","Level 1","10:00 AM","2","51","0","47","43","90"
"2019","1","Manhattan","Asser Levy","Level 1","9:00 AM","2","20","0","22","33","55"
"2019","All","Queens","Liberty","Parks Camp","10:00 AM","1","80","66","72","77","215"
"2019","All","Staten Island","Tottenville","Swim Team","8:00 AM","1","13","11","13","8","32"
"2019","All","Manhattan","Szold","Swim Team","8:00 AM","1","11","10","11","8","29"
"2019","All","Brooklyn","Commodore Barry","Swim Team","8:00 AM","1","5","5","3","3","11"
"2019","All","Queens","Liberty","Swim Team","8:00 AM","1","18","16","18","11","45"
"2019","All","Brooklyn","Douglas-Degraw","Swim Team","8:00 AM","1","15","11","15","13","39"
"2019","All","Staten Island","West Brighton","Swim Team","8:00 AM","1","5","2","4","4","10"
"2019","All","Queens","Fisher","Swim Team","8:00 AM","1","25","22","19","25","66"
"2019","4","Staten Island","Tottenville","Advance","10:00 AM","1","8","9","0","0","9"
"2019","4","Staten Island","Tottenville","Advance","9:00 AM","1","12","16","0","0","16"
"2019","4","Staten Island","Tottenville","Advance","8:00 AM","1","31","15","0","0","15"
"2019","4","Queens","Liberty","Advance","10:00 AM","1","35","8","0","0","8"
"2019","4","Queens","Liberty","Advance","9:00 AM","2","46","10","0","0","10"
"2019","4","Queens","Liberty","Advance","8:00 AM","2","67","15","0","0","15"
"2019","4","Brooklyn","Commodore Barry","Advance","10:00 AM","2","4","0","0","0","0"
"2019","4","Brooklyn","Commodore Barry","Advance","9:00 AM","2","8","9","0","0","9"
"2019","4","Brooklyn","Commodore Barry","Advance","8:00 AM","2","10","18","0","0","18"
"2019","4","Bronx","Claremont","Advance","10:00 AM","1","2","6","0","0","6"
"2019","4","Bronx","Claremont","Advance","9:00 AM","1","12","33","0","0","33"
"2019","4","Bronx","Claremont","Advance","8:00 AM","1","20","19","0","0","19"
"2019","4","Manhattan","Wagner","Advance","10:00 AM","1","2","0","0","0","0"
"2019","4","Manhattan","Wagner","Advance","9:00 AM","1","2","3","0","0","3"
"2019","4","Manhattan","Wagner","Advance","8:00 AM","1","4","3","0","0","3"
"2019","4","Manhattan","Szold","Advance","10:00 AM","1","5","9","0","0","9"
"2019","4","Manhattan","Szold","Advance","9:00 AM","1","6","8","0","0","8"
"2019","4","Manhattan","Szold","Advance","8:00 AM","1","8","9","0","0","9"
"2019","3","Staten Island","Tottenville","Level 2","8:50 AM","1","60","8","20","9","37"
"2019","3","Staten Island","Tottenville","Level 1","9:00 AM","1","26","23","29","9","61"
"2019","3","Staten Island","Tottenville","Level 1","8:00 AM","1","21","19","34","6","59"
"2019","3","Staten Island","Tottenville","Level 1","10:00 AM","1","69","21","38","9","68"
"2019","3","Staten Island","Tottenville","Tot","9:40 AM","1","71","6","2","6","14"
"2019","3","Staten Island","Tottenville","Tot","10:15 AM","1","108","6","12","6","24"
"2019","3","Queens","Liberty","Level 2","8:50 AM","2","143","11","20","14","45"
"2019","3","Queens","Liberty","Level 2","8:00 AM","1","94","10","17","7","34"
"2019","3","Queens","Liberty","Level 1","8:00 AM","2","84","49","56","10","115"
"2019","3","Queens","Liberty","Level 1","9:00 AM","2","126","48","51","18","117"
"2019","3","Queens","Liberty","Level 1","10:00 AM","2","165","25","21","8","54"
"2019","3","Queens","Liberty","Tot","9:40 AM","1","118","4","13","4","21"
"2019","3","Queens","Liberty","Tot","10:15 AM","1","159","2","19","5","26"
"2019","3","Brooklyn","Commodore Barry","Tot","9:40 AM","2","16","15","26","12","53"
"2019","3","Brooklyn","Commodore Barry","Tot","10:15 AM","2","37","11","22","10","43"
"2019","3","Brooklyn","Commodore Barry","Level 2","8:50 AM","2","18","6","17","13","36"
"2019","3","Brooklyn","Commodore Barry","Level 2","8:00 AM","1","17","5","8","3","16"
"2019","3","Brooklyn","Commodore Barry","Level 1","9:00 AM","2","3","3","3","1","7"
"2019","3","Brooklyn","Commodore Barry","Level 1","8:00 AM","2","6","13","24","6","43"
"2019","3","Brooklyn","Commodore Barry","Level 1","10:00 AM","2","26","36","45","10","91"
"2019","3","Bronx","Claremont","Level 2","8:50 AM","1","22","16","13","11","40"
"2019","3","Bronx","Claremont","Level 2","8:00 AM","1","16","13","10","2","25"
"2019","3","Bronx","Claremont","Level 1","9:00 AM","1","26","20","29","9","58"
"2019","3","Bronx","Claremont","Level 1","8:00 AM","1","21","25","31","5","61"
"2019","3","Bronx","Claremont","Level 1","10:00 AM","1","74","22","41","7","70"
"2019","3","Bronx","Claremont","Tot","9:40 AM","1","46","9","12","4","25"
"2019","3","Bronx","Claremont","Tot","10:15 AM","1","80","6","12","5","23"
"2019","3","Manhattan","Wagner","Tot","9:40 AM","1","6","5","8","3","16"
"2019","3","Manhattan","Wagner","Tot","10:15 AM","1","13","5","9","6","20"
"2019","3","Manhattan","Wagner","Level 2","8:50 AM","1","10","7","20","10","37"
"2019","3","Manhattan","Wagner","Level 2","8:00 AM","1","4","2","3","1","6"
"2019","3","Manhattan","Wagner","Level 1","9:00 AM","1","3","6","21","3","30"
"2019","3","Manhattan","Wagner","Level 1","8:00 AM","1","2","0","0","0","0"
"2019","3","Manhattan","Wagner","Level 1","10:00 AM","1","17","22","26","9","57"
"2019","3","Manhattan","Szold","Tot","9:40 AM","1","10","7","9","4","20"
"2019","3","Manhattan","Szold","Tot","10:15 AM","1","20","5","16","6","27"
"2019","3","Manhattan","Szold","Level 2","8:50 AM","1","6","4","8","3","15"
"2019","3","Manhattan","Szold","Level 2","8:00 AM","1","8","5","8","3","16"
"2019","3","Manhattan","Szold","Level 1","9:00 AM","1","2","4","0","0","4"
"2019","3","Manhattan","Szold","Level 1","8:00 AM","1","5","3","3","1","7"
"2019","3","Manhattan","Szold","Level 1","10:00 AM","1","8","6","14","4","24"
"2019","2","Queens","Liberty","Tot","9:40 AM","1","83","11","15","0","26"
"2019","2","Queens","Liberty","Tot","10:15 AM","1","131","15","19","0","34"
"2019","2","Queens","Liberty","Level 2","8:50 AM","1","117","33","35","0","68"
"2019","2","Queens","Liberty","Level 2","8:00 AM","1","74","15","18","0","33"
"2019","2","Queens","Liberty","Level 1","9:00 AM","2","83","24","65","18","107"
"2019","2","Queens","Liberty","Level 1","8:00 AM","2","81","21","39","17","77"
"2019","2","Queens","Liberty","Level 1","10:00 AM","2","136","23","33","9","65"
"2019","2","Staten Island","Tottenville","Tot","9:40 AM","1","65","5","8","0","13"
"2019","2","Staten Island","Tottenville","Tot","10:15 AM","1","80","8","6","0","14"
"2019","2","Staten Island","Tottenville","Level 2","8:50 AM","1","51","14","14","0","28"
"2019","2","Staten Island","Tottenville","Level 1","9:00 AM","1","28","20","31","9","60"
"2019","2","Staten Island","Tottenville","Level 1","8:00 AM","1","15","16","31","12","59"
"2019","2","Staten Island","Tottenville","Level 1","10:00 AM","1","57","24","35","11","70"
"2019","2","Brooklyn","Commodore Barry","Tot","9:40 AM","2","15","18","16","0","34"
"2019","2","Brooklyn","Commodore Barry","Tot","10:15 AM","2","39","25","16","0","41"
"2019","2","Brooklyn","Commodore Barry","Level 2","8:50 AM","2","24","11","14","0","25"
"2019","2","Brooklyn","Commodore Barry","Level 2","8:00 AM","1","11","15","13","0","28"
"2019","2","Brooklyn","Commodore Barry","Level 1","9:00 AM","2","3","4","3","1","8"
"2018","2","Brooklyn","Commodore Barry","Level 1","8:00 AM","2","8","24","24","7","55"
"2019","2","Brooklyn","Commodore Barry","Level 1","10:00 AM","2","23","25","35","5","65"
"2019","2","Bronx","Claremont","Tot","9:40 AM","1","40","10","11","0","21"
"2019","1","Bronx","Claremont","Tot","10:15 AM","1","89","4","9","0","13"
"2019","2","Bronx","Claremont","Level 2","8:50 AM","1","28","5","10","0","15"
"2019","2","Bronx","Claremont","Level 2","8:00 AM","1","21","7","10","0","17"
"2019","2","Bronx","Claremont","Level 1","9:00 AM","1","48","11","20","7","38"
"2019","2","Bronx","Claremont","Level 1","8:00 AM","1","44","10","14","8","32"
"2019","1","Bronx","Claremont","Level 1","10:00 AM","1","123","4","14","4","22"
"2019","2","Manhattan","Wagner","Level 2","8:50 AM","1","7","14","14","0","28"
"2019","2","Manhattan","Wagner","Level 2","8:00 AM","1","2","2","2","0","4"
"2019","2","Manhattan","Wagner","Level 1","9:00 AM","1","3","6","18","6","30"
"2019","2","Manhattan","Wagner","Level 1","8:00 AM","1","2","0","0","0","0"
"2019","2","Manhattan","Wagner","Level 1","10:00 AM","1","10","16","22","7","45"
"2019","2","Manhattan","Wagner","Tot","9:40 AM","1","1","2","2","0","4"
"2019","2","Manhattan","Wagner","Tot","10:15 AM","1","9","18","11","0","29"
"2019","2","Manhattan","Szold","Level 2","8:50 AM","1","8","16","22","0","38"
"2019","2","Manhattan","Szold","Level 2","8:00 AM","1","1","0","0","0","0"
"2019","2","Manhattan","Szold","Level 1","9:00 AM","1","0","0","0","0","0"
"2019","2","Manhattan","Szold","Level 1","8:00 AM","1","3","5","9","3","17"
"2019","2","Manhattan","Szold","Level 1","10:00 AM","1","6","13","13","5","31"
"2019","2","Manhattan","Szold","Tot","9:40 AM","1","6","12","9","0","21"
"2019","2","Manhattan","Szold","Tot","10:15 AM","1","11","18","11","0","29"
"2019","1","Staten Island","Tottenville","Level 2","8:50 AM","1","36","0","24","21","45"
"2019","1","Staten Island","Tottenville","Level 1","8:00 AM","1","20","0","23","21","44"
"2019","1","Staten Island","Tottenville","Level 1","9:00 AM","1","21","0","36","29","65"
"2019","1","Staten Island","Tottenville","Level 1","10:00 AM","1","54","0","44","40","84"
"2019","1","Staten Island","Tottenville","Tot","9:40 AM","1","71","0","18","13","31"
"2019","1","Staten Island","Tottenville","Tot","10:15 AM","1","100","0","14","10","24"
"2019","1","Queens","Liberty","Level 2","8:50 AM","2","88","0","14","21","35"
"2019","1","Queens","Liberty","Level 2","8:00 AM","1","38","0","30","16","46"
"2019","1","Queens","Liberty","Level 1","9:00 AM","1","78","0","61","65","126"
"2019","1","Queens","Liberty","Level 1","8:00 AM","2","76","0","74","81","155"
"2019","1","Queens","Liberty","Level 1","10:00 AM","2","156","0","45","43","88"
"2019","1","Queens","Liberty","Tot","9:40 AM","1","82","0","11","12","23"
"2019","1","Queens","Liberty","Tot","10:15 AM","1","140","0","14","12","26"
"2019","1","Manhattan","Wagner","Tot","10:15 AM","1","3","0","4","3","7"
"2019","1","Manhattan","Wagner","Tot","9:40 AM","1","2","0","3","3","6"
"2019","1","Manhattan","Wagner","Level 2","8:50 AM","1","6","0","11","8","19"
"2019","1","Manhattan","Wagner","Level 2","8:00 AM","1","3","0","4","4","8"
"2019","1","Manhattan","Wagner","Level 1","10:00 AM","1","13","0","15","15","30"
"2019","1","Manhattan","Wagner","Level 1","9:00 AM","1","7","0","20","21","41"
"2019","1","Manhattan","Wagner","Level 1","8:00 AM","1","5","0","8","14","22"
"2019","1","Brooklyn","Commodore Barry","Level 2","8:50 AM","2","9","0","11","10","21"
"2019","1","Brooklyn","Commodore Barry","Level 2","8:00 AM","1","6","0","7","6","13"
"2019","1","Brooklyn","Commodore Barry","Level 1","9:00 AM","2","2","0","6","6","12"
"2019","1","Brooklyn","Commodore Barry","Level 1","8:00 AM","2","8","0","14","15","29"
"2019","1","Brooklyn","Commodore Barry","Level 1","10:00 AM","2","14","0","29","24","53"
"2019","1","Brooklyn","Commodore Barry","Tot","9:40 AM","2","10","0","18","11","29"
"2019","1","Brooklyn","Commodore Barry","Tot","10:15 AM","2","27","0","22","12","34"
"2019","1","Bronx","Claremont","Tot","9:40 AM","1","34","0","12","8","20"
"2019","1","Bronx","Claremont","Tot","10:15 AM","1","80","0","16","10","26"
"2019","1","Bronx","Claremont","Level 2","8:50 AM","1","38","0","13","8","21"
"2019","1","Bronx","Claremont","Level 2","8:00 AM","1","14","0","12","10","22"
"2019","1","Bronx","Claremont","Level 1","9:00 AM","1","52","0","21","22","43"
"2019","1","Bronx","Claremont","Level 1","8:00 AM","1","25","0","15","13","28"
"2019","1","Bronx","Claremont","Level 1","10:00 AM","1","131","0","11","15","26"
"2019","1","Manhattan","Szold","Tot","10:15 AM","1","5","0","6","6","12"
"2019","1","Manhattan","Szold","Tot","9:40 AM","1","2","0","4","4","8"
"2019","1","Manhattan","Szold","Level 2","8:50 AM","1","12","0","17","15","32"
"2019","1","Manhattan","Szold","Level 2","8:00 AM","1","1","0","0","1","1"
"2019","1","Manhattan","Szold","Level 1","9:00 AM","1","0","0","0","0","0"
"2019","1","Manhattan","Szold","Level 1","8:00 AM","1","3","0","4","0","4"
"2019","1","Manhattan","Szold","Level 1","10:00 AM","1","13","0","30","26","56"
"2019","4","Brooklyn","Douglas-Degraw","Advance","10:00 AM","1","2","0","0","0","0"
"2019","4","Brooklyn","Douglas-Degraw","Advance","9:00 AM","1","7","1","0","0","1"
"2019","4","Brooklyn","Douglas-Degraw","Advance","8:00 AM","1","14","9","0","0","9"
"2019","4","Manhattan","Sheltering Arms","Advance","10:00 AM","1","0","0","0","0","0"
"2019","4","Manhattan","Sheltering Arms","Advance","9:00 AM","1","0","0","0","0","0"
"2019","4","Manhattan","Sheltering Arms","Advance","8:00 AM","1","3","4","0","0","4"
"2019","4","Staten Island","West Brighton","Advance","10:00 AM","1","1","2","0","0","2"
"2019","4","Staten Island","West Brighton","Advance","9:00 AM","1","4","0","0","0","0"
"2019","4","Staten Island","West Brighton","Advance","8:00 AM","1","12","7","0","0","7"
"2019","4","Queens","Fisher","Advance","10:00 AM","3","72","24","0","0","24"
"2019","4","Queens","Fisher","Advance","9:00 AM","3","82","30","0","0","30"
"2019","4","Queens","Fisher","Advance","8:00 AM","3","118","53","0","0","53"
"2019","4","Bronx","Mapes","Advance","10:00 AM","1","3","1","0","0","1"
"2019","4","Bronx","Mapes","Advance","9:00 AM","1","3","1","0","0","1"
"2019","4","Bronx","Mapes","Advance","8:00 AM","1","13","5","0","0","5"
"2019","3","Brooklyn","Douglas-Degraw","Tot","9:40 AM","2","52","13","17","4","34"
