"location_category","administrative_district","sth_removals","sth_principal","sth_superintendent","sth_expulsions","non_sth_removals","non_sth_principal","non_sth_superintendent","non_sth_expulsions"
"Elementary","1","*","*","*","*","*","*","*","*"
"Elementary","1","*","*","*","*","*","*","*","*"
"Elementary","1","*","*","*","*","11","*","*","*"
"K-8","1","8","6","*","*","18","17","11","*"
"Elementary","1","27","7","*","*","16","*","*","*"
"Elementary","1","*","*","*","*","*","*","*","*"
"Elementary","1","*","*","*","*","*","*","*","*"
"Elementary","1","*","*","*","*","*","*","*","*"
"Elementary","1","*","*","*","*","*","*","*","*"
"K-8","1","*","*","*","*","*","*","*","*"
"Elementary","1","*","*","*","*","*","*","*","*"
"K-8","1","*","*","*","*","*","*","*","*"
"K-8","1","*","10","6","*","6","12","13","*"
"Secondary School","1","*","*","*","*","*","13","*","*"
"Junior High-Intermediate-Middle","1","*","*","*","*","*","*","*","*"
"Elementary","1","*","*","*","*","*","*","*","*"
"Junior High-Intermediate-Middle","1","*","*","*","*","6","6","8","*"
"Junior High-Intermediate-Middle","1","14","7","*","*","16","7","*","*"
"Elementary","1","*","*","*","*","*","*","*","*"
"Elementary","1","*","*","*","*","*","*","*","*"
"Elementary","1","*","*","*","*","*","*","*","*"
"Junior High-Intermediate-Middle","1","*","*","*","*","*","8","*","*"
"Central-HQ-Citywide","1","*","*","*","*","*","*","*","*"
"High school","1","*","*","*","*","*","12","10","*"
"Secondary School","1","*","*","*","*","*","6","9","*"
"High school","1","*","*","*","*","*","*","*","*"
"High school","1","*","7","*","*","*","20","16","*"
"High school","1","*","*","*","*","*","*","*","*"
"K-12 all grades","1","*","*","*","*","*","14","*","*"
"High school","1","*","*","*","*","*","*","*","*"
"High school","1","*","*","*","*","*","*","*","*"
"Junior High-Intermediate-Middle","1","*","*","*","*","*","*","*","*"
"Elementary","2","*","*","*","*","*","*","*","*"
"Elementary","2","*","*","*","*","*","*","*","*"
"Elementary","2","*","*","*","*","*","*","*","*"
"Elementary","2","*","*","*","*","16","6","*","*"
"Elementary","2","*","*","*","*","*","*","*","*"
"Elementary","2","*","*","*","*","*","*","*","*"
"Elementary","2","*","*","*","*","6","*","*","*"
"Elementary","2","*","*","*","*","*","*","*","*"
"Elementary","2","*","*","*","*","*","*","*","*"
"High school","2","*","*","*","*","*","8","*","*"
"Elementary","2","*","*","*","*","*","*","*","*"
"Elementary","2","*","*","*","*","9","*","*","*"
"Elementary","2","*","*","*","*","*","*","*","*"
"Elementary","2","*","*","*","*","*","*","*","*"
"Junior High-Intermediate-Middle","2","*","*","*","*","14","48","*","*"
"Elementary","2","*","*","*","*","15","*","*","*"
"Junior High-Intermediate-Middle","2","*","*","*","*","*","*","*","*"
"Elementary","2","*","*","*","*","*","*","*","*"
"Elementary","2","*","*","*","*","22","6","*","*"
"K-8","2","*","*","*","*","*","6","*","*"
"Elementary","2","*","*","*","*","*","*","*","*"
"Junior High-Intermediate-Middle","2","*","6","*","*","*","21","*","*"
"High school","2","*","*","*","*","23","41","6","*"
"High school","2","*","*","*","*","*","34","*","*"
"Elementary","2","*","*","*","*","*","*","*","*"
"Elementary","2","*","*","*","*","11","*","*","*"
"Elementary","2","*","*","*","*","8","*","*","*"
"Junior High-Intermediate-Middle","2","*","*","*","*","*","34","8","*"
"Junior High-Intermediate-Middle","2","*","*","*","*","*","*","*","*"
"Elementary","2","*","*","*","*","*","6","*","*"
"Elementary","2","*","*","*","*","7","*","*","*"
"Elementary","2","*","*","*","*","*","*","*","*"
"K-8","2","*","*","*","*","44","21","*","*"
"K-8","2","*","*","*","*","*","*","*","*"
"Elementary","2","*","*","*","*","*","*","*","*"
"Junior High-Intermediate-Middle","2","*","*","*","*","*","*","*","*"
"Secondary School","2","*","*","*","*","*","*","*","*"
"Elementary","2","*","*","*","*","*","*","*","*"
"K-8","2","*","*","*","*","*","*","*","*"
"High school","2","*","*","*","*","*","13","*","*"
"Elementary","2","*","*","*","*","*","*","*","*"
"High school","2","*","*","*","*","*","43","7","*"
"High school","2","*","*","*","*","*","49","11","*"
"Junior High-Intermediate-Middle","2","*","*","*","*","*","9","*","*"
"Elementary","2","*","*","*","*","*","*","*","*"
"High school","2","*","*","*","*","*","*","7","*"
"High school","2","*","11","*","*","*","56","*","*"
"High school","2","*","*","*","*","*","12","*","*"
"High school","2","*","*","*","*","*","*","7","*"
"High school","2","*","*","*","*","*","11","*","*"
"High school","2","*","14","*","*","8","65","18","*"
"High school","2","*","6","*","*","*","36","*","*"
"Junior High-Intermediate-Middle","2","*","*","*","*","18","*","*","*"
"High school","2","*","*","*","*","*","*","*","*"
"High school","2","*","*","*","*","11","17","21","*"
"Elementary","2","*","*","*","*","*","*","*","*"
"Elementary","2","*","*","*","*","*","*","*","*"
"K-8","2","*","*","*","*","9","*","*","*"
"High school","2","*","7","*","*","*","33","15","*"
"High school","2","*","*","*","*","*","12","*","*"
"District Pre-K Center","2","*","*","*","*","*","*","*","*"
"High school","2","*","*","*","*","*","*","*","*"
"High school","2","*","*","*","*","8","65","7","*"
"High school","2","*","*","*","*","*","*","*","*"
"K-8","2","*","*","*","*","*","*","*","*"
"High school","2","*","*","*","*","*","13","10","*"
"High school","2","*","*","*","*","*","37","34","*"
"Secondary School","2","*","*","*","*","*","*","*","*"
"Secondary School","2","*","*","*","*","*","*","*","*"
"High school","2","*","*","*","*","*","12","*","*"
"High school","2","*","*","*","*","*","13","*","*"
"Secondary School","2","*","*","*","*","*","11","*","*"
"High school","2","*","*","*","*","*","16","*","*"
"High school","2","*","*","*","*","*","10","*","*"
"High school","2","*","*","*","*","*","11","*","*"
"High school","2","*","*","*","*","*","*","8","*"
"High school","2","*","*","*","*","*","*","*","*"
"Secondary School","2","*","*","*","*","17","50","15","*"
"High school","2","*","*","*","*","*","*","*","*"
"High school","2","*","7","*","*","*","21","*","*"
"High school","2","*","*","*","*","*","51","6","*"
"High school","2","*","18","*","*","*","118","8","*"
"High school","2","*","6","*","*","*","14","*","*"
"High school","2","*","*","*","*","11","13","*","*"
"K-8","2","*","*","*","*","*","*","*","*"
"Central-HQ-Citywide","2","*","*","*","*","*","*","*","*"
"High school","2","*","*","*","*","*","14","6","*"
"High school","2","*","*","*","*","*","*","*","*"
"High school","2","*","*","*","*","*","*","*","*"
"High school","2","*","*","*","*","*","38","13","*"
"High school","2","*","*","*","*","*","16","*","*"
"High school","2","*","*","*","*","*","*","*","*"
"High school","2","*","*","*","*","6","36","7","*"
"High school","2","*","*","*","*","*","10","*","*"
"High school","2","*","*","*","*","*","7","6","*"
"Elementary","2","*","*","*","*","*","*","*","*"
"High school","2","9","10","*","*","51","95","31","*"
"High school","2","*","*","*","*","*","*","*","*"
"High school","2","*","*","*","*","*","*","*","*"
"High school","2","*","*","*","*","*","29","10","*"
"High school","2","*","*","*","*","*","*","*","*"
"High school","2","*","*","6","*","*","*","17","*"
"High school","2","*","*","*","*","*","15","*","*"
"High school","2","*","*","*","*","*","*","*","*"
"High school","2","*","*","*","*","*","21","7","*"
"High school","2","*","*","*","*","*","12","*","*"
"High school","2","*","*","*","*","*","30","10","*"
"High school","2","*","*","*","*","*","*","*","*"
"High school","2","*","*","*","*","*","*","*","*"
"High school","2","*","*","*","*","*","*","*","*"
"High school","2","*","*","*","*","*","7","*","*"
"High school","2","*","6","8","*","*","26","26","*"
"High school","2","*","*","*","*","*","19","*","*"
"High school","2","*","*","*","*","*","26","6","*"
"High school","2","*","*","*","*","*","*","*","*"
"High school","2","*","*","*","*","*","20","*","*"
"High school","2","*","*","*","*","*","*","*","*"
"High school","2","*","13","*","*","*","47","6","*"
"Secondary School","2","*","*","*","*","*","*","*","*"
"Junior High-Intermediate-Middle","2","*","*","*","*","*","*","*","*"
"Junior High-Intermediate-Middle","2","*","*","*","*","*","*","*","*"
"Ungraded","2","*","*","*","*","*","*","*","*"
"Junior High-Intermediate-Middle","2","*","*","*","*","*","10","*","*"
"High school","2","*","*","*","*","*","*","*","*"
"Elementary","3","*","*","*","*","17","*","*","*"
"Junior High-Intermediate-Middle","3","*","*","*","*","35","24","*","*"
"Elementary","3","*","*","*","*","*","*","*","*"
"K-8","3","*","*","*","*","*","*","*","*"
"Elementary","3","7","*","*","*","18","*","*","*"
"Elementary","3","*","*","*","*","*","*","*","*"
"Elementary","3","*","*","*","*","*","*","*","*"
"K-8","3","*","*","*","*","12","10","*","*"
"Elementary","3","*","*","*","*","*","*","*","*"
"K-8","3","11","*","*","*","32","9","7","*"
"Elementary","3","*","*","*","*","*","*","*","*"
"K-8","3","*","*","*","*","17","10","*","*"
"Early Childhood","3","*","*","*","*","*","*","*","*"
"K-8","3","*","*","*","*","12","*","*","*"
"Elementary","3","*","*","*","*","*","*","*","*"
"Elementary","3","*","*","*","*","*","*","*","*"
"Elementary","3","*","*","*","*","*","*","*","*"
"Elementary","3","*","*","*","*","*","*","*","*"
"Junior High-Intermediate-Middle","3","*","*","*","*","*","*","*","*"
"Junior High-Intermediate-Middle","3","*","*","*","*","*","*","*","*"
"Junior High-Intermediate-Middle","3","*","*","*","*","*","*","*","*"
"Junior High-Intermediate-Middle","3","*","*","*","*","*","*","*","*"
"Junior High-Intermediate-Middle","3","*","*","*","*","35","22","19","*"
"Junior High-Intermediate-Middle","3","*","*","*","*","17","27","10","*"
"Secondary School","3","*","*","*","*","*","*","*","*"
"High school","3","*","8","*","*","6","36","15","*"
"High school","3","*","*","*","*","*","67","15","*"
"K-8","3","*","*","*","*","27","10","*","*"
"K-8","3","*","*","*","*","*","*","*","*"
"High school","3","8","7","*","*","55","107","14","*"
"High school","3","*","*","*","*","*","15","*","*"
"High school","3","*","*","*","*","*","22","*","*"
"Secondary School","3","*","10","*","*","*","17","9","*"
"High school","3","*","*","*","*","*","*","*","*"
"Junior High-Intermediate-Middle","3","*","7","*","*","20","12","10","*"
"Central-HQ-Citywide","3","*","*","*","*","*","*","*","*"
"Elementary","3","*","*","*","*","*","*","*","*"
"High school","3","*","*","*","*","*","*","*","*"
"High school","3","*","*","*","*","*","7","*","*"
"High school","3","*","*","*","*","*","18","8","*"
"High school","3","*","17","*","*","*","97","27","*"
"High school","3","*","*","*","*","*","*","*","*"
"High school","3","*","*","*","*","*","*","*","*"
"K-12 all grades","3","*","*","*","*","*","*","*","*"
"Secondary School","3","*","31","10","*","9","93","29","*"
"Junior High-Intermediate-Middle","3","*","*","*","*","*","6","*","*"
"K-8","4","*","*","*","*","*","*","*","*"
"K-8","4","*","*","*","*","*","*","*","*"
"Elementary","4","*","*","*","*","6","11","*","*"
"Elementary","4","*","13","*","*","7","13","6","*"
"K-8","4","*","*","*","*","*","7","6","*"
"K-8","4","*","*","*","*","7","*","*","*"
"K-8","4","*","*","*","*","*","9","*","*"
"Elementary","4","*","*","*","*","*","*","*","*"
"K-8","4","*","*","*","*","35","26","17","*"
"Elementary","4","*","*","*","*","6","6","*","*"
"K-8","4","11","*","*","*","32","13","8","*"
"Early Childhood","4","*","*","*","*","*","*","*","*"
"Elementary","4","10","*","*","*","21","*","*","*"
"Elementary","4","*","*","*","*","*","*","*","*"
"K-8","4","*","*","*","*","14","13","8","*"
"Elementary","4","*","*","*","*","10","*","*","*"
"K-8","4","*","*","*","*","20","32","7","*"
"Junior High-Intermediate-Middle","4","*","8","*","*","*","14","*","*"
"Secondary School","4","*","*","*","*","*","15","*","*"
"Elementary","4","*","*","*","*","*","*","*","*"
"Junior High-Intermediate-Middle","4","*","*","8","*","8","13","22","*"
"Junior High-Intermediate-Middle","4","*","*","*","*","*","8","7","*"
"Junior High-Intermediate-Middle","4","*","*","*","*","*","*","*","*"
"High school","4","*","*","*","*","*","54","14","*"
"High school","4","*","*","*","*","*","18","7","*"
"Central-HQ-Citywide","4","*","*","*","*","*","*","*","*"
"High school","4","*","*","*","*","*","6","*","*"
"Elementary","4","*","*","*","*","*","*","*","*"
"High school","4","*","*","*","*","*","*","*","*"
"Secondary School","4","*","*","*","*","*","13","*","*"
"High school","4","*","18","*","*","9","74","*","*"
"Junior High-Intermediate-Middle","4","*","10","*","*","12","44","13","*"
"K-8","4","*","*","*","*","*","*","*","*"
"Elementary","5","*","*","*","*","6","*","*","*"
"Elementary","5","*","*","*","*","*","*","*","*"
"K-8","5","*","6","*","*","20","9","14","*"
"Elementary","5","*","*","*","*","*","7","*","*"
"K-8","5","*","6","6","*","9","*","8","*"
"Elementary","5","*","*","*","*","*","*","*","*"
"K-8","5","*","*","*","*","*","*","*","*"
"Elementary","5","*","*","*","*","*","6","*","*"
"Secondary School","5","*","*","*","*","*","*","11","*"
"Elementary","5","*","*","*","*","*","*","*","*"
"High school","5","*","10","*","*","*","52","11","*"
"K-8","5","*","*","*","*","*","21","*","*"
"Elementary","5","*","*","*","*","*","*","*","*"
"Elementary","5","7","*","*","*","18","*","*","*"
"Elementary","5","*","*","*","*","*","*","*","*"
"Elementary","5","*","*","*","*","10","*","*","*"
"High school","5","*","*","*","*","*","*","*","*"
"Junior High-Intermediate-Middle","5","*","*","*","*","8","7","*","*"
"Junior High-Intermediate-Middle","5","*","*","*","*","*","7","9","*"
"High school","5","*","*","*","*","*","*","16","*"
"Elementary","5","*","*","*","*","*","*","*","*"
"Secondary School","5","*","*","*","*","9","*","*","*"
"High school","5","*","*","6","*","*","14","7","*"
"High school","5","*","*","*","*","*","22","14","*"
"Junior High-Intermediate-Middle","5","*","*","*","*","*","12","6","*"
"Central-HQ-Citywide","5","*","*","*","*","*","*","*","*"
"Secondary School","5","*","*","*","*","*","*","*","*"
"Secondary School","5","*","*","*","*","*","*","31","*"
"Junior High-Intermediate-Middle","5","*","*","*","*","*","*","8","*"
"Elementary","5","*","*","*","*","*","*","*","*"
"Secondary School","5","*","*","*","*","*","47","9","*"
"High school","5","*","*","*","*","*","*","*","*"
"High school","5","*","*","*","*","*","39","*","*"
"Elementary","6","*","*","*","*","15","*","*","*"
"Elementary","6","*","*","*","*","*","*","*","*"
"Elementary","6","*","*","*","*","14","6","11","*"
"K-8","6","*","*","*","*","*","7","6","*"
"Elementary","6","*","*","*","*","9","*","*","*"
"Elementary","6","*","*","*","*","26","*","*","*"
"Junior High-Intermediate-Middle","6","*","*","*","*","*","7","7","*"
"Elementary","6","*","*","*","*","22","*","*","*"
"Elementary","6","*","*","*","*","*","*","*","*"
"Elementary","6","*","*","*","*","*","*","*","*"
"Elementary","6","*","*","*","*","34","*","*","*"
"Elementary","6","7","*","*","*","9","*","*","*"
"Junior High-Intermediate-Middle","6","*","*","*","*","*","*","*","*"
"Elementary","6","*","*","*","*","*","*","*","*"
"Elementary","6","*","*","*","*","*","*","*","*"
"Elementary","6","*","*","*","*","*","*","*","*"
"Elementary","6","*","*","*","*","*","*","*","*"
"K-8","6","*","*","*","*","*","7","*","*"
"Elementary","6","*","*","*","*","*","*","*","*"
"Elementary","6","*","*","*","*","*","*","*","*"
"Junior High-Intermediate-Middle","6","*","*","*","*","*","*","*","*"
"K-8","6","*","*","*","*","13","*","*","*"
"High school","6","*","*","*","*","*","*","*","*"
"Junior High-Intermediate-Middle","6","*","*","*","*","*","*","*","*"
"Junior High-Intermediate-Middle","6","*","*","*","*","*","*","*","*"
"K-8","6","*","*","*","*","*","6","*","*"
"Secondary School","6","*","*","*","*","*","*","*","*"
"K-8","6","*","*","*","*","*","8","*","*"
"Elementary","6","*","*","*","*","*","*","*","*"
"Junior High-Intermediate-Middle","6","*","*","*","*","*","*","24","*"
"Junior High-Intermediate-Middle","6","*","9","6","*","*","14","11","*"
"Junior High-Intermediate-Middle","6","*","*","*","*","*","26","12","*"
"Elementary","6","*","*","*","*","*","*","*","*"
"Junior High-Intermediate-Middle","6","*","*","*","*","*","*","9","*"
"Junior High-Intermediate-Middle","6","*","*","*","*","*","*","7","*"
"Secondary School","6","*","14","7","*","*","62","24","*"
"K-12 all grades","6","*","8","*","*","9","37","6","*"
"Junior High-Intermediate-Middle","6","*","*","*","*","*","*","*","*"
"K-8","6","*","*","*","*","*","*","*","*"
"Elementary","6","*","*","*","*","*","*","*","*"
"High school","6","*","*","*","*","*","*","*","*"
"Central-HQ-Citywide","6","*","*","*","*","*","*","*","*"
"High school","6","*","*","*","*","*","*","*","*"
"High school","6","*","*","*","*","*","22","*","*"
"High school","6","*","*","*","*","*","*","*","*"
"High school","6","*","13","*","*","*","31","*","*"
"High school","6","*","6","*","*","*","16","*","*"
"Elementary","6","*","*","*","*","*","*","*","*"
"Elementary","8","*","*","*","*","*","*","*","*"
"Junior High-Intermediate-Middle","6","*","*","*","*","*","*","9","*"
"High school","6","6","*","*","*","13","32","42","*"
"High school","6","*","*","*","*","*","*","*","*"
"Elementary","7","*","*","*","*","*","*","*","*"
"K-8","7","*","*","*","*","*","*","*","*"
"Elementary","7","*","*","*","*","*","*","*","*"
"Elementary","7","*","*","*","*","*","*","*","*"
"K-8","7","8","*","*","*","45","12","14","*"
"Elementary","7","*","*","*","*","*","17","*","*"
"K-8","7","*","*","*","*","12","*","*","*"
"Elementary","7","10","*","*","*","8","*","*","*"
"Elementary","7","*","*","*","*","9","8","*","*"
"Elementary","7","6","*","*","*","7","*","*","*"
"Junior High-Intermediate-Middle","7","*","*","*","*","*","*","*","*"
"Elementary","7","*","*","*","*","*","*","*","*"
"Elementary","7","*","*","*","*","*","*","*","*"
"Elementary","7","8","*","*","*","7","*","*","*"
"Junior High-Intermediate-Middle","7","*","*","*","*","*","7","9","*"
"Elementary","7","*","*","*","*","*","*","*","*"
"Secondary School","7","*","*","*","*","*","19","*","*"
"Secondary School","7","*","*","*","*","*","14","*","*"
"Junior High-Intermediate-Middle","7","*","*","7","*","*","8","8","*"
"High school","7","*","19","*","*","*","48","12","*"
"Elementary","7","*","*","*","*","14","*","*","*"
"Junior High-Intermediate-Middle","7","*","*","*","*","*","*","*","*"
"Junior High-Intermediate-Middle","7","10","10","*","*","18","66","10","*"
"High school","7","*","*","*","*","*","8","6","*"
"High school","7","*","*","*","*","*","13","8","*"
"Junior High-Intermediate-Middle","7","*","*","*","*","37","22","*","*"
"Elementary","7","*","*","*","*","*","*","*","*"
"Elementary","7","9","*","*","*","16","*","*","*"
"High school","7","*","*","*","*","*","*","*","*"
"High school","7","*","*","*","*","*","*","*","*"
"Elementary","7","*","*","*","*","*","*","*","*"
"High school","7","*","*","*","*","*","31","7","*"
"Central-HQ-Citywide","7","*","*","*","*","*","*","*","*"
"High school","7","*","*","*","*","*","*","*","*"
"High school","7","*","8","*","*","16","71","19","*"
"High school","7","*","*","*","*","*","22","9","*"
"Secondary School","7","*","*","*","*","*","*","6","*"
"High school","7","*","*","*","*","8","18","*","*"
"High school","7","*","*","7","*","*","21","14","*"
"High school","7","*","*","*","*","*","45","7","*"
"District Pre-K Center","7","*","*","*","*","*","*","*","*"
"High school","7","*","6","6","*","*","32","26","*"
"High school","7","*","*","7","*","*","9","24","*"
"Secondary School","7","*","*","*","*","48","40","28","*"
"High school","7","*","*","*","*","*","*","*","*"
"High school","7","*","*","7","*","*","52","17","*"
"High school","7","*","*","*","*","11","36","17","*"
"Elementary","8","*","*","*","*","*","*","*","*"
"Elementary","8","*","*","*","*","*","*","*","*"
"Elementary","8","*","*","*","*","7","*","*","*"
"Elementary","8","*","*","*","*","*","*","*","*"
"K-8","8","*","*","*","*","24","*","*","*"
"Elementary","8","*","*","*","*","17","*","*","*"
"Elementary","8","*","*","*","*","6","*","*","*"
"Elementary","8","*","*","*","*","*","*","*","*"
"Elementary","8","*","*","*","*","*","*","*","*"
"Junior High-Intermediate-Middle","8","*","*","*","*","*","*","*","*"
"Elementary","8","*","*","*","*","*","*","*","*"
"Elementary","8","*","*","*","*","*","*","*","*"
"Junior High-Intermediate-Middle","8","*","*","21","*","*","*","18","*"
"Junior High-Intermediate-Middle","8","*","9","*","*","*","*","9","*"
"Elementary","8","*","*","*","*","*","9","*","*"
"Junior High-Intermediate-Middle","8","*","*","9","*","8","*","11","*"
"Elementary","8","*","*","*","*","*","*","*","*"
"Elementary","8","*","*","*","*","*","*","*","*"
"Elementary","8","*","*","*","*","*","*","*","*"
"Elementary","8","*","*","*","*","*","*","*","*"
"Elementary","8","*","*","*","*","*","*","10","*"
"Secondary School","8","*","8","*","*","7","30","13","*"
"High school","8","*","*","*","*","9","12","35","*"
"High school","8","*","9","*","*","*","54","14","*"
"Junior High-Intermediate-Middle","8","*","*","*","*","*","*","21","*"
"Junior High-Intermediate-Middle","8","6","*","6","*","6","9","19","*"
"Elementary","8","*","*","*","*","*","*","*","*"
"High school","8","*","31","*","*","*","115","*","*"
"High school","8","*","*","*","*","*","30","11","*"
"High school","8","*","13","*","*","*","71","7","*"
"High school","8","*","*","*","*","*","*","*","*"
"Elementary","8","*","*","*","*","*","*","*","*"
"Elementary","8","*","*","*","*","10","*","*","*"
"Junior High-Intermediate-Middle","8","11","*","*","*","40","30","14","*"
"High school","8","*","*","*","*","*","6","6","*"
"High school","8","8","15","*","*","66","45","*","*"
"Junior High-Intermediate-Middle","8","*","*","*","*","*","10","9","*"
"High school","8","*","*","*","*","15","84","21","*"
"Junior High-Intermediate-Middle","8","*","*","*","*","*","12","*","*"
"Junior High-Intermediate-Middle","8","*","*","*","*","*","*","*","*"
"Secondary School","8","*","*","*","*","*","52","7","*"
"High school","8","*","*","*","*","*","15","12","*"
"Elementary","8","*","*","*","*","*","*","*","*"
"High school","8","*","*","*","*","*","74","36","*"
"High school","8","*","*","*","*","*","*","*","*"
"Junior High-Intermediate-Middle","8","13","*","10","*","9","8","6","*"
"High school","8","*","*","*","*","*","26","*","*"
"Central-HQ-Citywide","8","*","*","*","*","*","*","*","*"
"Junior High-Intermediate-Middle","8","*","*","*","*","61","22","*","*"
"High school","8","*","*","*","*","*","*","*","*"
"Junior High-Intermediate-Middle","8","*","*","*","*","*","*","6","*"
"High school","8","*","*","*","*","*","*","*","*"
"High school","8","*","*","*","*","*","*","*","*"
"High school","8","*","*","*","*","*","8","*","*"
"High school","8","*","*","*","*","*","10","*","*"
"High school","8","*","*","*","*","68","60","*","*"
"High school","8","*","9","*","*","9","55","*","*"
"High school","8","*","*","*","*","*","6","10","*"
"Junior High-Intermediate-Middle","8","*","*","*","*","*","*","*","*"
"K-8","9","*","*","*","*","*","*","*","*"
"Elementary","9","*","*","*","*","*","*","*","*"
"Junior High-Intermediate-Middle","9","*","*","11","*","*","*","13","*"
"Elementary","9","*","*","*","*","*","*","*","*"
"Elementary","9","*","*","*","*","*","*","*","*"
"Elementary","9","*","*","*","*","*","7","*","*"
"Elementary","9","*","*","*","*","*","*","*","*"
"Elementary","9","*","*","*","*","*","*","*","*"
"Elementary","9","*","*","*","*","*","*","*","*"
"Elementary","9","*","*","*","*","*","*","*","*"
"Elementary","9","*","*","*","*","*","*","*","*"
"Elementary","9","8","*","*","*","43","7","*","*"
"Elementary","9","*","*","*","*","11","7","*","*"
"Elementary","9","*","*","*","*","*","*","*","*"
"Elementary","9","*","*","*","*","12","*","*","*"
"Elementary","9","*","*","*","*","*","*","*","*"
"Elementary","9","*","*","*","*","*","*","*","*"
"Junior High-Intermediate-Middle","9","*","8","*","*","7","15","12","*"
"Elementary","9","*","*","*","*","12","*","*","*"
"Junior High-Intermediate-Middle","9","*","*","*","*","*","*","*","*"
"Elementary","9","*","*","*","*","6","*","*","*"
"Junior High-Intermediate-Middle","9","*","*","*","*","*","*","*","*"
"Elementary","9","*","*","*","*","*","*","*","*"
"Early Childhood","9","*","*","*","*","*","*","*","*"
"Elementary","9","*","*","*","*","*","*","*","*"
"Elementary","9","*","*","*","*","*","*","*","*"
"Junior High-Intermediate-Middle","9","*","*","*","*","*","19","*","*"
"K-8","9","*","*","*","*","*","12","*","*"
"Junior High-Intermediate-Middle","9","*","*","7","*","*","11","8","*"
"High school","9","*","*","*","*","*","*","*","*"
"Junior High-Intermediate-Middle","9","*","*","*","*","8","*","*","*"
"Elementary","9","*","*","*","*","*","*","*","*"
"Secondary School","9","*","*","*","*","*","10","11","*"
"Junior High-Intermediate-Middle","9","*","*","*","*","*","13","16","*"
"Elementary","9","*","*","*","*","*","*","*","*"
"Secondary School","9","*","*","*","*","*","12","9","*"
"High school","9","*","*","*","*","*","*","17","*"
"High school","9","*","*","*","*","*","69","17","*"
"High school","9","*","*","*","*","*","*","*","*"
"High school","9","*","*","*","*","*","25","17","*"
"Elementary","9","*","*","*","*","*","*","*","*"
"High school","9","*","*","*","*","*","13","6","*"
"Elementary","9","*","*","*","*","*","*","*","*"
"High school","9","*","*","*","*","*","16","6","*"
"Junior High-Intermediate-Middle","9","*","*","*","*","*","*","*","*"
"Elementary","9","*","*","*","*","*","*","*","*"
"Junior High-Intermediate-Middle","9","*","*","*","*","*","*","*","*"
"Junior High-Intermediate-Middle","9","*","*","8","*","*","14","15","*"
"Secondary School","9","*","*","*","*","44","49","15","*"
"Junior High-Intermediate-Middle","9","*","7","*","*","*","*","*","*"
"Secondary School","9","*","6","*","*","8","77","29","*"
"Junior High-Intermediate-Middle","9","*","*","*","*","*","17","13","*"
"High school","9","*","*","*","*","*","12","*","*"
"Junior High-Intermediate-Middle","9","*","*","*","*","*","9","16","*"
"Secondary School","9","*","*","*","*","*","12","*","*"
"Junior High-Intermediate-Middle","9","*","*","*","*","*","20","*","*"
"High school","9","*","*","*","*","*","*","*","*"
"High school","9","*","*","*","*","*","11","*","*"
"High school","9","*","*","*","*","*","*","*","*"
"High school","9","*","*","*","*","*","21","7","*"
"Secondary School","9","*","*","*","*","*","25","*","*"
"High school","9","*","*","*","*","*","*","*","*"
"Elementary","9","*","*","*","*","*","*","*","*"
"Central-HQ-Citywide","9","*","*","*","*","*","*","*","*"
"Elementary","9","*","*","*","*","*","*","*","*"
"Junior High-Intermediate-Middle","9","*","*","*","*","*","*","*","*"
"Elementary","9","*","*","*","*","*","*","*","*"
"Secondary School","9","*","*","*","*","*","*","13","*"
"High school","9","*","*","*","*","*","*","13","*"
"High school","9","*","*","*","*","*","*","6","*"
"High school","9","*","*","*","*","*","*","*","*"
"Elementary","9","*","*","*","*","*","*","*","*"
"High school","9","*","9","*","*","*","15","*","*"
"Secondary School","9","*","*","*","*","*","*","*","*"
"District Pre-K Center","9","*","*","*","*","*","*","*","*"
"K-8","10","6","*","*","*","23","*","*","*"
"Elementary","10","*","*","*","*","*","*","*","*"
"Elementary","10","6","*","*","*","13","*","*","*"
"Elementary","10","*","6","*","*","*","12","*","*"
"K-8","10","*","*","*","*","*","*","*","*"
"K-8","10","*","*","*","*","*","19","*","*"
"Elementary","10","*","*","*","*","*","*","*","*"
"Elementary","10","*","*","*","*","*","*","*","*"
"Elementary","10","*","*","*","*","8","*","*","*"
"Elementary","10","*","*","*","*","*","*","*","*"
"K-8","10","*","*","*","*","18","17","*","*"
"Junior High-Intermediate-Middle","10","*","*","*","*","*","*","*","*"
"Elementary","10","9","*","*","*","29","*","*","*"
"Elementary","10","*","*","*","*","*","*","*","*"
"Elementary","10","*","*","*","*","*","*","*","*"
"Elementary","10","*","*","*","*","20","*","*","*"
"Elementary","10","*","*","*","*","*","*","*","*"
"Elementary","10","*","*","*","*","*","*","*","*"
"Junior High-Intermediate-Middle","10","*","*","*","*","*","*","22","*"
"Elementary","10","*","*","*","*","*","*","*","*"
"Elementary","10","12","*","*","*","12","*","*","*"
"Elementary","10","*","*","*","*","*","*","*","*"
"Elementary","10","*","*","*","*","8","*","*","*"
"Elementary","10","7","*","*","*","27","*","*","*"
"K-8","10","*","*","*","*","41","16","19","*"
"Junior High-Intermediate-Middle","10","*","*","*","*","*","*","*","*"
"Secondary School","10","*","*","*","*","*","47","8","*"
"Elementary","10","*","*","*","*","*","*","*","*"
"Elementary","10","*","*","*","*","10","12","*","*"
"Junior High-Intermediate-Middle","10","9","*","*","*","27","7","15","*"
"Early Childhood","10","*","*","*","*","*","*","*","*"
"Early Childhood","10","*","*","*","*","*","*","*","*"
"High school","10","*","*","*","*","*","*","*","*"
"Secondary School","10","*","15","*","*","20","104","19","*"
"Elementary","10","*","*","*","*","*","*","*","*"
"Junior High-Intermediate-Middle","10","*","*","*","*","6","24","*","*"
"High school","10","*","*","*","*","*","24","*","*"
"Secondary School","10","*","*","*","*","*","19","7","*"
"Junior High-Intermediate-Middle","10","*","10","*","*","24","42","17","*"
"Elementary","10","*","*","*","*","*","*","*","*"
"Junior High-Intermediate-Middle","10","*","*","*","*","6","11","11","*"
"High school","10","*","8","*","*","29","47","*","*"
"High school","10","*","*","*","*","*","*","*","*"
"K-8","10","26","*","*","*","62","23","*","*"
"K-8","10","*","*","*","*","*","11","*","*"
"High school","10","*","*","*","*","*","*","8","*"
"Elementary","10","*","*","*","*","*","*","*","*"
"Elementary","10","*","*","*","*","*","*","*","*"
"Elementary","10","*","*","*","*","*","*","*","*"
"Junior High-Intermediate-Middle","10","*","*","7","*","12","12","*","*"
"Elementary","10","*","*","*","*","*","*","*","*"
"K-8","10","*","*","*","*","*","*","*","*"
"High school","10","*","*","*","*","*","*","*","*"
"Junior High-Intermediate-Middle","10","*","14","*","*","*","12","6","*"
"Elementary","10","*","*","*","*","11","12","*","*"
"Secondary School","10","*","9","*","*","*","50","*","*"
"Elementary","10","*","*","*","*","13","*","*","*"
"High school","10","*","*","*","*","*","*","*","*"
"High school","10","*","*","*","*","25","32","*","*"
"Elementary","10","*","*","*","*","*","*","*","*"
"Junior High-Intermediate-Middle","10","*","*","*","*","*","6","18","*"
"Secondary School","10","*","*","*","*","20","47","10","*"
"High school","10","*","*","*","*","*","15","*","*"
"Elementary","10","*","*","*","*","*","*","*","*"
"Elementary","10","*","*","*","*","*","*","*","*"
"Junior High-Intermediate-Middle","10","*","*","*","*","*","*","19","*"
"Junior High-Intermediate-Middle","10","*","*","9","*","*","*","24","*"
"Elementary","10","*","*","*","*","*","*","*","*"
"High school","10","*","*","*","*","*","15","*","*"
"High school","10","*","*","*","*","12","22","20","*"
"High school","10","*","*","*","*","*","11","*","*"
"High school","10","*","*","*","*","*","*","*","*"
"High school","10","*","18","*","*","17","47","10","*"
"High school","10","*","6","*","*","*","30","*","*"
"High school","10","*","*","*","*","*","*","*","*"
"High school","10","*","*","*","*","*","16","*","*"
"Central-HQ-Citywide","10","*","*","*","*","*","*","*","*"
"High school","10","*","*","*","*","*","17","*","*"
"Junior High-Intermediate-Middle","10","*","*","*","*","*","*","*","*"
"Junior High-Intermediate-Middle","10","*","*","*","*","17","*","*","*"
"High school","10","*","*","*","*","*","21","*","*"
"High school","10","*","*","*","*","*","*","*","*"
"High school","10","*","*","*","*","*","*","*","*"
"High school","10","*","6","*","*","*","20","*","*"
"District Pre-K Center","10","*","*","*","*","*","*","*","*"
"High school","10","*","6","*","*","7","92","9","*"
"High school","10","*","*","*","*","*","6","*","*"
"High school","10","*","*","*","*","*","*","*","*"
"High school","10","*","*","*","*","*","*","*","*"
"High school","10","*","*","*","*","*","*","*","*"
"Ungraded","10","*","*","*","*","*","*","*","*"
"Ungraded","10","*","*","*","*","*","*","*","*"
"Elementary","11","8","*","*","*","21","*","*","*"
"K-8","11","*","*","*","*","8","8","*","*"
"Elementary","11","*","*","*","*","14","*","*","*"
"Elementary","11","*","*","*","*","*","*","*","*"
"Elementary","11","*","*","*","*","11","12","*","*"
"Elementary","11","26","*","*","*","35","*","*","*"
"Elementary","11","6","*","*","*","*","*","*","*"
"K-8","11","*","*","*","*","28","18","11","*"
"Elementary","11","*","*","*","*","*","*","*","*"
"K-8","11","*","*","*","*","11","*","*","*"
"Elementary","11","*","*","*","*","*","*","*","*"
"Elementary","11","*","*","*","*","*","*","*","*"
"Elementary","11","*","*","*","*","8","*","*","*"
"Elementary","11","*","*","*","*","*","*","*","*"
"Elementary","11","*","*","*","*","*","*","*","*"
"Elementary","11","*","*","*","*","13","*","*","*"
"Elementary","11","*","*","*","*","7","12","7","*"
"Elementary","11","*","*","*","*","*","*","*","*"
"Elementary","11","*","*","*","*","*","*","*","*"
"Junior High-Intermediate-Middle","11","*","*","*","*","*","*","*","*"
"Junior High-Intermediate-Middle","11","*","*","*","*","11","15","21","*"
"Elementary","11","*","*","*","*","39","16","*","*"
"Elementary","11","*","*","*","*","*","*","*","*"
"Elementary","11","*","*","*","*","22","*","*","*"
"K-8","11","*","*","*","*","*","*","*","*"
"Elementary","11","*","*","*","*","10","*","*","*"
"Junior High-Intermediate-Middle","11","9","*","*","*","33","*","*","*"
"Junior High-Intermediate-Middle","11","*","*","*","*","31","47","14","*"
"Elementary","11","6","*","*","*","10","*","*","*"
"K-8","11","*","*","*","*","*","*","*","*"
"High school","11","*","*","*","*","*","*","*","*"
"High school","11","*","10","*","*","*","64","11","*"
"High school","11","*","26","*","*","10","105","23","*"
"High school","11","*","6","*","*","*","53","10","*"
"Junior High-Intermediate-Middle","11","*","*","*","*","10","*","*","*"
"High school","11","*","*","*","*","15","44","7","*"
"Junior High-Intermediate-Middle","11","*","*","8","*","10","30","25","*"
"High school","11","*","*","*","*","*","47","14","*"
"Junior High-Intermediate-Middle","11","*","*","10","*","*","*","29","*"
"High school","11","*","*","*","*","8","28","7","*"
"High school","11","*","*","*","*","*","51","*","*"
"Junior High-Intermediate-Middle","11","*","*","*","*","*","*","9","*"
"Junior High-Intermediate-Middle","11","*","*","*","*","*","23","12","*"
"Elementary","11","*","*","*","*","*","*","*","*"
"Junior High-Intermediate-Middle","11","*","*","8","*","*","8","15","*"
"High school","11","*","*","*","*","*","*","*","*"
"High school","11","*","*","*","*","*","*","*","*"
"Central-HQ-Citywide","11","*","*","*","*","*","*","*","*"
"High school","11","*","*","*","*","*","*","13","*"
"Junior High-Intermediate-Middle","11","*","*","*","*","*","6","8","*"
"Junior High-Intermediate-Middle","11","*","*","*","*","*","6","11","*"
"Elementary","11","*","*","*","*","*","*","*","*"
"Elementary","11","*","*","*","*","*","*","*","*"
"K-8","11","*","*","*","*","33","24","*","*"
"High school","11","*","*","*","*","*","23","*","*"
"High school","11","*","6","*","*","*","28","*","*"
"High school","11","*","*","*","*","*","24","*","*"
"High school","11","*","8","*","*","*","46","*","*"
"Junior High-Intermediate-Middle","11","*","*","*","*","*","10","15","*"
"Junior High-Intermediate-Middle","11","9","*","*","*","18","7","*","*"
"District Pre-K Center","11","*","*","*","*","*","*","*","*"
"High school","11","*","*","*","*","*","*","*","*"
"High school","11","*","*","*","*","14","29","6","*"
"High school","11","*","15","*","*","21","117","27","*"
"Junior High-Intermediate-Middle","11","*","*","*","*","*","*","*","*"
"Junior High-Intermediate-Middle","11","*","*","*","*","20","16","15","*"
"Elementary","11","*","*","*","*","*","*","*","*"
"Ungraded","11","*","*","*","*","*","*","*","*"
"Elementary","12","*","*","*","*","*","8","*","*"
"Elementary","12","*","*","*","*","*","*","*","*"
"Elementary","12","*","*","*","*","*","*","*","*"
"Elementary","12","*","*","*","*","*","*","*","*"
"Elementary","12","*","*","*","*","*","*","*","*"
"Elementary","12","*","*","*","*","*","*","*","*"
"Elementary","12","*","*","*","*","6","6","*","*"
"Elementary","12","6","*","*","*","*","7","9","*"
"Elementary","12","*","*","*","*","6","*","*","*"
"Junior High-Intermediate-Middle","12","*","*","*","*","28","40","*","*"
"Junior High-Intermediate-Middle","12","*","*","*","*","*","*","9","*"
"Elementary","12","*","*","*","*","*","*","*","*"
"Elementary","12","*","*","*","*","35","*","*","*"
"Junior High-Intermediate-Middle","12","*","*","*","*","*","*","*","*"
"Elementary","12","*","*","*","*","9","*","*","*"
"Elementary","12","8","*","*","*","16","*","*","*"
"K-8","12","*","*","*","*","39","7","*","*"
"K-8","12","*","*","*","*","*","*","*","*"
"K-8","12","*","*","*","*","23","17","15","*"
"Junior High-Intermediate-Middle","12","*","*","7","*","*","6","13","*"
"Secondary School","12","*","*","*","*","20","47","*","*"
"High school","12","*","13","*","*","9","70","11","*"
"High school","12","*","7","*","*","*","13","7","*"
"Secondary School","12","*","17","*","*","*","120","12","*"
"Secondary School","12","*","*","*","*","*","*","*","*"
"Junior High-Intermediate-Middle","12","*","*","*","*","*","18","20","*"
"High school","12","*","*","*","*","*","22","*","*"
"Junior High-Intermediate-Middle","12","*","6","8","*","*","7","8","*"
"Elementary","12","*","*","*","*","*","*","*","*"
"Elementary","12","*","*","*","*","*","*","*","*"
"Junior High-Intermediate-Middle","12","*","*","*","*","*","*","*","*"
"Junior High-Intermediate-Middle","12","*","*","*","*","*","8","13","*"
"Junior High-Intermediate-Middle","12","*","*","*","*","*","7","*","*"
"Secondary School","12","*","*","*","*","*","27","10","*"
"Junior High-Intermediate-Middle","12","*","*","*","*","*","7","*","*"
"Junior High-Intermediate-Middle","12","15","*","*","*","22","*","*","*"
"High school","12","*","*","*","*","*","*","*","*"
"High school","12","*","*","*","*","*","*","*","*"
"Central-HQ-Citywide","12","*","*","*","*","*","*","*","*"
"High school","12","*","*","*","*","*","16","*","*"
"Elementary","12","*","*","*","*","*","*","*","*"
"Elementary","12","*","*","*","*","*","*","*","*"
"High school","12","*","*","*","*","*","8","*","*"
"High school","12","*","13","*","*","*","76","*","*"
"High school","12","*","*","*","*","*","39","*","*"
"High school","12","*","7","*","*","*","47","12","*"
"High school","12","*","*","7","*","*","48","20","*"
"Elementary","12","*","*","*","*","16","*","*","*"
"Elementary","12","*","*","*","*","*","*","*","*"
"High school","12","*","*","*","*","*","*","*","*"
"High school","12","*","*","*","*","*","*","*","*"
"High school","12","*","*","*","*","*","20","25","*"
"Elementary","12","*","*","*","*","*","*","*","*"
"High school","12","*","6","*","*","*","42","7","*"
"Elementary","13","*","*","*","*","*","*","*","*"
"K-8","13","*","*","*","*","*","7","*","*"
"Elementary","13","*","*","*","*","*","*","*","*"
"Elementary","13","*","*","*","*","*","14","*","*"
"Elementary","13","*","*","*","*","12","8","*","*"
"Elementary","13","*","*","*","*","*","*","*","*"
"Elementary","13","*","*","*","*","*","*","*","*"
"Elementary","13","*","*","*","*","6","*","*","*"
"Elementary","13","*","*","*","*","*","*","*","*"
"Elementary","13","*","*","*","*","*","*","*","*"
"Elementary","13","*","*","*","*","*","*","*","*"
"Junior High-Intermediate-Middle","13","*","*","14","*","*","31","28","*"
"Elementary","13","*","*","*","*","*","*","*","*"
"Elementary","13","*","*","*","*","*","*","*","*"
"Secondary School","13","*","9","*","*","*","26","*","*"
"Junior High-Intermediate-Middle","13","*","*","*","*","*","*","*","*"
"Elementary","13","*","*","*","*","*","*","*","*"
"K-8","13","*","17","10","*","21","41","17","*"
"Elementary","13","*","*","*","*","*","*","*","*"
"Junior High-Intermediate-Middle","13","*","*","*","*","*","8","*","*"
"Elementary","13","*","*","*","*","*","*","*","*"
"Elementary","13","*","*","*","*","*","*","*","*"
"Junior High-Intermediate-Middle","13","*","*","*","*","*","*","*","*"
"High school","13","*","*","*","*","*","9","13","*"
"Junior High-Intermediate-Middle","13","*","*","*","*","11","11","13","*"
"High school","13","*","*","*","*","*","*","*","*"
"High school","13","*","*","*","*","*","*","8","*"
"High school","13","*","*","*","*","*","59","14","*"
"High school","13","*","*","*","*","*","*","*","*"
"Central-HQ-Citywide","13","*","*","*","*","*","*","*","*"
"High school","13","*","*","*","*","*","21","*","*"
"K-8","13","*","*","*","*","*","*","*","*"
"High school","13","*","*","6","*","*","18","17","*"
"Secondary School","13","*","*","*","*","*","24","6","*"
"High school","13","*","*","*","*","*","*","*","*"
"High school","13","*","*","*","*","*","*","*","*"
"High school","13","*","*","*","*","*","*","*","*"
"Junior High-Intermediate-Middle","13","*","*","*","*","*","*","*","*"
"High school","13","*","13","*","*","*","94","22","*"
"High school","13","*","*","*","*","*","9","10","*"
"High school","13","*","*","*","*","*","*","*","*"
"High school","13","*","*","*","*","*","*","*","*"
"High school","13","*","*","*","*","*","21","9","*"
"Junior High-Intermediate-Middle","13","6","*","*","*","18","41","14","*"
"District Pre-K Center","13","*","*","*","*","*","*","*","*"
"Ungraded","13","*","*","*","*","*","*","*","*"
"Ungraded","13","*","*","*","*","*","*","*","*"
"Elementary","14","*","*","*","*","*","*","*","*"
"Elementary","14","*","*","*","*","*","*","*","*"
"Elementary","14","*","*","*","*","*","*","*","*"
"Elementary","14","*","*","*","*","*","*","*","*"
"Elementary","14","*","*","*","*","*","*","*","*"
"Elementary","14","*","*","*","*","*","*","*","*"
"Junior High-Intermediate-Middle","14","*","*","*","*","*","*","*","*"
"Elementary","14","*","*","*","*","*","*","*","*"
"Secondary School","14","*","10","*","*","56","86","10","*"
"K-8","14","*","*","*","*","*","*","6","*"
"Elementary","14","*","*","*","*","*","*","*","*"
"Elementary","14","*","*","*","*","*","*","*","*"
"Junior High-Intermediate-Middle","14","*","*","*","*","*","15","16","*"
"Elementary","14","*","*","*","*","*","11","*","*"
"Elementary","14","*","*","*","*","*","*","*","*"
"K-8","14","*","*","*","*","*","*","8","*"
"Elementary","14","*","*","*","*","*","*","*","*"
"Elementary","14","*","*","*","*","*","*","*","*"
"Elementary","14","*","*","*","*","*","*","*","*"
"Elementary","14","*","*","*","*","*","*","*","*"
"Junior High-Intermediate-Middle","14","6","7","*","*","90","121","72","*"
"Early Childhood","14","*","*","*","*","*","*","*","*"
"High school","14","*","*","*","*","*","19","12","*"
"Junior High-Intermediate-Middle","14","*","*","*","*","*","*","*","*"
"Elementary","14","*","*","*","*","*","*","*","*"
"Elementary","14","*","*","*","*","*","6","*","*"
"Central-HQ-Citywide","14","*","*","*","*","*","*","*","*"
"High school","14","*","*","*","*","*","*","*","*"
"High school","14","*","*","*","*","*","10","*","*"
"High school","14","*","7","*","*","*","52","20","*"
"High school","14","*","16","*","*","*","51","18","*"
"High school","14","*","*","*","*","*","*","*","*"
"High school","14","*","*","*","*","*","51","16","*"
"High school","14","*","8","*","*","*","87","22","*"
"High school","14","*","*","*","*","*","30","*","*"
"Junior High-Intermediate-Middle","14","*","*","*","*","*","*","*","*"
"Junior High-Intermediate-Middle","14","*","*","*","*","*","*","*","*"
"Secondary School","14","*","6","*","*","*","12","12","*"
"High school","14","*","8","*","*","*","36","16","*"
"Secondary School","14","*","*","*","*","19","21","18","*"
"High school","14","*","*","*","*","12","23","14","*"
"High school","14","*","*","*","*","6","*","*","*"
"High school","14","*","*","*","*","*","*","*","*"
"Elementary","15","*","*","*","*","*","*","*","*"
"Elementary","15","*","*","*","*","*","*","*","*"
"Elementary","15","*","*","*","*","*","*","*","*"
"Elementary","15","*","*","*","*","*","*","*","*"
"Elementary","15","*","*","*","*","28","*","6","*"
"Elementary","15","*","*","*","*","14","*","*","*"
"Elementary","15","*","*","*","*","*","*","*","*"
"Elementary","15","*","*","*","*","*","*","*","*"
"Junior High-Intermediate-Middle","15","*","*","*","*","*","10","*","*"
"Elementary","15","*","*","*","*","*","*","*","*"
"Junior High-Intermediate-Middle","15","*","*","*","*","*","*","18","*"
"Elementary","15","*","*","*","*","*","*","*","*"
"Elementary","15","*","*","*","*","*","*","*","*"
"Elementary","15","*","*","*","*","*","*","*","*"
"Elementary","15","*","*","*","*","*","*","*","*"
"Elementary","15","*","*","*","*","*","*","*","*"
"Elementary","15","*","*","*","*","*","*","*","*"
"Junior High-Intermediate-Middle","15","*","*","*","*","*","9","*","*"
"Elementary","15","*","*","*","*","*","*","*","*"
"Elementary","15","*","*","*","*","*","*","*","*"
"Elementary","15","*","*","*","*","*","*","*","*"
"Elementary","15","*","*","*","*","*","*","*","*"
"Elementary","15","*","*","*","*","*","*","*","*"
"Elementary","15","*","*","*","*","*","*","*","*"
"Elementary","15","*","*","*","*","*","*","*","*"
"Elementary","15","*","*","*","*","10","*","*","*"
"Elementary","15","*","*","*","*","*","*","*","*"
"High school","15","*","7","*","*","*","49","24","*"
"Secondary School","15","7","15","*","*","55","83","7","*"
"Junior High-Intermediate-Middle","15","*","*","*","*","10","9","10","*"
"Junior High-Intermediate-Middle","15","*","*","*","*","*","*","*","*"
"Central-HQ-Citywide","15","*","*","*","*","*","*","*","*"
"Junior High-Intermediate-Middle","15","*","*","*","*","*","6","*","*"
"Secondary School","15","7","*","*","*","36","6","16","*"
"High school","15","*","*","*","*","*","24","*","*"
"High school","15","*","*","*","*","*","8","*","*"
"Secondary School","15","*","*","*","*","18","26","*","*"
"Secondary School","15","*","*","*","*","*","21","8","*"
"Elementary","15","*","*","*","*","*","*","*","*"
"High school","15","*","*","*","*","*","*","27","*"
"High school","15","*","*","*","*","*","*","*","*"
"High school","15","*","*","*","*","*","*","6","*"
"High school","15","*","6","*","*","*","58","10","*"
"High school","15","*","*","*","*","*","82","12","*"
"Elementary","15","*","*","*","*","*","*","*","*"
"High school","15","*","*","*","*","8","7","*","*"
"High school","15","*","*","*","*","6","12","7","*"
"District Pre-K Center","15","*","*","*","*","*","*","*","*"
"Junior High-Intermediate-Middle","15","*","*","*","*","*","64","7","*"
"Early Childhood","15","*","*","*","*","*","*","*","*"
"Junior High-Intermediate-Middle","15","*","*","*","*","*","*","*","*"
"District Pre-K Center","15","*","*","*","*","*","*","*","*"
"Elementary","16","*","*","*","*","*","*","*","*"
"Elementary","16","*","*","*","*","*","*","*","*"
"Elementary","16","*","*","*","*","*","*","*","*"
"Elementary","16","*","*","*","*","*","*","*","*"
"Elementary","16","*","*","*","*","*","*","*","*"
"Junior High-Intermediate-Middle","16","*","*","*","*","*","*","*","*"
"Elementary","16","*","*","*","*","*","*","*","*"
"Junior High-Intermediate-Middle","16","*","*","*","*","*","*","*","*"
"Elementary","16","*","*","*","*","*","*","*","*"
"Elementary","16","*","*","*","*","*","*","*","*"
"K-8","16","*","*","*","*","*","6","7","*"
"Junior High-Intermediate-Middle","16","*","13","*","*","*","23","10","*"
"K-8","16","*","*","6","*","*","*","27","*"
"Elementary","16","*","*","*","*","*","*","*","*"
"Elementary","16","*","*","*","*","11","*","*","*"
"Junior High-Intermediate-Middle","16","*","*","*","*","*","*","8","*"
"High school","16","*","*","*","*","*","*","*","*"
"Central-HQ-Citywide","16","*","*","*","*","*","*","*","*"
"High school","16","*","*","*","*","*","27","14","*"
"High school","16","*","14","*","*","*","84","33","*"
"Junior High-Intermediate-Middle","16","*","*","*","*","*","*","*","*"
"Junior High-Intermediate-Middle","16","*","*","*","*","*","*","*","*"
"High school","16","*","*","*","*","*","6","10","*"
"Elementary","16","*","*","*","*","*","*","*","*"
"Elementary","16","*","*","*","*","*","*","*","*"
"Elementary","16","*","*","*","*","*","*","*","*"
"High school","16","*","*","*","*","*","*","6","*"
"Junior High-Intermediate-Middle","16","*","*","*","*","*","*","*","*"
"High school","16","*","*","*","*","*","27","8","*"
"High school","16","*","*","*","*","*","17","16","*"
"High school","16","*","*","*","*","*","*","*","*"
"Junior High-Intermediate-Middle","17","*","*","*","*","*","*","*","*"
"Elementary","17","*","*","*","*","*","*","*","*"
"Elementary","17","*","*","*","*","*","*","*","*"
"Junior High-Intermediate-Middle","17","*","*","*","*","6","*","30","*"
"Elementary","17","*","*","*","*","19","7","*","*"
"Elementary","17","*","*","*","*","*","*","*","*"
"High school","17","*","*","*","*","*","*","15","*"
"K-8","17","*","6","6","*","*","7","6","*"
"Elementary","17","*","*","*","*","*","*","6","*"
"Elementary","17","*","*","*","*","*","*","*","*"
"K-8","17","*","*","*","*","16","17","16","*"
"K-8","17","*","*","*","*","*","*","*","*"
"Elementary","17","*","*","*","*","*","*","*","*"
"Elementary","17","*","*","*","*","*","*","*","*"
"Elementary","17","*","*","*","*","*","*","*","*"
"Junior High-Intermediate-Middle","17","*","*","*","*","*","9","23","*"
"Elementary","17","*","*","*","*","*","*","*","*"
"Elementary","17","*","*","*","*","*","*","*","*"
"Elementary","17","*","*","*","*","*","*","*","*"
"Junior High-Intermediate-Middle","17","*","*","*","*","*","*","7","*"
"Junior High-Intermediate-Middle","17","*","*","*","*","*","8","*","*"
"Junior High-Intermediate-Middle","17","*","*","*","*","18","*","*","*"
"Junior High-Intermediate-Middle","17","*","*","*","*","*","*","*","*"
"Junior High-Intermediate-Middle","17","*","*","*","*","*","*","8","*"
"Elementary","17","*","*","*","*","*","*","*","*"
"Secondary School","17","*","10","*","*","34","94","16","*"
"K-8","17","*","*","*","*","7","*","*","*"
"Elementary","17","*","*","*","*","*","*","*","*"
"Elementary","17","*","*","*","*","*","*","*","*"
"Elementary","17","*","*","*","*","*","*","*","*"
"High school","17","*","6","*","*","*","35","*","*"
"Central-HQ-Citywide","17","*","*","*","*","*","*","*","*"
"High school","17","*","*","*","*","*","*","*","*"
"Junior High-Intermediate-Middle","17","*","8","*","*","*","7","*","*"
"High school","17","*","*","*","*","18","9","*","*"
"High school","17","*","*","*","*","*","*","*","*"
"High school","17","*","*","*","*","*","11","10","*"
"Secondary School","17","*","*","*","*","7","9","*","*"
"Elementary","17","*","*","*","*","*","*","*","*"
"Secondary School","17","*","*","*","*","*","*","*","*"
"High school","17","*","*","*","*","14","29","16","*"
"High school","17","*","*","*","*","*","46","18","*"
"Secondary School","17","*","*","*","*","*","13","*","*"
"High school","17","*","*","*","*","*","16","*","*"
"High school","17","*","*","*","*","*","66","21","*"
"High school","17","19","24","*","*","80","116","17","*"
"High school","17","*","*","*","*","*","49","6","*"
"Secondary School","17","*","*","*","*","*","26","7","*"
"High school","17","*","11","*","*","28","63","13","*"
"Elementary","17","6","*","*","*","31","*","*","*"
"Junior High-Intermediate-Middle","17","*","*","*","*","16","8","9","*"
"High school","17","*","*","*","*","*","*","*","*"
"High school","17","*","*","*","*","6","33","*","*"
"Elementary","17","*","*","*","*","7","*","*","*"
"K-8","18","*","*","*","*","*","15","*","*"
"Junior High-Intermediate-Middle","18","*","*","*","*","22","26","10","*"
"Elementary","18","*","*","*","*","8","*","6","*"
"Elementary","18","*","*","*","*","*","*","*","*"
"Elementary","18","*","*","*","*","16","10","*","*"
"Elementary","18","*","*","*","*","*","*","*","*"
"Junior High-Intermediate-Middle","18","*","*","*","*","*","*","*","*"
"Elementary","18","*","*","*","*","*","*","*","*"
"Elementary","18","*","*","*","*","9","*","*","*"
"K-8","18","*","*","*","*","8","*","*","*"
"Elementary","18","*","*","*","*","*","8","*","*"
"Elementary","18","*","*","*","*","*","*","*","*"
"Elementary","18","*","*","*","*","6","8","*","*"
"Elementary","18","8","*","*","*","19","*","*","*"
"Elementary","18","*","*","*","*","16","*","*","*"
"Junior High-Intermediate-Middle","18","14","*","*","*","73","22","20","*"
"Junior High-Intermediate-Middle","18","*","*","*","*","*","*","*","*"
"Central-HQ-Citywide","18","*","*","*","*","*","*","*","*"
"High school","18","*","*","*","*","*","34","10","*"
"High school","18","*","*","*","*","*","22","*","*"
"High school","18","*","*","*","*","7","51","17","*"
"High school","18","*","7","*","*","22","52","6","*"
"High school","18","*","*","*","*","*","10","6","*"
"High school","18","*","*","*","*","*","*","*","*"
"Junior High-Intermediate-Middle","18","*","*","*","*","*","*","*","*"
"Junior High-Intermediate-Middle","18","23","*","*","*","64","15","7","*"
"High school","18","*","*","*","*","*","28","11","*"
"Junior High-Intermediate-Middle","18","*","*","*","*","*","*","8","*"
"High school","18","*","12","*","*","*","51","13","*"
"High school","18","*","*","*","*","*","*","*","*"
"High school","18","*","*","*","*","*","75","6","*"
"High school","18","*","*","*","*","*","12","*","*"
"High school","18","*","*","*","*","*","22","6","*"
"High school","18","*","*","*","*","25","58","38","*"
"High school","18","*","*","*","*","*","23","11","*"
"Junior High-Intermediate-Middle","18","*","*","*","*","*","*","*","*"
"High school","18","*","*","*","*","*","*","*","*"
"Elementary","19","*","*","*","*","23","*","6","*"
"Elementary","19","*","*","*","*","*","*","*","*"
"Elementary","19","*","*","*","*","*","*","*","*"
"K-8","19","*","*","*","*","35","11","*","*"
"Elementary","19","*","*","*","*","*","*","*","*"
"Elementary","19","*","*","*","*","*","*","*","*"
"Elementary","19","*","*","*","*","6","*","*","*"
"Elementary","19","10","*","*","*","55","6","*","*"
"Junior High-Intermediate-Middle","19","*","9","*","*","*","42","22","*"
"K-8","19","*","*","*","*","*","*","*","*"
"Elementary","19","*","*","*","*","*","*","*","*"
"Elementary","19","*","*","*","*","*","*","*","*"
"Elementary","19","*","*","*","*","10","*","*","*"
"Elementary","19","*","*","*","*","*","18","6","*"
"Junior High-Intermediate-Middle","19","*","*","*","*","*","12","13","*"
"Elementary","19","*","*","*","*","*","15","*","*"
"Elementary","19","*","*","*","*","*","*","*","*"
"Elementary","19","*","*","*","*","*","*","*","*"
"Junior High-Intermediate-Middle","19","*","*","19","*","*","11","21","*"
"K-8","19","*","*","*","*","*","14","22","*"
"Junior High-Intermediate-Middle","19","*","*","*","*","*","*","14","*"
