"dbn","location_code","community_school_district","city_council_district","school_level","of_full_time_teachers_with","of_f_status_teachers_with","of_itinerant_teachers_with","sum_of_f_status_and_itinerant","total_of_part_time_and_full"
"Citywide:",,,,,"152","3","0","3","155"
"01M015","M015","1","2","ELEMENTARY","0","0","0","0","0"
"01M019","M019","1","2","ELEMENTARY","0","0","0","0","0"
"01M020","M020","1","1","ELEMENTARY","0","0","0","0","0"
"01M034","M034","1","2","K-8","0","0","0","0","0"
"01M063","M063","1","2","ELEMENTARY","0","0","0","0","0"
"01M064","M064","1","2","ELEMENTARY","0","0","0","0","0"
"01M110","M110","1","1","ELEMENTARY","0","0","0","0","0"
"01M134","M134","1","1","ELEMENTARY","0","0","0","0","0"
"01M140","M140","1","1","K-8","0","0","0","0","0"
"01M142","M142","1","1","ELEMENTARY","0","0","0","0","0"
"01M184","M184","1","1","K-8","0","0","0","0","0"
"01M188","M188","1","2","K-8","0","0","0","0","0"
"01M292","M292","1","1","HIGH SCHOOL","0","0","0","0","0"
"01M315","M315","1","2","ELEMENTARY","0","0","0","0","0"
"01M332","M332","1","1","JUNIOR HIGH-INTERMEDIATE-MIDDLE","0","0","0","0","0"
"01M361","M361","1","2","ELEMENTARY","0","0","0","0","0"
"01M363","M363","1","2","ELEMENTARY","0","0","0","0","0"
"01M364","M364","1","2","ELEMENTARY","0","0","0","0","0"
"01M378","M378","1","1","JUNIOR HIGH-INTERMEDIATE-MIDDLE","0","0","0","0","0"
"01M448","M448","1","1","HIGH SCHOOL","0","0","0","0","0"
"01M450","M450","1","2","SECONDARY SCHOOL","0","0","0","0","0"
"01M458","M458","1","1","HIGH SCHOOL","0","0","0","0","0"
"01M509","M509","1","1","HIGH SCHOOL","0","0","0","0","0"
"01M515","M515","1","1","HIGH SCHOOL","0","0","0","0","0"
"01M539","M539","1","2","K-12 ALL GRADES","1","0","0","0","1"
"01M650","M650","1","1","HIGH SCHOOL","0","0","0","0","0"
"01M696","M696","1","2","HIGH SCHOOL","1","0","0","0","1"
"01M839","M839","1","2","JUNIOR HIGH-INTERMEDIATE-MIDDLE","0","0","0","0","0"
"02M001","M001","2","1","ELEMENTARY","0","0","0","0","0"
"02M002","M002","2","1","ELEMENTARY","0","0","0","0","0"
"02M003","M003","2","3","ELEMENTARY","0","0","0","0","0"
"02M006","M006","2","4","ELEMENTARY","0","0","0","0","0"
"02M011","M011","2","3","ELEMENTARY","0","0","0","0","0"
"02M033","M033","2","3","ELEMENTARY","0","0","0","0","0"
"02M040","M040","2","2","ELEMENTARY","0","0","0","0","0"
"02M041","M041","2","3","ELEMENTARY","0","0","0","0","0"
"02M042","M042","2","1","ELEMENTARY","0","0","0","0","0"
"02M047","M047","2","2","HIGH SCHOOL","0","0","0","0","0"
"02M051","M051","2","3","ELEMENTARY","0","0","0","0","0"
"02M059","M059","2","4","ELEMENTARY","0","0","0","0","0"
"02M077","M077","2","5","ELEMENTARY","0","0","0","0","0"
"02M089","M089","2","1","ELEMENTARY","0","0","0","0","0"
"02M104","M104","2","2","JUNIOR HIGH-INTERMEDIATE-MIDDLE","0","0","0","0","0"
"02M111","M111","2","3","ELEMENTARY","0","0","0","0","0"
"02M114","M114","2","5","JUNIOR HIGH-INTERMEDIATE-MIDDLE","0","0","0","0","0"
"02M116","M116","2","2","ELEMENTARY","0","0","0","0","0"
"02M124","M124","2","1","ELEMENTARY","0","0","0","0","0"
"02M126","M126","2","1","K-8","0","0","0","0","0"
"02M130","M130","2","1","ELEMENTARY","0","0","0","0","0"
"02M131","M131","2","1","JUNIOR HIGH-INTERMEDIATE-MIDDLE","0","0","0","0","0"
"02M135","M135","2","1","HIGH SCHOOL","0","0","0","0","0"
"02M139","M139","2","3","HIGH SCHOOL","0","0","0","0","0"
"02M150","M150","2","1","ELEMENTARY","0","0","0","0","0"
"02M151","M151","2","5","ELEMENTARY","0","0","0","0","0"
"02M158","M158","2","5","ELEMENTARY","0","0","0","0","0"
"02M167","M167","2","4","JUNIOR HIGH-INTERMEDIATE-MIDDLE","0","0","0","0","0"
"02M177","M177","2","5","JUNIOR HIGH-INTERMEDIATE-MIDDLE","0","0","0","0","0"
"02M183","M183","2","5","ELEMENTARY","0","0","0","0","0"
"02M198","M198","2","5","ELEMENTARY","0","0","0","0","0"
"02M212","M212","2","3","ELEMENTARY","0","0","0","0","0"
"02M217","M217","2","5","K-8","0","0","0","0","0"
"02M225","M225","2","5","K-8","0","0","0","0","0"
"02M234","M234","2","1","ELEMENTARY","0","0","0","0","0"
"02M255","M255","2","2","JUNIOR HIGH-INTERMEDIATE-MIDDLE","0","0","0","0","0"
"02M260","M260","2","2","SECONDARY SCHOOL","0","0","0","0","0"
"02M267","M267","2","4","ELEMENTARY","0","0","0","0","0"
"02M276","M276","2","1","K-8","0","0","0","0","0"
"02M280","M280","2","1","HIGH SCHOOL","0","0","0","0","0"
"02M281","M281","2","4","ELEMENTARY","0","0","0","0","0"
"02M282","M282","2","1","HIGH SCHOOL","0","0","0","0","0"
"02M288","M288","2","3","HIGH SCHOOL","0","0","0","0","0"
"02M289","M289","2","1","JUNIOR HIGH-INTERMEDIATE-MIDDLE","0","0","0","0","0"
"02M290","M290","2","5","ELEMENTARY","0","0","0","0","0"
"02M294","M294","2","1","HIGH SCHOOL","0","0","0","0","0"
"02M296","M296","2","3","HIGH SCHOOL","0","0","0","0","0"
"02M297","M297","2","2","JUNIOR HIGH-INTERMEDIATE-MIDDLE","0","0","0","0","0"
"02M298","M298","2","1","HIGH SCHOOL","0","0","0","0","0"
"02M300","M300","2","3","HIGH SCHOOL","0","0","0","0","0"
"02M303","M303","2","3","HIGH SCHOOL","0","0","0","0","0"
"02M305","M305","2","1","HIGH SCHOOL","0","0","0","0","0"
"02M308","M308","2","1","HIGH SCHOOL","0","0","0","0","0"
"02M312","M312","2","3","JUNIOR HIGH-INTERMEDIATE-MIDDLE","0","0","0","0","0"
"02M313","M313","2","3","HIGH SCHOOL","0","0","0","0","0"
"02M316","M316","2","1","HIGH SCHOOL","0","0","0","0","0"
"02M340","M340","2","3","ELEMENTARY","0","0","0","0","0"
"02M343","M343","2","1","ELEMENTARY","0","0","0","0","0"
"02M347","M347","2","2","K-8","0","0","0","0","0"
"02M374","M374","2","2","HIGH SCHOOL","0","0","0","0","0"
"02M376","M376","2","3","HIGH SCHOOL","0","0","0","0","0"
"02M392","M392","2","3","HIGH SCHOOL","0","0","0","0","0"
"02M393","M393","2","3","HIGH SCHOOL","0","0","0","0","0"
"02M394","M394","2","1","HIGH SCHOOL","1","0","0","0","1"
"02M397","M397","2","1","K-8","0","0","0","0","0"
"02M399","M399","2","2","HIGH SCHOOL","0","0","0","0","0"
"02M400","M400","2","3","HIGH SCHOOL","1","0","0","0","1"
"02M407","M407","2","2","SECONDARY SCHOOL","0","0","0","0","0"
"02M408","M408","2","3","SECONDARY SCHOOL","0","0","0","0","0"
"02M411","M411","2","2","HIGH SCHOOL","0","0","0","0","0"
"02M412","M412","2","3","HIGH SCHOOL","0","0","0","0","0"
"02M413","M413","2","2","SECONDARY SCHOOL","0","0","0","0","0"
"02M414","M414","2","3","HIGH SCHOOL","0","0","0","0","0"
"02M416","M416","2","5","HIGH SCHOOL","0","0","0","0","0"
"02M418","M418","2","1","HIGH SCHOOL","0","0","0","0","0"
"02M419","M419","2","3","HIGH SCHOOL","0","0","0","0","0"
"02M420","M420","2","2","HIGH SCHOOL","1","0","0","0","1"
"02M422","M422","2","3","SECONDARY SCHOOL","1","0","0","0","1"
"02M425","M425","2","1","HIGH SCHOOL","0","0","0","0","0"
"02M427","M427","2","2","HIGH SCHOOL","0","0","0","0","0"
"02M432","M432","2","2","HIGH SCHOOL","0","0","0","0","0"
"02M437","M437","2","3","HIGH SCHOOL","0","0","0","0","0"
"02M438","M438","2","2","HIGH SCHOOL","0","0","0","0","0"
"02M439","M439","2","3","HIGH SCHOOL","0","0","0","0","0"
"02M442","M442","2","2","K-8","0","0","0","0","0"
"02M449","M449","2","5","HIGH SCHOOL","0","0","0","0","0"
"02M459","M459","2","5","HIGH SCHOOL","0","0","0","0","0"
"02M475","M475","2","1","HIGH SCHOOL","3","0","0","0","3"
"02M489","M489","2","1","HIGH SCHOOL","0","0","0","0","0"
"02M500","M500","2","2","HIGH SCHOOL","0","0","0","0","0"
"02M507","M507","2","3","HIGH SCHOOL","0","0","0","0","0"
"02M519","M519","2","5","HIGH SCHOOL","0","0","0","0","0"
"02M520","M520","2","1","HIGH SCHOOL","0","0","0","0","0"
"02M527","M527","2","5","ELEMENTARY","0","0","0","0","0"
"02M529","M529","2","4","HIGH SCHOOL","0","0","0","0","0"
"02M531","M531","2","4","HIGH SCHOOL","0","0","0","0","0"
"02M533","M533","2","2","HIGH SCHOOL","0","0","0","0","0"
"02M534","M534","2","3","HIGH SCHOOL","0","0","0","0","0"
"02M542","M542","2","3","HIGH SCHOOL","0","0","0","0","0"
"02M543","M543","2","1","HIGH SCHOOL","0","0","0","0","0"
"02M544","M544","2","3","HIGH SCHOOL","0","0","0","0","0"
"02M545","M545","2","1","HIGH SCHOOL","0","0","0","0","0"
"02M546","M546","2","2","HIGH SCHOOL","0","0","0","0","0"
"02M550","M550","2","3","HIGH SCHOOL","0","0","0","0","0"
"02M551","M551","2","1","HIGH SCHOOL","0","0","0","0","0"
"02M560","M560","2","3","HIGH SCHOOL","0","0","0","0","0"
"02M565","M565","2","5","HIGH SCHOOL","0","0","0","0","0"
"02M570","M570","2","3","HIGH SCHOOL","0","0","0","0","0"
"02M575","M575","2","2","HIGH SCHOOL","0","0","0","0","0"
"02M580","M580","2","1","HIGH SCHOOL","0","0","0","0","0"
"02M586","M586","2","2","HIGH SCHOOL","0","0","0","0","0"
"02M600","M600","2","3","HIGH SCHOOL","0","0","0","0","0"
"02M605","M605","2","3","HIGH SCHOOL","0","0","0","0","0"
"02M615","M615","2","3","HIGH SCHOOL","0","0","0","0","0"
"02M630","M630","2","4","HIGH SCHOOL","1","0","0","0","1"
"02M655","M655","2","5","HIGH SCHOOL","0","0","0","0","0"
"02M896","M896","2","1","JUNIOR HIGH-INTERMEDIATE-MIDDLE","0","0","0","0","0"
"02M933","M933","2","3","JUNIOR HIGH-INTERMEDIATE-MIDDLE","0","0","0","0","0"
"03M009","M009","3","6","ELEMENTARY","0","0","0","0","0"
"03M054","M054","3","7","JUNIOR HIGH-INTERMEDIATE-MIDDLE","0","0","0","0","0"
"03M075","M075","3","6","ELEMENTARY","0","0","0","0","0"
"03M076","M076","3","9","K-8","0","0","0","0","0"
"03M084","M084","3","6","ELEMENTARY","0","0","0","0","0"
"03M087","M087","3","6","ELEMENTARY","0","0","0","0","0"
"03M145","M145","3","7","ELEMENTARY","0","0","0","0","0"
"03M149","M149","3","9","K-8","0","0","0","0","0"
"03M163","M163","3","7","ELEMENTARY","0","0","0","0","0"
"03M165","M165","3","7","ELEMENTARY","0","0","0","0","0"
"03M166","M166","3","6","ELEMENTARY","0","0","0","0","0"
"03M180","M180","3","9","K-8","0","0","0","0","0"
"03M185","M185","3","9","ELEMENTARY","0","0","0","0","0"
"03M191","M191","3","6","K-8","0","0","0","0","0"
"03M199","M199","3","6","ELEMENTARY","0","0","0","0","0"
"03M241","M241","3","9","ELEMENTARY","0","0","0","0","0"
"03M242","M242","3","9","ELEMENTARY","0","0","0","0","0"
"03M243","M243","3","6","JUNIOR HIGH-INTERMEDIATE-MIDDLE","0","0","0","0","0"
"03M245","M245","3","6","JUNIOR HIGH-INTERMEDIATE-MIDDLE","0","0","0","0","0"
"03M247","M247","3","6","JUNIOR HIGH-INTERMEDIATE-MIDDLE","0","0","0","0","0"
"03M250","M250","3","6","JUNIOR HIGH-INTERMEDIATE-MIDDLE","0","0","0","0","0"
"03M256","M256","3","6","JUNIOR HIGH-INTERMEDIATE-MIDDLE","0","0","0","0","0"
"03M258","M258","3","6","JUNIOR HIGH-INTERMEDIATE-MIDDLE","0","0","0","0","0"
"03M291","M291","3","6","SECONDARY SCHOOL","0","0","0","0","0"
"03M299","M299","3","6","HIGH SCHOOL","0","0","0","0","0"
"03M307","M307","3","6","HIGH SCHOOL","1","0","0","0","1"
"03M333","M333","3","6","K-8","0","0","0","0","0"
"03M334","M334","3","6","K-8","0","0","0","0","0"
"03M402","M402","3","6","HIGH SCHOOL","0","0","0","0","0"
"03M403","M403","3","6","HIGH SCHOOL","0","0","0","0","0"
"03M404","M404","3","6","HIGH SCHOOL","0","0","0","0","0"
"03M415","M415","3","9","SECONDARY SCHOOL","0","0","0","0","0"
"03M417","M417","3","6","HIGH SCHOOL","0","0","0","0","0"
"03M421","M421","3","7","JUNIOR HIGH-INTERMEDIATE-MIDDLE","0","0","0","0","0"
"03M452","M452","3","6","ELEMENTARY","0","0","0","0","0"
"03M479","M479","3","3","HIGH SCHOOL","0","0","0","0","0"
"03M485","M485","3","6","HIGH SCHOOL","1","0","0","0","1"
"03M492","M492","3","6","HIGH SCHOOL","0","0","0","0","0"
"03M494","M494","3","6","HIGH SCHOOL","0","0","0","0","0"
"03M505","M505","3","7","HIGH SCHOOL","0","0","0","0","0"
"03M541","M541","3","6","HIGH SCHOOL","0","0","0","0","0"
"03M859","M859","3","6","K-12 ALL GRADES","1","0","0","0","1"
"03M860","M860","3","9","SECONDARY SCHOOL","1","0","0","0","1"
"03M862","M862","3","7","JUNIOR HIGH-INTERMEDIATE-MIDDLE","0","0","0","0","0"
"04M007","M007","4","8","K-8","0","0","0","0","0"
"04M012","M012","4","8","K-8","0","0","0","0","0"
"04M037","M037","4","8","ELEMENTARY","0","0","0","0","0"
"04M038","M038","4","8","ELEMENTARY","0","0","0","0","0"
"04M057","M057","4","8","K-8","0","0","0","0","0"
"04M072","M072","4","8","K-8","0","0","0","0","0"
"04M083","M083","4","8","ELEMENTARY","0","0","0","0","0"
"04M096","M096","4","8","K-8","0","0","0","0","0"
"04M102","M102","4","8","ELEMENTARY","0","0","0","0","0"
"04M108","M108","4","8","K-8","0","0","0","0","0"
"04M112","M112","4","8","EARLY CHILDHOOD","0","0","0","0","0"
"04M146","M146","4","8","ELEMENTARY","0","0","0","0","0"
"04M155","M155","4","8","ELEMENTARY","0","0","0","0","0"
"04M171","M171","4","8","K-8","0","0","0","0","0"
"04M182","M182","4","8","ELEMENTARY","0","0","0","0","0"
"04M206","M206","4","8","K-8","0","0","0","0","0"
"04M224","M224","4","8","JUNIOR HIGH-INTERMEDIATE-MIDDLE","0","0","0","0","0"
"04M310","M310","4","8","HIGH SCHOOL","0","0","0","0","0"
"04M372","M372","4","8","SECONDARY SCHOOL","0","0","0","0","0"
"04M375","M375","4","8","ELEMENTARY","0","0","0","0","0"
"04M377","M377","4","8","JUNIOR HIGH-INTERMEDIATE-MIDDLE","0","0","0","0","0"
"04M435","M435","4","8","HIGH SCHOOL","0","0","0","0","0"
"04M495","M495","4","8","HIGH SCHOOL","0","0","0","0","0"
"04M497","M497","4","8","ELEMENTARY","0","0","0","0","0"
"04M555","M555","4","8","HIGH SCHOOL","0","0","0","0","0"
"04M610","M610","4","8","SECONDARY SCHOOL","0","0","0","0","0"
"04M680","M680","4","8","HIGH SCHOOL","0","0","0","0","0"
"04M825","M825","4","8","JUNIOR HIGH-INTERMEDIATE-MIDDLE","0","0","0","0","0"
"04M964","M964","4","8","K-8","0","0","0","0","0"
"05M030","M030","5","9","ELEMENTARY","0","0","0","0","0"
"05M036","M036","5","7","ELEMENTARY","0","0","0","0","0"
"05M046","M046","5","9","K-8","0","0","0","0","0"
"05M092","M092","5","9","ELEMENTARY","0","0","0","0","0"
"05M123","M123","5","9","K-8","0","0","0","0","0"
"05M125","M125","5","7","ELEMENTARY","0","0","0","0","0"
"05M129","M129","5","9","K-8","0","0","0","0","0"
"05M133","M133","5","9","ELEMENTARY","0","0","0","0","0"
"05M148","M148","5","9","SECONDARY SCHOOL","0","0","0","0","0"
"05M154","M154","5","9","ELEMENTARY","0","0","0","0","0"
"05M157","M157","5","9","HIGH SCHOOL","0","0","0","0","0"
"05M161","M161","5","9","K-8","0","0","0","0","0"
"05M175","M175","5","9","ELEMENTARY","0","0","0","0","0"
"05M194","M194","5","9","ELEMENTARY","0","0","0","0","0"
"05M197","M197","5","9","ELEMENTARY","0","0","0","0","0"
"05M200","M200","5","9","ELEMENTARY","0","0","0","0","0"
"05M285","M285","5","9","HIGH SCHOOL","0","0","0","0","0"
"05M286","M286","5","7","JUNIOR HIGH-INTERMEDIATE-MIDDLE","0","0","0","0","0"
"05M304","M304","5","9","HIGH SCHOOL","0","0","0","0","0"
"05M318","M318","5","9","ELEMENTARY","0","0","0","0","0"
"05M362","M362","5","7","SECONDARY SCHOOL","0","0","0","0","0"
"05M369","M369","5","7","HIGH SCHOOL","0","0","0","0","0"
"05M499","M499","5","9","SECONDARY SCHOOL","0","0","0","0","0"
"05M514","M514","5","7","JUNIOR HIGH-INTERMEDIATE-MIDDLE","0","0","0","0","0"
"05M517","M517","5","7","K-8","0","0","0","0","0"
"05M670","M670","5","9","SECONDARY SCHOOL","1","0","0","0","1"
"05M692","M692","5","9","HIGH SCHOOL","0","0","0","0","0"
"06M004","M004","6","7","ELEMENTARY","0","0","0","0","0"
"06M005","M005","6","10","ELEMENTARY","0","0","0","0","0"
"06M008","M008","6","10","ELEMENTARY","0","0","0","0","0"
"06M018","M018","6","10","K-8","0","0","0","0","0"
"06M028","M028","6","7","ELEMENTARY","0","0","0","0","0"
"06M048","M048","6","10","ELEMENTARY","0","0","0","0","0"
"06M052","M052","6","10","JUNIOR HIGH-INTERMEDIATE-MIDDLE","0","0","0","0","0"
"06M098","M098","6","10","ELEMENTARY","0","0","0","0","0"
"06M103","M103","6","10","ELEMENTARY","0","0","0","0","0"
"06M115","M115","6","10","ELEMENTARY","0","0","0","0","0"
"06M128","M128","6","10","ELEMENTARY","0","0","0","0","0"
"06M132","M132","6","10","ELEMENTARY","0","0","0","0","0"
"06M143","M143","6","10","JUNIOR HIGH-INTERMEDIATE-MIDDLE","0","0","0","0","0"
"06M152","M152","6","10","ELEMENTARY","0","0","0","0","0"
"06M153","M153","6","7","ELEMENTARY","0","0","0","0","0"
"06M173","M173","6","10","ELEMENTARY","0","0","0","0","0"
"06M178","M178","6","10","ELEMENTARY","0","0","0","0","0"
"06M187","M187","6","10","K-8","0","0","0","0","0"
"06M189","M189","6","10","ELEMENTARY","0","0","0","0","0"
"06M192","M192","6","7","ELEMENTARY","0","0","0","0","0"
"06M209","M209","6","7","JUNIOR HIGH-INTERMEDIATE-MIDDLE","0","0","0","0","0"
"06M210","M210","6","7","K-8","1","0","0","0","1"
"06M211","M211","6","10","HIGH SCHOOL","1","0","0","0","1"
"06M223","M223","6","9","JUNIOR HIGH-INTERMEDIATE-MIDDLE","0","0","0","0","0"
"06M278","M278","6","10","K-8","0","0","0","0","0"
"06M293","M293","6","10","SECONDARY SCHOOL","0","0","0","0","0"
"06M311","M311","6","10","K-8","0","0","0","0","0"
"06M314","M314","6","10","ELEMENTARY","0","0","0","0","0"
"06M319","M319","6","10","JUNIOR HIGH-INTERMEDIATE-MIDDLE","0","0","0","0","0"
"06M322","M322","6","10","JUNIOR HIGH-INTERMEDIATE-MIDDLE","0","0","0","0","0"
"06M324","M324","6","10","JUNIOR HIGH-INTERMEDIATE-MIDDLE","0","0","0","0","0"
"06M328","M328","6","10","JUNIOR HIGH-INTERMEDIATE-MIDDLE","1","0","0","0","1"
"06M346","M346","6","7","SECONDARY SCHOOL","0","0","0","0","0"
"06M348","M348","6","10","K-12 ALL GRADES","0","0","0","0","0"
"06M349","M349","6","10","JUNIOR HIGH-INTERMEDIATE-MIDDLE","0","0","0","0","0"
"06M366","M366","6","10","K-8","0","0","0","0","0"
"06M368","M368","6","7","ELEMENTARY","0","0","0","0","0"
"06M423","M423","6","10","HIGH SCHOOL","0","0","0","0","0"
"06M462","M462","6","10","HIGH SCHOOL","0","0","0","0","0"
"06M463","M463","6","10","HIGH SCHOOL","1","0","0","0","1"
"06M467","M467","6","10","HIGH SCHOOL","0","0","0","0","0"
"06M468","M468","6","10","HIGH SCHOOL","0","0","0","0","0"
"06M513","M513","6","10","ELEMENTARY","0","0","0","0","0"
"06M528","M528","6","10","JUNIOR HIGH-INTERMEDIATE-MIDDLE","0","0","0","0","0"
"06M540","M540","6","9","HIGH SCHOOL","0","0","0","0","0"
"06M552","M552","6","10","HIGH SCHOOL","0","0","0","0","0"
"07X001","X001","7","17","ELEMENTARY","0","0","0","0","0"
"07X005","X005","7","8","K-8","0","0","0","0","0"
"07X018","X018","7","8","ELEMENTARY","0","0","0","0","0"
"07X025","X025","7","8","ELEMENTARY","0","0","0","0","0"
"07X029","X029","7","17","K-8","0","0","0","0","0"
"07X030","X030","7","8","ELEMENTARY","0","0","0","0","0"
"07X031","X031","7","17","K-8","0","0","0","0","0"
"07X043","X043","7","8","ELEMENTARY","0","0","0","0","0"
"07X049","X049","7","8","ELEMENTARY","0","0","0","0","0"
"07X065","X065","7","8","ELEMENTARY","0","0","0","0","0"
"07X151","X151","7","17","JUNIOR HIGH-INTERMEDIATE-MIDDLE","0","0","0","0","0"
"07X154","X154","7","8","ELEMENTARY","0","0","0","0","0"
"07X157","X157","7","17","ELEMENTARY","0","0","0","0","0"
"07X161","X161","7","8","ELEMENTARY","0","0","0","0","0"
"07X179","X179","7","8","ELEMENTARY","0","0","0","0","0"
"07X221","X221","7","8","SECONDARY SCHOOL","0","0","0","0","0"
"07X223","X223","7","8","SECONDARY SCHOOL","0","0","0","0","0"
"07X224","X224","7","8","JUNIOR HIGH-INTERMEDIATE-MIDDLE","0","0","0","0","0"
"07X259","X259","7","8","HIGH SCHOOL","0","0","0","0","0"
"07X277","X277","7","8","ELEMENTARY","0","0","0","0","0"
"07X296","X296","7","17","JUNIOR HIGH-INTERMEDIATE-MIDDLE","0","0","0","0","0"
"07X298","X298","7","17","JUNIOR HIGH-INTERMEDIATE-MIDDLE","0","0","0","0","0"
"07X334","X334","7","8","HIGH SCHOOL","0","0","0","0","0"
"07X343","X343","7","8","JUNIOR HIGH-INTERMEDIATE-MIDDLE","0","0","0","0","0"
"07X359","X359","7","17","ELEMENTARY","0","0","0","0","0"
"07X369","X369","7","8","ELEMENTARY","0","0","0","0","0"
"07X379","X379","7","17","HIGH SCHOOL","0","0","0","0","0"
"07X381","X381","7","17","HIGH SCHOOL","0","0","0","0","0"
"07X427","X427","7","8","HIGH SCHOOL","0","0","0","0","0"
"07X473","X473","7","17","HIGH SCHOOL","0","0","0","0","0"
"07X495","X495","7","17","HIGH SCHOOL","0","0","0","0","0"
"07X500","X500","7","17","SECONDARY SCHOOL","1","0","0","0","1"
"07X522","X522","7","17","HIGH SCHOOL","1","0","0","0","1"
"07X527","X527","7","17","HIGH SCHOOL","0","0","0","0","0"
"07X548","X548","7","17","HIGH SCHOOL","0","0","0","0","0"
"07X551","X551","7","8","SECONDARY SCHOOL","0","0","0","0","0"
"07X557","X557","7","8","HIGH SCHOOL","0","0","0","0","0"
"07X584","X584","7","17","JUNIOR HIGH-INTERMEDIATE-MIDDLE","0","0","0","0","0"
"07X600","X600","7","17","HIGH SCHOOL","0","0","0","0","0"
"07X670","X670","7","8","HIGH SCHOOL","0","0","0","0","0"
"08X014","X014","8","13","ELEMENTARY","0","0","0","0","0"
"08X036","X036","8","18","ELEMENTARY","0","0","0","0","0"
"08X048","X048","8","17","ELEMENTARY","0","0","0","0","0"
"08X062","X062","8","8","ELEMENTARY","0","0","0","0","0"
"08X069","X069","8","18","ELEMENTARY","0","0","0","0","0"
"08X071","X071","8","13","K-8","0","0","0","0","0"
"08X072","X072","8","13","ELEMENTARY","0","0","0","0","0"
"08X075","X075","8","17","ELEMENTARY","0","0","0","0","0"
"08X093","X093","8","17","ELEMENTARY","0","0","0","0","0"
"08X100","X100","8","18","ELEMENTARY","0","0","0","0","0"
"08X101","X101","8","13","JUNIOR HIGH-INTERMEDIATE-MIDDLE","0","0","0","0","0"
"08X107","X107","8","18","ELEMENTARY","1","0","0","0","1"
"08X119","X119","8","18","ELEMENTARY","0","0","0","0","0"
"08X123","X123","8","18","JUNIOR HIGH-INTERMEDIATE-MIDDLE","0","0","0","0","0"
"08X130","X130","8","17","ELEMENTARY","0","0","0","0","0"
"08X131","X131","8","18","JUNIOR HIGH-INTERMEDIATE-MIDDLE","0","0","0","0","0"
"08X138","X138","8","18","ELEMENTARY","0","0","0","0","0"
"08X140","X140","8","17","ELEMENTARY","0","0","0","0","0"
"08X146","X146","8","16","ELEMENTARY","0","0","0","0","0"
"08X152","X152","8","17","ELEMENTARY","0","0","0","0","0"
"08X182","X182","8","18","ELEMENTARY","0","0","0","0","0"
"08X269","X269","8","17","SECONDARY SCHOOL","0","0","0","0","0"
"08X282","X282","8","18","HIGH SCHOOL","0","0","0","0","0"
"08X293","X293","8","13","HIGH SCHOOL","0","0","0","0","0"
"08X301","X301","8","16","JUNIOR HIGH-INTERMEDIATE-MIDDLE","0","0","0","0","0"
"08X302","X302","8","17","JUNIOR HIGH-INTERMEDIATE-MIDDLE","0","0","0","0","0"
"08X304","X304","8","13","ELEMENTARY","0","0","0","0","0"
"08X312","X312","8","18","HIGH SCHOOL","1","0","0","0","1"
"08X320","X320","8","13","HIGH SCHOOL","0","0","0","0","0"
"08X333","X333","8","17","ELEMENTARY","0","0","0","0","0"
"08X337","X337","8","18","JUNIOR HIGH-INTERMEDIATE-MIDDLE","0","0","0","0","0"
"08X348","X348","8","13","HIGH SCHOOL","0","0","0","0","0"
"08X349","X349","8","13","HIGH SCHOOL","0","0","0","0","0"
"08X367","X367","8","18","SECONDARY SCHOOL","2","0","0","0","2"
"08X371","X371","8","13","JUNIOR HIGH-INTERMEDIATE-MIDDLE","0","0","0","0","0"
"08X375","X375","8","18","JUNIOR HIGH-INTERMEDIATE-MIDDLE","0","0","0","0","0"
"08X376","X376","8","18","SECONDARY SCHOOL","0","0","0","0","0"
"08X377","X377","8","18","HIGH SCHOOL","0","0","0","0","0"
"08X392","X392","8","13","ELEMENTARY","0","0","0","0","0"
"08X405","X405","8","13","HIGH SCHOOL","1","0","0","0","1"
"08X424","X424","8","17","JUNIOR HIGH-INTERMEDIATE-MIDDLE","0","0","0","0","0"
"08X432","X432","8","18","HIGH SCHOOL","0","0","0","0","0"
"08X448","X448","8","18","JUNIOR HIGH-INTERMEDIATE-MIDDLE","0","0","0","0","0"
"08X452","X452","8","18","HIGH SCHOOL","0","0","0","0","0"
"08X467","X467","8","13","JUNIOR HIGH-INTERMEDIATE-MIDDLE","0","0","0","0","0"
"08X530","X530","8","17","HIGH SCHOOL","0","0","0","0","0"
"08X537","X537","8","17","HIGH SCHOOL","0","0","0","0","0"
"08X558","X558","8","13","HIGH SCHOOL","0","0","0","0","0"
"08X559","X559","8","17","HIGH SCHOOL","0","0","0","0","0"
"08X561","X561","8","18","HIGH SCHOOL","0","0","0","0","0"
"08X562","X562","8","18","JUNIOR HIGH-INTERMEDIATE-MIDDLE","1","0","0","0","1"
"08X583","X583","8","18","ELEMENTARY","0","0","0","0","0"
"09X004","X004","9","15","K-8","1","0","0","0","1"
"09X011","X011","9","16","ELEMENTARY","0","0","0","0","0"
"09X022","X022","9","16","JUNIOR HIGH-INTERMEDIATE-MIDDLE","0","0","0","0","0"
"09X028","X028","9","15","ELEMENTARY","0","0","0","0","0"
"09X035","X035","9","16","ELEMENTARY","0","0","0","0","0"
"09X042","X042","9","16","ELEMENTARY","0","0","0","0","0"
"09X053","X053","9","16","ELEMENTARY","0","0","0","0","0"
"09X055","X055","9","16","ELEMENTARY","0","0","0","0","0"
"09X058","X058","9","15","ELEMENTARY","0","0","0","0","0"
"09X063","X063","9","16","ELEMENTARY","0","0","0","0","0"
"09X070","X070","9","15","ELEMENTARY","0","0","0","0","0"
"09X073","X073","9","8","ELEMENTARY","0","0","0","0","0"
"09X088","X088","9","16","EARLY CHILDHOOD","0","0","0","0","0"
"09X109","X109","9","14","ELEMENTARY","0","0","0","0","0"
"09X110","X110","9","16","ELEMENTARY","0","0","0","0","0"
"09X114","X114","9","16","ELEMENTARY","0","0","0","0","0"
"09X117","X117","9","14","JUNIOR HIGH-INTERMEDIATE-MIDDLE","1","0","0","0","1"
"09X126","X126","9","16","ELEMENTARY","0","0","0","0","0"
"09X128","X128","9","16","JUNIOR HIGH-INTERMEDIATE-MIDDLE","0","0","0","0","0"
"09X132","X132","9","16","ELEMENTARY","0","0","0","0","0"
"09X163","X163","9","15","ELEMENTARY","0","0","0","0","0"
"09X170","X170","9","14","EARLY CHILDHOOD","0","0","0","0","0"
"09X199","X199","9","16","ELEMENTARY","0","0","0","0","0"
"09X204","X204","9","14","ELEMENTARY","0","0","0","0","0"
"09X215","X215","9","16","JUNIOR HIGH-INTERMEDIATE-MIDDLE","0","0","0","0","0"
"09X218","X218","9","16","K-8","0","0","0","0","0"
"09X219","X219","9","16","JUNIOR HIGH-INTERMEDIATE-MIDDLE","0","0","0","0","0"
"09X227","X227","9","16","HIGH SCHOOL","0","0","0","0","0"
"09X229","X229","9","16","JUNIOR HIGH-INTERMEDIATE-MIDDLE","0","0","0","0","0"
"09X231","X231","9","15","SECONDARY SCHOOL","0","0","0","0","0"
"09X232","X232","9","14","JUNIOR HIGH-INTERMEDIATE-MIDDLE","0","0","0","0","0"
"09X236","X236","9","14","ELEMENTARY","0","0","0","0","0"
"09X241","X241","9","16","SECONDARY SCHOOL","0","0","0","0","0"
"09X250","X250","9","16","HIGH SCHOOL","0","0","0","0","0"
"09X252","X252","9","16","HIGH SCHOOL","0","0","0","0","0"
"09X260","X260","9","16","HIGH SCHOOL","0","0","0","0","0"
"09X263","X263","9","16","HIGH SCHOOL","1","0","0","0","1"
"09X274","X274","9","16","ELEMENTARY","0","0","0","0","0"
"09X294","X294","9","16","ELEMENTARY","0","0","0","0","0"
"09X297","X297","9","16","HIGH SCHOOL","0","0","0","0","0"
"09X303","X303","9","14","JUNIOR HIGH-INTERMEDIATE-MIDDLE","0","0","0","0","0"
"09X311","X311","9","16","ELEMENTARY","0","0","0","0","0"
"09X313","X313","9","16","JUNIOR HIGH-INTERMEDIATE-MIDDLE","0","0","0","0","0"
"09X323","X323","9","16","JUNIOR HIGH-INTERMEDIATE-MIDDLE","1","0","0","0","1"
"09X324","X324","9","16","SECONDARY SCHOOL","0","0","0","0","0"
"09X327","X327","9","14","SECONDARY SCHOOL","0","0","0","0","0"
"09X328","X328","9","16","JUNIOR HIGH-INTERMEDIATE-MIDDLE","0","0","0","0","0"
"09X329","X329","9","16","HIGH SCHOOL","0","0","0","0","0"
"09X339","X339","9","16","JUNIOR HIGH-INTERMEDIATE-MIDDLE","1","0","0","0","1"
"09X350","X350","9","16","SECONDARY SCHOOL","0","0","0","0","0"
"09X361","X361","9","16","JUNIOR HIGH-INTERMEDIATE-MIDDLE","0","0","0","0","0"
"09X365","X365","9","14","HIGH SCHOOL","0","0","0","0","0"
"09X403","X403","9","16","HIGH SCHOOL","0","0","0","0","0"
"09X404","X404","9","16","HIGH SCHOOL","0","0","0","0","0"
"09X412","X412","9","16","HIGH SCHOOL","0","0","0","0","0"
"09X413","X413","9","16","SECONDARY SCHOOL","0","0","0","0","0"
"09X443","X443","9","16","ELEMENTARY","0","0","0","0","0"
"09X449","X449","9","16","ELEMENTARY","0","0","0","0","0"
"09X454","X454","9","16","JUNIOR HIGH-INTERMEDIATE-MIDDLE","0","0","0","0","0"
"09X457","X457","9","16","ELEMENTARY","0","0","0","0","0"
"09X505","X505","9","16","SECONDARY SCHOOL","1","0","0","0","1"
"09X517","X517","9","16","HIGH SCHOOL","1","0","0","0","1"
"09X525","X525","9","15","HIGH SCHOOL","1","0","0","0","1"
"09X543","X543","9","16","HIGH SCHOOL","0","0","0","0","0"
"09X555","X555","9","14","ELEMENTARY","0","0","0","0","0"
"09X564","X564","9","16","HIGH SCHOOL","0","0","0","0","0"
"09X568","X568","9","14","SECONDARY SCHOOL","0","0","0","0","0"
"09X593","X593","9","16","JUNIOR HIGH-INTERMEDIATE-MIDDLE","0","0","0","0","0"
"09X594","X594","9","16","JUNIOR HIGH-INTERMEDIATE-MIDDLE","0","0","0","0","0"
"10X003","X003","10","15","K-8","0","0","0","0","0"
"10X007","X007","10","11","ELEMENTARY","0","0","0","0","0"
"10X008","X008","10","11","ELEMENTARY","0","0","0","0","0"
"10X009","X009","10","15","ELEMENTARY","0","0","0","0","0"
"10X015","X015","10","14","K-8","0","0","0","0","0"
"10X020","X020","10","11","K-8","0","0","0","0","0"
"10X023","X023","10","15","ELEMENTARY","0","0","0","0","0"
"10X024","X024","10","11","ELEMENTARY","0","0","0","0","0"
"10X032","X032","10","15","ELEMENTARY","0","0","0","0","0"
"10X033","X033","10","14","ELEMENTARY","0","0","0","0","0"
"10X037","X037","10","11","K-8","0","0","0","0","0"
"10X045","X045","10","15","JUNIOR HIGH-INTERMEDIATE-MIDDLE","0","0","0","0","0"
"10X046","X046","10","15","ELEMENTARY","0","0","0","0","0"
"10X051","X051","10","15","ELEMENTARY","0","0","0","0","0"
"10X054","X054","10","15","ELEMENTARY","0","0","0","0","0"
"10X056","X056","10","11","ELEMENTARY","0","0","0","0","0"
"10X059","X059","10","15","ELEMENTARY","0","0","0","0","0"
"10X077","X077","10","11","ELEMENTARY","0","0","0","0","0"
"10X080","X080","10","11","JUNIOR HIGH-INTERMEDIATE-MIDDLE","0","0","0","0","0"
"10X081","X081","10","11","ELEMENTARY","0","0","0","0","0"
"10X085","X085","10","15","ELEMENTARY","0","0","0","0","0"
"10X086","X086","10","11","ELEMENTARY","0","0","0","0","0"
"10X091","X091","10","14","ELEMENTARY","0","0","0","0","0"
"10X094","X094","10","11","ELEMENTARY","0","0","0","0","0"
"10X095","X095","10","11","K-8","0","0","0","0","0"
"10X118","X118","10","15","JUNIOR HIGH-INTERMEDIATE-MIDDLE","0","0","0","0","0"
"10X141","X141","10","11","SECONDARY SCHOOL","0","0","0","0","0"
"10X159","X159","10","15","ELEMENTARY","0","0","0","0","0"
"10X205","X205","10","15","ELEMENTARY","0","0","0","0","0"
"10X206","X206","10","14","JUNIOR HIGH-INTERMEDIATE-MIDDLE","0","0","0","0","0"
"10X207","X207","10","11","ELEMENTARY","0","0","0","0","0"
"10X209","X209","10","15","EARLY CHILDHOOD","0","0","0","0","0"
"10X213","X213","10","10","HIGH SCHOOL","0","0","0","0","0"
"10X225","X225","10","15","SECONDARY SCHOOL","1","0","0","0","1"
"10X226","X226","10","14","ELEMENTARY","0","0","0","0","0"
"10X228","X228","10","15","JUNIOR HIGH-INTERMEDIATE-MIDDLE","0","0","0","0","0"
"10X237","X237","10","14","HIGH SCHOOL","1","0","0","0","1"
"10X243","X243","10","15","SECONDARY SCHOOL","0","0","0","0","0"
"10X244","X244","10","14","JUNIOR HIGH-INTERMEDIATE-MIDDLE","0","0","0","0","0"
"10X246","X246","10","14","ELEMENTARY","0","0","0","0","0"
"10X254","X254","10","15","JUNIOR HIGH-INTERMEDIATE-MIDDLE","0","0","0","0","0"
"10X264","X264","10","15","HIGH SCHOOL","0","0","0","0","0"
"10X268","X268","10","11","HIGH SCHOOL","0","0","0","0","0"
"10X279","X279","10","14","K-8","0","0","0","0","0"
"10X280","X280","10","11","K-8","0","0","0","0","0"
"10X284","X284","10","10","HIGH SCHOOL","0","0","0","0","0"
"10X291","X291","10","14","ELEMENTARY","0","0","0","0","0"
"10X306","X306","10","14","ELEMENTARY","0","0","0","0","0"
"10X307","X307","10","14","ELEMENTARY","0","0","0","0","0"
"10X308","X308","10","11","JUNIOR HIGH-INTERMEDIATE-MIDDLE","0","0","0","0","0"
"10X310","X310","10","14","ELEMENTARY","0","0","0","0","0"
"10X315","X315","10","14","K-8","0","0","0","0","0"
"10X319","X319","10","15","HIGH SCHOOL","0","0","0","0","0"
"10X331","X331","10","14","JUNIOR HIGH-INTERMEDIATE-MIDDLE","0","0","0","0","0"
"10X340","X340","10","11","ELEMENTARY","0","0","0","0","0"
"10X342","X342","10","11","SECONDARY SCHOOL","0","0","0","0","0"
"10X344","X344","10","11","ELEMENTARY","0","0","0","0","0"
"10X351","X351","10","11","HIGH SCHOOL","0","0","0","0","0"
"10X353","X353","10","11","HIGH SCHOOL","0","0","0","0","0"
"10X360","X360","10","14","ELEMENTARY","0","0","0","0","0"
"10X363","X363","10","14","JUNIOR HIGH-INTERMEDIATE-MIDDLE","0","0","0","0","0"
"10X368","X368","10","11","SECONDARY SCHOOL","0","0","0","0","0"
"10X374","X374","10","15","HIGH SCHOOL","0","0","0","0","0"
"10X382","X382","10","14","ELEMENTARY","0","0","0","0","0"
"10X386","X386","10","14","ELEMENTARY","0","0","0","0","0"
"10X390","X390","10","14","JUNIOR HIGH-INTERMEDIATE-MIDDLE","0","0","0","0","0"
"10X391","X391","10","15","JUNIOR HIGH-INTERMEDIATE-MIDDLE","0","0","0","0","0"
"10X396","X396","10","14","ELEMENTARY","0","0","0","0","0"
"10X397","X397","10","10","HIGH SCHOOL","0","0","0","0","0"
"10X433","X433","10","11","HIGH SCHOOL","0","0","0","0","0"
"10X434","X434","10","15","HIGH SCHOOL","0","0","0","0","0"
"10X437","X437","10","15","HIGH SCHOOL","0","0","0","0","0"
"10X438","X438","10","15","HIGH SCHOOL","0","0","0","0","0"
"10X439","X439","10","15","HIGH SCHOOL","1","0","0","0","1"
"10X440","X440","10","11","HIGH SCHOOL","2","0","0","0","2"
"10X442","X442","10","11","HIGH SCHOOL","0","0","0","0","0"
"10X445","X445","10","11","HIGH SCHOOL","0","0","0","0","0"
"10X447","X447","10","14","JUNIOR HIGH-INTERMEDIATE-MIDDLE","0","0","0","0","0"
"10X477","X477","10","10","HIGH SCHOOL","0","0","0","0","0"
"10X524","X524","10","15","HIGH SCHOOL","0","0","0","0","0"
"10X546","X546","10","10","HIGH SCHOOL","0","0","0","0","0"
"10X549","X549","10","11","HIGH SCHOOL","0","0","0","0","0"
"10X565","X565","10","15","HIGH SCHOOL","0","0","0","0","0"
"10X696","X696","10","11","HIGH SCHOOL","0","0","0","0","0"
"11X016","X016","11","11","ELEMENTARY","0","0","0","0","0"
"11X019","X019","11","11","K-8","0","0","0","0","0"
"11X021","X021","11","12","ELEMENTARY","0","0","0","0","0"
"11X041","X041","11","12","ELEMENTARY","0","0","0","0","0"
"11X068","X068","11","12","ELEMENTARY","0","0","0","0","0"
"11X076","X076","11","12","ELEMENTARY","0","0","0","0","0"
"11X078","X078","11","12","ELEMENTARY","0","0","0","0","0"
"11X083","X083","11","13","K-8","0","0","0","0","0"
"11X087","X087","11","12","ELEMENTARY","0","0","0","0","0"
"11X089","X089","11","13","K-8","0","0","0","0","0"
"11X096","X096","11","15","ELEMENTARY","0","0","0","0","0"
"11X097","X097","11","13","ELEMENTARY","0","0","0","0","0"
"11X103","X103","11","12","ELEMENTARY","0","0","0","0","0"
"11X105","X105","11","13","ELEMENTARY","0","0","0","0","0"
"11X106","X106","11","18","ELEMENTARY","0","0","0","0","0"
"11X108","X108","11","13","ELEMENTARY","0","0","0","0","0"
"11X111","X111","11","12","ELEMENTARY","0","0","0","0","0"
"11X112","X112","11","12","ELEMENTARY","0","0","0","0","0"
"11X121","X121","11","13","ELEMENTARY","0","0","0","0","0"
"11X127","X127","11","18","JUNIOR HIGH-INTERMEDIATE-MIDDLE","0","0","0","0","0"
"11X144","X144","11","13","JUNIOR HIGH-INTERMEDIATE-MIDDLE","0","0","0","0","0"
"11X153","X153","11","12","ELEMENTARY","0","0","0","0","0"
"11X160","X160","11","12","ELEMENTARY","0","0","0","0","0"
"11X169","X169","11","12","ELEMENTARY","0","0","0","0","0"
"11X175","X175","11","13","K-8","0","0","0","0","0"
"11X178","X178","11","12","ELEMENTARY","0","0","0","0","0"
"11X180","X180","11","12","JUNIOR HIGH-INTERMEDIATE-MIDDLE","0","0","0","0","0"
"11X181","X181","11","12","JUNIOR HIGH-INTERMEDIATE-MIDDLE","0","0","0","0","0"
"11X189","X189","11","12","ELEMENTARY","0","0","0","0","0"
"11X194","X194","11","18","K-8","1","0","0","0","1"
"11X249","X249","11","12","HIGH SCHOOL","0","0","0","0","0"
"11X253","X253","11","12","HIGH SCHOOL","0","0","0","0","0"
"11X265","X265","11","12","HIGH SCHOOL","0","0","0","0","0"
"11X270","X270","11","12","HIGH SCHOOL","0","0","0","0","0"
"11X275","X275","11","12","HIGH SCHOOL","0","0","0","0","0"
"11X287","X287","11","12","JUNIOR HIGH-INTERMEDIATE-MIDDLE","0","0","0","0","0"
"11X288","X288","11","13","HIGH SCHOOL","0","0","0","0","0"
"11X290","X290","11","12","HIGH SCHOOL","0","0","0","0","0"
"11X299","X299","11","13","HIGH SCHOOL","0","0","0","0","0"
"11X326","X326","11","13","JUNIOR HIGH-INTERMEDIATE-MIDDLE","0","0","0","0","0"
"11X355","X355","11","12","JUNIOR HIGH-INTERMEDIATE-MIDDLE","0","0","0","0","0"
"11X357","X357","11","13","ELEMENTARY","0","0","0","0","0"
"11X370","X370","11","12","JUNIOR HIGH-INTERMEDIATE-MIDDLE","0","0","0","0","0"
"11X418","X418","11","13","HIGH SCHOOL","0","0","0","0","0"
"11X455","X455","11","12","HIGH SCHOOL","1","0","0","0","1"
"11X462","X462","11","12","JUNIOR HIGH-INTERMEDIATE-MIDDLE","0","0","0","0","0"
"11X468","X468","11","13","JUNIOR HIGH-INTERMEDIATE-MIDDLE","0","0","0","0","0"
"11X481","X481","11","13","ELEMENTARY","0","0","0","0","0"
"11X483","X483","11","11","ELEMENTARY","0","0","0","0","0"
"11X498","X498","11","13","K-8","0","0","0","0","0"
"11X508","X508","11","13","HIGH SCHOOL","0","0","0","0","0"
"11X509","X509","11","13","HIGH SCHOOL","0","0","0","0","0"
"11X513","X513","11","12","HIGH SCHOOL","0","0","0","0","0"
"11X514","X514","11","12","HIGH SCHOOL","0","0","0","0","0"
"11X529","X529","11","12","JUNIOR HIGH-INTERMEDIATE-MIDDLE","0","0","0","0","0"
"11X532","X532","11","12","JUNIOR HIGH-INTERMEDIATE-MIDDLE","0","0","0","0","0"
"11X542","X542","11","13","HIGH SCHOOL","0","0","0","0","0"
"11X544","X544","11","12","HIGH SCHOOL","0","0","0","0","0"
"11X545","X545","11","12","HIGH SCHOOL","1","0","0","0","1"
"11X556","X556","11","13","JUNIOR HIGH-INTERMEDIATE-MIDDLE","0","0","0","0","0"
"11X566","X566","11","13","JUNIOR HIGH-INTERMEDIATE-MIDDLE","0","0","0","0","0"
"11X567","X567","11","18","ELEMENTARY","0","0","0","0","0"
"12X006","X006","12","17","ELEMENTARY","0","0","0","0","0"
"12X044","X044","12","17","ELEMENTARY","0","0","0","0","0"
"12X047","X047","12","18","ELEMENTARY","0","0","0","0","0"
"12X057","X057","12","15","ELEMENTARY","0","0","0","0","0"
"12X061","X061","12","17","ELEMENTARY","0","0","0","0","0"
"12X066","X066","12","17","ELEMENTARY","0","0","0","0","0"
"12X067","X067","12","17","ELEMENTARY","0","0","0","0","0"
"12X098","X098","12","17","JUNIOR HIGH-INTERMEDIATE-MIDDLE","0","0","0","0","0"
"12X129","X129","12","15","JUNIOR HIGH-INTERMEDIATE-MIDDLE","1","0","0","0","1"
"12X134","X134","12","17","ELEMENTARY","0","0","0","0","0"
"12X150","X150","12","17","ELEMENTARY","0","0","0","0","0"
"12X190","X190","12","17","JUNIOR HIGH-INTERMEDIATE-MIDDLE","0","0","0","0","0"
"12X195","X195","12","18","ELEMENTARY","0","0","0","0","0"
"12X196","X196","12","18","ELEMENTARY","0","0","0","0","0"
"12X211","X211","12","17","K-8","0","0","0","0","0"
"12X212","X212","12","17","K-8","0","0","0","0","0"
"12X214","X214","12","17","K-8","0","0","0","0","0"
"12X217","X217","12","17","JUNIOR HIGH-INTERMEDIATE-MIDDLE","0","0","0","0","0"
"12X242","X242","12","18","SECONDARY SCHOOL","0","0","0","0","0"
"12X248","X248","12","17","HIGH SCHOOL","0","0","0","0","0"
"12X251","X251","12","17","HIGH SCHOOL","0","0","0","0","0"
"12X267","X267","12","16","SECONDARY SCHOOL","0","0","0","0","0"
"12X271","X271","12","17","SECONDARY SCHOOL","1","0","0","0","1"
"12X273","X273","12","15","JUNIOR HIGH-INTERMEDIATE-MIDDLE","0","0","0","0","0"
"12X286","X286","12","17","JUNIOR HIGH-INTERMEDIATE-MIDDLE","0","0","0","0","0"
"12X300","X300","12","15","ELEMENTARY","0","0","0","0","0"
"12X314","X314","12","17","ELEMENTARY","0","0","0","0","0"
"12X316","X316","12","15","JUNIOR HIGH-INTERMEDIATE-MIDDLE","0","0","0","0","0"
"12X318","X318","12","17","JUNIOR HIGH-INTERMEDIATE-MIDDLE","0","0","0","0","0"
"12X341","X341","12","17","JUNIOR HIGH-INTERMEDIATE-MIDDLE","0","0","0","0","0"
"12X383","X383","12","17","JUNIOR HIGH-INTERMEDIATE-MIDDLE","0","0","0","0","0"
"12X388","X388","12","18","HIGH SCHOOL","1","0","0","0","1"
"12X446","X446","12","17","HIGH SCHOOL","0","0","0","0","0"
"12X458","X458","12","17","ELEMENTARY","0","0","0","0","0"
"12X463","X463","12","17","ELEMENTARY","0","0","0","0","0"
"12X478","X478","12","18","HIGH SCHOOL","0","0","0","0","0"
"12X479","X479","12","16","HIGH SCHOOL","0","0","0","0","0"
"12X480","X480","12","17","HIGH SCHOOL","0","0","0","0","0"
"12X511","X511","12","17","HIGH SCHOOL","0","0","0","0","0"
"12X521","X521","12","18","HIGH SCHOOL","0","0","0","0","0"
"12X531","X531","12","18","ELEMENTARY","0","0","0","0","0"
"12X536","X536","12","18","ELEMENTARY","0","0","0","0","0"
"12X550","X550","12","18","HIGH SCHOOL","0","0","0","0","0"
"12X595","X595","12","17","ELEMENTARY","0","0","0","0","0"
"12X682","X682","12","17","HIGH SCHOOL","0","0","0","0","0"
"12X684","X684","12","15","HIGH SCHOOL","0","0","0","0","0"
"12X691","X691","12","18","ELEMENTARY","0","0","0","0","0"
"13K003","K003","13","36","ELEMENTARY","0","0","0","0","0"
"13K008","K008","13","33","ELEMENTARY","0","0","0","0","0"
"13K009","K009","13","35","ELEMENTARY","0","0","0","0","0"
"13K011","K011","13","35","ELEMENTARY","0","0","0","0","0"
"13K020","K020","13","35","ELEMENTARY","0","0","0","0","0"
"13K044","K044","13","36","ELEMENTARY","0","0","0","0","0"
"13K046","K046","13","35","ELEMENTARY","0","0","0","0","0"
"13K054","K054","13","33","ELEMENTARY","0","0","0","0","0"
"13K056","K056","13","35","ELEMENTARY","0","0","0","0","0"
"13K067","K067","13","35","ELEMENTARY","0","0","0","0","0"
"13K093","K093","13","36","ELEMENTARY","0","0","0","0","0"
"13K113","K113","13","35","JUNIOR HIGH-INTERMEDIATE-MIDDLE","0","0","0","0","0"
"13K133","K133","13","39","ELEMENTARY","0","0","0","0","0"
"13K256","K256","13","36","ELEMENTARY","0","0","0","0","0"
"13K265","K265","13","35","SECONDARY SCHOOL","0","0","0","0","0"
"13K266","K266","13","39","JUNIOR HIGH-INTERMEDIATE-MIDDLE","0","0","0","0","0"
"13K270","K270","13","35","ELEMENTARY","0","0","0","0","0"
"13K282","K282","13","39","K-8","0","0","0","0","0"
"13K287","K287","13","35","ELEMENTARY","0","0","0","0","0"
"13K301","K301","13","36","JUNIOR HIGH-INTERMEDIATE-MIDDLE","0","0","0","0","0"
"13K305","K305","13","36","ELEMENTARY","0","0","0","0","0"
"13K307","K307","13","33","ELEMENTARY","0","0","0","0","0"
"13K313","K313","13","33","JUNIOR HIGH-INTERMEDIATE-MIDDLE","0","0","0","0","0"
"13K350","K350","13","33","HIGH SCHOOL","0","0","0","0","0"
"13K351","K351","13","35","JUNIOR HIGH-INTERMEDIATE-MIDDLE","0","0","0","0","0"
"13K412","K412","13","33","HIGH SCHOOL","0","0","0","0","0"
"13K419","K419","13","33","HIGH SCHOOL","0","0","0","0","0"
"13K430","K430","13","35","HIGH SCHOOL","4","0","0","0","4"
"13K439","K439","13","33","HIGH SCHOOL","0","0","0","0","0"
"13K483","K483","13","33","HIGH SCHOOL","0","0","0","0","0"
"13K492","K492","13","35","K-8","0","0","0","0","0"
"13K499","K499","13","35","HIGH SCHOOL","0","0","0","0","0"
"13K527","K527","13","33","SECONDARY SCHOOL","0","0","0","0","0"
"13K553","K553","13","36","HIGH SCHOOL","0","0","0","0","0"
"13K594","K594","13","35","HIGH SCHOOL","0","0","0","0","0"
"13K595","K595","13","36","HIGH SCHOOL","0","0","0","0","0"
"13K605","K605","13","33","HIGH SCHOOL","0","0","0","0","0"
"13K616","K616","13","33","HIGH SCHOOL","0","0","0","0","0"
"13K670","K670","13","35","HIGH SCHOOL","1","0","0","0","1"
"13K674","K674","13","33","HIGH SCHOOL","0","0","0","0","0"
"13K691","K691","13","35","JUNIOR HIGH-INTERMEDIATE-MIDDLE","0","0","0","0","0"
"13K915","K915","13","33","JUNIOR HIGH-INTERMEDIATE-MIDDLE","0","0","0","0","0"
"14K016","K016","14","33","ELEMENTARY","0","0","0","0","0"
"14K017","K017","14","34","ELEMENTARY","0","0","0","0","0"
"14K018","K018","14","34","ELEMENTARY","0","0","0","0","0"
"14K023","K023","14","36","ELEMENTARY","0","0","0","0","0"
"14K031","K031","14","33","ELEMENTARY","0","0","0","0","0"
"14K034","K034","14","33","ELEMENTARY","0","0","0","0","0"
"14K050","K050","14","34","JUNIOR HIGH-INTERMEDIATE-MIDDLE","0","0","0","0","0"
"14K059","K059","14","36","ELEMENTARY","0","0","0","0","0"
"14K071","K071","14","33","SECONDARY SCHOOL","0","0","0","0","0"
"14K084","K084","14","34","K-8","0","0","0","0","0"
"14K110","K110","14","33","ELEMENTARY","0","0","0","0","0"
"14K120","K120","14","34","ELEMENTARY","0","0","0","0","0"
"14K126","K126","14","33","JUNIOR HIGH-INTERMEDIATE-MIDDLE","0","0","0","0","0"
"14K132","K132","14","34","ELEMENTARY","0","0","0","0","0"
"14K147","K147","14","34","ELEMENTARY","0","0","0","0","0"
"14K157","K157","14","33","K-8","0","0","0","0","0"
"14K196","K196","14","34","ELEMENTARY","0","0","0","0","0"
"14K250","K250","14","34","ELEMENTARY","0","0","0","0","0"
"14K257","K257","14","34","ELEMENTARY","0","0","0","0","0"
"14K297","K297","14","36","ELEMENTARY","0","0","0","0","0"
"14K318","K318","14","33","JUNIOR HIGH-INTERMEDIATE-MIDDLE","0","0","0","0","0"
"14K319","K319","14","34","EARLY CHILDHOOD","0","0","0","0","0"
"14K380","K380","14","33","ELEMENTARY","0","0","0","0","0"
"14K414","K414","14","34","ELEMENTARY","0","0","0","0","0"
"14K449","K449","14","34","HIGH SCHOOL","0","0","0","0","0"
"14K454","K454","14","34","HIGH SCHOOL","0","0","0","0","0"
"14K474","K474","14","34","HIGH SCHOOL","0","0","0","0","0"
"14K477","K477","14","34","HIGH SCHOOL","0","0","0","0","0"
"14K478","K478","14","34","HIGH SCHOOL","0","0","0","0","0"
"14K488","K488","14","33","HIGH SCHOOL","0","0","0","0","0"
"14K558","K558","14","33","HIGH SCHOOL","0","0","0","0","0"
"14K561","K561","14","33","HIGH SCHOOL","0","0","0","0","0"
"14K577","K577","14","34","JUNIOR HIGH-INTERMEDIATE-MIDDLE","0","0","0","0","0"
"14K582","K582","14","34","JUNIOR HIGH-INTERMEDIATE-MIDDLE","0","0","0","0","0"
"14K586","K586","14","34","SECONDARY SCHOOL","0","0","0","0","0"
"14K610","K610","14","33","HIGH SCHOOL","0","0","0","0","0"
"14K614","K614","14","34","SECONDARY SCHOOL","0","0","0","0","0"
"14K685","K685","14","33","HIGH SCHOOL","0","0","0","0","0"
"15K001","K001","15","38","ELEMENTARY","0","0","0","0","0"
"15K010","K010","15","38","ELEMENTARY","0","0","0","0","0"
"15K015","K015","15","38","ELEMENTARY","0","0","0","0","0"
"15K024","K024","15","38","ELEMENTARY","0","0","0","0","0"
"15K029","K029","15","39","ELEMENTARY","0","0","0","0","0"
"15K032","K032","15","39","ELEMENTARY","0","0","0","0","0"
"15K038","K038","15","33","ELEMENTARY","0","0","0","0","0"
"15K039","K039","15","39","ELEMENTARY","0","0","0","0","0"
"15K051","K051","15","39","JUNIOR HIGH-INTERMEDIATE-MIDDLE","0","0","0","0","0"
"15K058","K058","15","39","ELEMENTARY","0","0","0","0","0"
"15K088","K088","15","38","JUNIOR HIGH-INTERMEDIATE-MIDDLE","0","0","0","0","0"
"15K094","K094","15","38","ELEMENTARY","0","0","0","0","0"
"15K107","K107","15","39","ELEMENTARY","0","0","0","0","0"
"15K118","K118","15","39","ELEMENTARY","0","0","0","0","0"
"15K124","K124","15","39","ELEMENTARY","0","0","0","0","0"
"15K130","K130","15","39","ELEMENTARY","0","0","0","0","0"
"15K131","K131","15","39","ELEMENTARY","0","0","0","0","0"
"15K136","K136","15","38","JUNIOR HIGH-INTERMEDIATE-MIDDLE","0","0","0","0","0"
"15K146","K146","15","39","ELEMENTARY","0","0","0","0","0"
"15K154","K154","15","39","ELEMENTARY","0","0","0","0","0"
"15K169","K169","15","38","ELEMENTARY","0","0","0","0","0"
"15K172","K172","15","38","ELEMENTARY","0","0","0","0","0"
"15K230","K230","15","39","ELEMENTARY","0","0","0","0","0"
"15K261","K261","15","33","ELEMENTARY","0","0","0","0","0"
"15K295","K295","15","38","ELEMENTARY","0","0","0","0","0"
"15K321","K321","15","39","ELEMENTARY","0","0","0","0","0"
"15K423","K423","15","33","HIGH SCHOOL","0","0","0","0","0"
"15K429","K429","15","33","HIGH SCHOOL","0","0","0","0","0"
"15K442","K442","15","38","JUNIOR HIGH-INTERMEDIATE-MIDDLE","0","0","0","0","0"
"15K443","K443","15","38","JUNIOR HIGH-INTERMEDIATE-MIDDLE","0","0","0","0","0"
"15K447","K447","15","33","JUNIOR HIGH-INTERMEDIATE-MIDDLE","0","0","0","0","0"
"15K448","K448","15","39","SECONDARY SCHOOL","0","0","0","0","0"
"15K462","K462","15","39","HIGH SCHOOL","0","0","0","0","0"
"15K463","K463","15","39","HIGH SCHOOL","0","0","0","0","0"
"15K464","K464","15","39","SECONDARY SCHOOL","0","0","0","0","0"
"15K497","K497","15","33","SECONDARY SCHOOL","0","0","0","0","0"
"15K516","K516","15","38","ELEMENTARY","0","0","0","0","0"
"15K519","K519","15","33","HIGH SCHOOL","0","0","0","0","0"
"15K529","K529","15","39","HIGH SCHOOL","0","0","0","0","0"
"15K592","K592","15","33","HIGH SCHOOL","0","0","0","0","0"
"15K656","K656","15","33","HIGH SCHOOL","0","0","0","0","0"
"15K667","K667","15","38","HIGH SCHOOL","1","0","0","0","1"
"15K676","K676","15","38","ELEMENTARY","0","0","0","0","0"
"15K684","K684","15","39","HIGH SCHOOL","0","0","0","0","0"
"15K698","K698","15","38","HIGH SCHOOL","0","0","0","0","0"
"15K821","K821","15","38","JUNIOR HIGH-INTERMEDIATE-MIDDLE","0","0","0","0","0"
"15K839","K839","15","39","JUNIOR HIGH-INTERMEDIATE-MIDDLE","0","0","0","0","0"
"15K896","K896","15","38","ELEMENTARY","0","0","0","0","0"
"16K005","K005","16","41","ELEMENTARY","0","0","0","0","0"
"16K021","K021","16","36","ELEMENTARY","0","0","0","0","0"
"16K025","K025","16","36","ELEMENTARY","0","0","0","0","0"
"16K026","K026","16","36","ELEMENTARY","0","0","0","0","0"
"16K028","K028","16","41","ELEMENTARY","0","0","0","0","0"
"16K035","K035","16","36","JUNIOR HIGH-INTERMEDIATE-MIDDLE","0","0","0","0","0"
"16K040","K040","16","41","ELEMENTARY","0","0","0","0","0"
"16K057","K057","16","36","JUNIOR HIGH-INTERMEDIATE-MIDDLE","0","0","0","0","0"
"16K081","K081","16","36","ELEMENTARY","0","0","0","0","0"
"16K243","K243","16","36","ELEMENTARY","0","0","0","0","0"
"16K262","K262","16","36","ELEMENTARY","0","0","0","0","0"
"16K267","K267","16","36","JUNIOR HIGH-INTERMEDIATE-MIDDLE","0","0","0","0","0"
"16K308","K308","16","36","K-8","0","0","0","0","0"
"16K309","K309","16","41","ELEMENTARY","0","0","0","0","0"
"16K335","K335","16","36","ELEMENTARY","0","0","0","0","0"
"16K455","K455","16","36","HIGH SCHOOL","0","0","0","0","0"
"16K498","K498","16","41","HIGH SCHOOL","0","0","0","0","0"
"16K627","K627","16","36","ELEMENTARY","0","0","0","0","0"
"16K628","K628","16","36","ELEMENTARY","0","0","0","0","0"
"16K669","K669","16","36","HIGH SCHOOL","0","0","0","0","0"
"16K681","K681","16","36","JUNIOR HIGH-INTERMEDIATE-MIDDLE","0","0","0","0","0"
"16K688","K688","16","36","HIGH SCHOOL","0","0","0","0","0"
"16K765","K765","16","36","HIGH SCHOOL","0","0","0","0","0"
"16K898","K898","16","36","JUNIOR HIGH-INTERMEDIATE-MIDDLE","0","0","0","0","0"
"17K002","K002","17","40","JUNIOR HIGH-INTERMEDIATE-MIDDLE","0","0","0","0","0"
"17K006","K006","17","40","ELEMENTARY","0","0","0","0","0"
"17K012","K012","17","41","ELEMENTARY","0","0","0","0","0"
"17K061","K061","17","40","JUNIOR HIGH-INTERMEDIATE-MIDDLE","1","0","0","0","1"
"17K091","K091","17","41","ELEMENTARY","0","0","0","0","0"
"17K092","K092","17","40","ELEMENTARY","0","0","0","0","0"
"17K122","K122","17","36","HIGH SCHOOL","0","0","0","0","0"
"17K138","K138","17","36","K-8","0","0","0","0","0"
"17K161","K161","17","35","ELEMENTARY","0","0","0","0","0"
"17K181","K181","17","45","K-8","0","0","0","0","0"
"17K189","K189","17","41","K-8","0","0","0","0","0"
"17K191","K191","17","41","ELEMENTARY","0","0","0","0","0"
"17K221","K221","17","35","ELEMENTARY","0","0","0","0","0"
"17K241","K241","17","35","ELEMENTARY","0","0","0","0","0"
"17K246","K246","17","40","JUNIOR HIGH-INTERMEDIATE-MIDDLE","0","0","0","0","0"
"17K249","K249","17","40","ELEMENTARY","0","0","0","0","0"
"17K289","K289","17","36","ELEMENTARY","0","0","0","0","0"
"17K316","K316","17","35","ELEMENTARY","0","0","0","0","0"
"17K340","K340","17","35","JUNIOR HIGH-INTERMEDIATE-MIDDLE","0","0","0","0","0"
"17K352","K352","17","35","JUNIOR HIGH-INTERMEDIATE-MIDDLE","0","0","0","0","0"
"17K353","K353","17","35","JUNIOR HIGH-INTERMEDIATE-MIDDLE","0","0","0","0","0"
"17K354","K354","17","36","JUNIOR HIGH-INTERMEDIATE-MIDDLE","0","0","0","0","0"
"17K375","K375","17","35","ELEMENTARY","0","0","0","0","0"
"17K382","K382","17","40","SECONDARY SCHOOL","0","0","0","0","0"
"17K394","K394","17","36","K-8","0","0","0","0","0"
"17K397","K397","17","40","ELEMENTARY","0","0","0","0","0"
"17K398","K398","17","41","ELEMENTARY","0","0","0","0","0"
"17K399","K399","17","40","ELEMENTARY","0","0","0","0","0"
"17K408","K408","17","40","HIGH SCHOOL","0","0","0","0","0"
"17K484","K484","17","41","JUNIOR HIGH-INTERMEDIATE-MIDDLE","0","0","0","0","0"
"17K524","K524","17","35","HIGH SCHOOL","0","0","0","0","0"
"17K528","K528","17","35","HIGH SCHOOL","0","0","0","0","0"
"17K531","K531","17","40","HIGH SCHOOL","0","0","0","0","0"
"17K532","K532","17","35","ELEMENTARY","0","0","0","0","0"
"17K537","K537","17","40","HIGH SCHOOL","0","0","0","0","0"
"17K539","K539","17","40","HIGH SCHOOL","0","0","0","0","0"
"17K543","K543","17","40","SECONDARY SCHOOL","0","0","0","0","0"
"17K546","K546","17","40","HIGH SCHOOL","1","0","0","0","1"
"17K547","K547","17","35","HIGH SCHOOL","0","0","0","0","0"
"17K548","K548","17","35","HIGH SCHOOL","0","0","0","0","0"
"17K568","K568","17","41","HIGH SCHOOL","0","0","0","0","0"
"17K590","K590","17","35","SECONDARY SCHOOL","0","0","0","0","0"
"17K600","K600","17","35","HIGH SCHOOL","0","0","0","0","0"
"17K646","K646","17","35","HIGH SCHOOL","0","0","0","0","0"
"17K705","K705","17","35","ELEMENTARY","0","0","0","0","0"
"17K722","K722","17","41","JUNIOR HIGH-INTERMEDIATE-MIDDLE","0","0","0","0","0"
"17K745","K745","17","40","HIGH SCHOOL","0","0","0","0","0"
"17K751","K751","17","36","HIGH SCHOOL","0","0","0","0","0"
"17K770","K770","17","41","ELEMENTARY","0","0","0","0","0"
"18K066","K066","18","42","K-8","0","0","0","0","0"
"18K068","K068","18","46","JUNIOR HIGH-INTERMEDIATE-MIDDLE","0","0","0","0","0"
"18K114","K114","18","46","ELEMENTARY","0","0","0","0","0"
"18K115","K115","18","46","ELEMENTARY","0","0","0","0","0"
"18K135","K135","18","41","ELEMENTARY","0","0","0","0","0"
"18K208","K208","18","45","ELEMENTARY","0","0","0","0","0"
"18K211","K211","18","46","JUNIOR HIGH-INTERMEDIATE-MIDDLE","0","0","0","0","0"
"18K219","K219","18","41","ELEMENTARY","0","0","0","0","0"
"18K233","K233","18","42","ELEMENTARY","0","0","0","0","0"
"18K235","K235","18","41","K-8","0","0","0","0","0"
"18K244","K244","18","45","ELEMENTARY","0","0","0","0","0"
"18K268","K268","18","41","ELEMENTARY","0","0","0","0","0"
"18K272","K272","18","46","ELEMENTARY","0","0","0","0","0"
"18K276","K276","18","46","ELEMENTARY","0","0","0","0","0"
"18K279","K279","18","46","ELEMENTARY","0","0","0","0","0"
"18K285","K285","18","45","JUNIOR HIGH-INTERMEDIATE-MIDDLE","1","0","0","0","1"
"18K366","K366","18","46","JUNIOR HIGH-INTERMEDIATE-MIDDLE","0","0","0","0","0"
"18K563","K563","18","45","HIGH SCHOOL","0","0","0","0","0"
"18K566","K566","18","46","HIGH SCHOOL","0","0","0","0","0"
"18K567","K567","18","46","HIGH SCHOOL","0","0","0","0","0"
"18K569","K569","18","45","HIGH SCHOOL","0","0","0","0","0"
"18K576","K576","18","46","HIGH SCHOOL","0","0","0","0","0"
"18K578","K578","18","46","HIGH SCHOOL","0","0","0","0","0"
"18K581","K581","18","41","JUNIOR HIGH-INTERMEDIATE-MIDDLE","0","0","0","0","0"
"18K588","K588","18","41","JUNIOR HIGH-INTERMEDIATE-MIDDLE","0","0","0","0","0"
"18K617","K617","18","46","HIGH SCHOOL","0","0","0","0","0"
"18K629","K629","18","45","HIGH SCHOOL","0","0","0","0","0"
"18K633","K633","18","46","HIGH SCHOOL","1","0","0","0","1"
"18K635","K635","18","46","HIGH SCHOOL","0","0","0","0","0"
"18K637","K637","18","46","HIGH SCHOOL","0","0","0","0","0"
"18K642","K642","18","46","HIGH SCHOOL","0","0","0","0","0"
"18K673","K673","18","41","HIGH SCHOOL","0","0","0","0","0"
"18K763","K763","18","45","JUNIOR HIGH-INTERMEDIATE-MIDDLE","0","0","0","0","0"
"19K007","K007","19","37","ELEMENTARY","0","0","0","0","0"
"19K013","K013","19","42","ELEMENTARY","0","0","0","0","0"
"19K065","K065","19","37","ELEMENTARY","0","0","0","0","0"
"19K089","K089","19","37","K-8","0","0","0","0","0"
"19K108","K108","19","37","ELEMENTARY","0","0","0","0","0"
"19K149","K149","19","42","ELEMENTARY","0","0","0","0","0"
"19K158","K158","19","37","ELEMENTARY","0","0","0","0","0"
"19K159","K159","19","42","ELEMENTARY","0","0","0","0","0"
"19K171","K171","19","37","JUNIOR HIGH-INTERMEDIATE-MIDDLE","0","0","0","0","0"
"19K190","K190","19","42","ELEMENTARY","0","0","0","0","0"
"19K202","K202","19","42","ELEMENTARY","0","0","0","0","0"
"19K213","K213","19","42","ELEMENTARY","0","0","0","0","0"
"19K214","K214","19","37","ELEMENTARY","1","0","0","0","1"
"19K218","K218","19","42","JUNIOR HIGH-INTERMEDIATE-MIDDLE","1","0","0","0","1"
"19K224","K224","19","42","ELEMENTARY","0","0","0","0","0"
"19K273","K273","19","42","ELEMENTARY","0","0","0","0","0"
"19K290","K290","19","37","ELEMENTARY","0","0","0","0","0"
"19K292","K292","19","42","JUNIOR HIGH-INTERMEDIATE-MIDDLE","0","0","0","0","0"
"19K306","K306","19","42","ELEMENTARY","0","0","0","0","0"
"19K325","K325","19","42","ELEMENTARY","0","0","0","0","0"
"19K328","K328","19","42","ELEMENTARY","0","0","0","0","0"
"19K345","K345","19","37","ELEMENTARY","0","0","0","0","0"
"19K346","K346","19","42","ELEMENTARY","0","0","0","0","0"
"19K364","K364","19","42","JUNIOR HIGH-INTERMEDIATE-MIDDLE","0","0","0","0","0"
"19K404","K404","19","42","SECONDARY SCHOOL","0","0","0","0","0"
"19K409","K409","19","42","SECONDARY SCHOOL","0","0","0","0","0"
"19K422","K422","19","42","SECONDARY SCHOOL","0","0","0","0","0"
"19K452","K452","19","42","JUNIOR HIGH-INTERMEDIATE-MIDDLE","0","0","0","0","0"
"19K502","K502","19","42","HIGH SCHOOL","0","0","0","0","0"
"19K504","K504","19","42","HIGH SCHOOL","0","0","0","0","0"
"19K507","K507","19","42","HIGH SCHOOL","0","0","0","0","0"
"19K510","K510","19","42","HIGH SCHOOL","0","0","0","0","0"
"19K557","K557","19","42","ELEMENTARY","0","0","0","0","0"
"19K583","K583","19","37","HIGH SCHOOL","0","0","0","0","0"
"19K615","K615","19","37","HIGH SCHOOL","0","0","0","0","0"
"19K618","K618","19","37","HIGH SCHOOL","0","0","0","0","0"
"19K639","K639","19","37","HIGH SCHOOL","0","0","0","0","0"
"19K654","K654","19","42","JUNIOR HIGH-INTERMEDIATE-MIDDLE","0","0","0","0","0"
"19K659","K659","19","37","HIGH SCHOOL","0","0","0","0","0"
"19K660","K660","19","37","HIGH SCHOOL","0","0","0","0","0"
"19K661","K661","19","37","JUNIOR HIGH-INTERMEDIATE-MIDDLE","0","0","0","0","0"
"19K662","K662","19","37","JUNIOR HIGH-INTERMEDIATE-MIDDLE","0","0","0","0","0"
"19K663","K663","19","42","JUNIOR HIGH-INTERMEDIATE-MIDDLE","0","0","0","0","0"
"19K677","K677","19","42","ELEMENTARY","0","0","0","0","0"
"19K678","K678","19","42","JUNIOR HIGH-INTERMEDIATE-MIDDLE","1","0","0","0","1"
"19K683","K683","19","42","HIGH SCHOOL","0","0","0","0","0"
"19K760","K760","19","37","JUNIOR HIGH-INTERMEDIATE-MIDDLE","0","0","0","0","0"
"19K764","K764","19","37","HIGH SCHOOL","0","0","0","0","0"
"19K907","K907","19","42","JUNIOR HIGH-INTERMEDIATE-MIDDLE","0","0","0","0","0"
"20K030","K030","20","43","K-8","0","0","0","0","0"
"20K048","K048","20","44","ELEMENTARY","0","0","0","0","0"
"20K062","K062","20","40","JUNIOR HIGH-INTERMEDIATE-MIDDLE","0","0","0","0","0"
"20K069","K069","20","38","ELEMENTARY","0","0","0","0","0"
"20K102","K102","20","43","ELEMENTARY","0","0","0","0","0"
"20K104","K104","20","43","K-8","0","0","0","0","0"
"20K105","K105","20","38","ELEMENTARY","0","0","0","0","0"
"20K112","K112","20","43","ELEMENTARY","0","0","0","0","0"
"20K127","K127","20","43","ELEMENTARY","0","0","0","0","0"
"20K160","K160","20","44","ELEMENTARY","0","0","0","0","0"
"20K163","K163","20","43","K-8","0","0","0","0","0"
"20K164","K164","20","44","ELEMENTARY","0","0","0","0","0"
"20K170","K170","20","43","ELEMENTARY","0","0","0","0","0"
"20K176","K176","20","43","ELEMENTARY","0","0","0","0","0"
"20K179","K179","20","39","ELEMENTARY","0","0","0","0","0"
"20K180","K180","20","44","K-8","0","0","0","0","0"
"20K185","K185","20","43","ELEMENTARY","0","0","0","0","0"
"20K186","K186","20","47","ELEMENTARY","0","0","0","0","0"
"20K187","K187","20","38","JUNIOR HIGH-INTERMEDIATE-MIDDLE","0","0","0","0","0"
"20K192","K192","20","44","K-8","0","0","0","0","0"
"20K200","K200","20","43","ELEMENTARY","0","0","0","0","0"
"20K201","K201","20","43","JUNIOR HIGH-INTERMEDIATE-MIDDLE","0","0","0","0","0"
"20K204","K204","20","43","ELEMENTARY","0","0","0","0","0"
"20K205","K205","20","47","ELEMENTARY","0","0","0","0","0"
"20K220","K220","20","38","JUNIOR HIGH-INTERMEDIATE-MIDDLE","0","0","0","0","0"
"20K223","K223","20","44","JUNIOR HIGH-INTERMEDIATE-MIDDLE","0","0","0","0","0"
"20K227","K227","20","38","JUNIOR HIGH-INTERMEDIATE-MIDDLE","0","0","0","0","0"
"20K229","K229","20","43","K-8","0","0","0","0","0"
"20K247","K247","20","47","ELEMENTARY","0","0","0","0","0"
"20K259","K259","20","43","JUNIOR HIGH-INTERMEDIATE-MIDDLE","0","0","0","0","0"
"20K264","K264","20","43","ELEMENTARY","0","0","0","0","0"
"20K310","K310","20","38","ELEMENTARY","0","0","0","0","0"
"20K445","K445","20","43","HIGH SCHOOL","2","0","0","0","2"
"20K485","K485","20","43","HIGH SCHOOL","0","0","0","0","0"
"20K490","K490","20","43","HIGH SCHOOL","2","0","0","0","2"
"20K503","K503","20","38","ELEMENTARY","0","0","0","0","0"
"20K505","K505","20","44","HIGH SCHOOL","2","0","0","0","2"
"20K506","K506","20","38","ELEMENTARY","0","0","0","0","0"
"20K609","K609","20","44","SECONDARY SCHOOL","0","0","0","0","0"
"20K682","K682","20","44","ELEMENTARY","0","0","0","0","0"
"20K686","K686","20","44","K-8","0","0","0","0","0"
"20K748","K748","20","43","ELEMENTARY","0","0","0","0","0"
"20K971","K971","20","38","ELEMENTARY","0","0","0","0","0"
"21K090","K090","21","47","ELEMENTARY","0","0","0","0","0"
"21K095","K095","21","47","K-8","0","0","0","0","0"
"21K096","K096","21","44","JUNIOR HIGH-INTERMEDIATE-MIDDLE","0","0","0","0","0"
"21K097","K097","21","47","ELEMENTARY","0","0","0","0","0"
"21K098","K098","21","48","JUNIOR HIGH-INTERMEDIATE-MIDDLE","0","0","0","0","0"
"21K099","K099","21","44","K-8","0","0","0","0","0"
"21K100","K100","21","48","ELEMENTARY","0","0","0","0","0"
"21K101","K101","21","47","ELEMENTARY","0","0","0","0","0"
"21K121","K121","21","44","K-8","0","0","0","0","0"
"21K128","K128","21","47","ELEMENTARY","0","0","0","0","0"
"21K153","K153","21","48","ELEMENTARY","0","0","0","0","0"
"21K177","K177","21","44","ELEMENTARY","0","0","0","0","0"
"21K188","K188","21","47","ELEMENTARY","0","0","0","0","0"
"21K199","K199","21","48","ELEMENTARY","0","0","0","0","0"
"21K209","K209","21","48","K-8","0","0","0","0","0"
"21K212","K212","21","47","ELEMENTARY","0","0","0","0","0"
"21K215","K215","21","47","ELEMENTARY","0","0","0","0","0"
"21K216","K216","21","47","ELEMENTARY","0","0","0","0","0"
"21K225","K225","21","48","K-8","0","0","0","0","0"
"21K226","K226","21","44","K-8","0","0","0","0","0"
"21K228","K228","21","47","JUNIOR HIGH-INTERMEDIATE-MIDDLE","1","0","0","0","1"
"21K238","K238","21","44","K-8","0","0","0","0","0"
"21K239","K239","21","47","JUNIOR HIGH-INTERMEDIATE-MIDDLE","0","0","0","0","0"
"21K253","K253","21","48","ELEMENTARY","0","0","0","0","0"
"21K281","K281","21","47","JUNIOR HIGH-INTERMEDIATE-MIDDLE","1","0","0","0","1"
"21K288","K288","21","47","K-8","0","0","0","0","0"
"21K303","K303","21","47","JUNIOR HIGH-INTERMEDIATE-MIDDLE","0","0","0","0","0"
