"event_id","link_url","link_name"
"100073","http://naturalareasnyc.org/","Natural Areas Conservancy"
"100158","http://www.prospectpark.org/calendar/event/shape-up-nyc-cardio-toning","Shape Up NYC: Cardio Toning"
"100159","http://www.prospectpark.org/calendar/event/shape-up-nyc-cardio-toning","Shape Up NYC: Cardio Toning"
"100160","http://www.prospectpark.org/calendar/event/shape-up-nyc-cardio-toning","Shape Up NYC: Cardio Toning"
"100161","http://www.prospectpark.org/calendar/event/shape-up-nyc-cardio-toning","Shape Up NYC: Cardio Toning"
"100162","http://www.prospectpark.org/calendar/event/shape-up-nyc-cardio-toning","Shape Up NYC: Cardio Toning"
"100163","http://www.prospectpark.org/calendar/event/shape-up-nyc-cardio-toning","Shape Up NYC: Cardio Toning"
"100164","http://www.prospectpark.org/calendar/event/shape-up-nyc-cardio-toning","Shape Up NYC: Cardio Toning"
"100165","http://www.prospectpark.org/calendar/event/shape-up-nyc-cardio-toning","Shape Up NYC: Cardio Toning"
"100166","http://www.prospectpark.org/calendar/event/shape-up-nyc-cardio-toning","Shape Up NYC: Cardio Toning"
"100167","http://www.prospectpark.org/calendar/event/shape-up-nyc-cardio-toning","Shape Up NYC: Cardio Toning"
"100168","http://www.prospectpark.org/calendar/event/shape-up-nyc-cardio-toning","Shape Up NYC: Cardio Toning"
"100169","http://www.prospectpark.org/calendar/event/shape-up-nyc-cardio-toning","Shape Up NYC: Cardio Toning"
"100170","http://www.prospectpark.org/calendar/event/shape-up-nyc-cardio-toning","Shape Up NYC: Cardio Toning"
"100171","http://www.prospectpark.org/calendar/event/shape-up-nyc-cardio-toning","Shape Up NYC: Cardio Toning"
"100172","http://www.prospectpark.org/calendar/event/shape-up-nyc-cardio-toning","Shape Up NYC: Cardio Toning"
"100173","http://www.prospectpark.org/calendar/event/shape-up-nyc-cardio-toning","Shape Up NYC: Cardio Toning"
"100174","http://www.prospectpark.org/calendar/event/shape-up-nyc-cardio-toning","Shape Up NYC: Cardio Toning"
"100175","http://www.prospectpark.org/calendar/event/shape-up-nyc-cardio-toning","Shape Up NYC: Cardio Toning"
"100176","http://www.prospectpark.org/calendar/event/shape-up-nyc-cardio-toning","Shape Up NYC: Cardio Toning"
"100177","http://www.prospectpark.org/calendar/event/shape-up-nyc-cardio-toning","Shape Up NYC: Cardio Toning"
"100265","http://www.prospectpark.org/calendar/event/blooming-naturalists","Blooming Naturalists"
"100266","http://www.prospectpark.org/calendar/event/blooming-naturalists","Blooming Naturalists"
"100267","http://www.prospectpark.org/calendar/event/blooming-naturalists","Blooming Naturalists"
"100268","http://www.prospectpark.org/calendar/event/blooming-naturalists","Blooming Naturalists"
"100269","http://www.prospectpark.org/calendar/event/blooming-naturalists","Blooming Naturalists"
"100270","http://www.prospectpark.org/calendar/event/blooming-naturalists","Blooming Naturalists"
"100271","http://www.prospectpark.org/calendar/event/blooming-naturalists","Blooming Naturalists"
"100272","http://www.prospectpark.org/calendar/event/blooming-naturalists","Blooming Naturalists"
"100273","http://www.prospectpark.org/calendar/event/blooming-naturalists","Blooming Naturalists"
"100274","http://www.prospectpark.org/calendar/event/blooming-naturalists","Blooming Naturalists"
"100275","http://www.prospectpark.org/calendar/event/blooming-naturalists","Blooming Naturalists"
"100276","http://www.prospectpark.org/calendar/event/blooming-naturalists","Blooming Naturalists"
"100277","http://www.prospectpark.org/calendar/event/blooming-naturalists","Blooming Naturalists"
"100278","http://www.prospectpark.org/calendar/event/blooming-naturalists","Blooming Naturalists"
"100279","http://www.prospectpark.org/calendar/event/blooming-naturalists","Blooming Naturalists"
"100280","http://www.prospectpark.org/calendar/event/blooming-naturalists","Blooming Naturalists"
"100281","http://www.prospectpark.org/calendar/event/blooming-naturalists","Blooming Naturalists"
"100282","http://www.prospectpark.org/calendar/event/blooming-naturalists","Blooming Naturalists"
"100283","http://www.prospectpark.org/calendar/event/blooming-naturalists","Blooming Naturalists"
"100284","http://www.prospectpark.org/calendar/event/nature-on-the-go","Nature on the Go!"
"100285","http://www.prospectpark.org/calendar/event/nature-on-the-go","Nature on the Go!"
"100286","http://www.prospectpark.org/calendar/event/nature-on-the-go","Nature on the Go!"
"100287","http://www.prospectpark.org/calendar/event/nature-on-the-go","Nature on the Go!"
"100288","http://www.prospectpark.org/calendar/event/nature-on-the-go","Nature on the Go!"
"100289","http://www.prospectpark.org/calendar/event/nature-on-the-go","Nature on the Go!"
"100290","http://www.prospectpark.org/calendar/event/nature-on-the-go","Nature on the Go!"
"100291","http://www.prospectpark.org/calendar/event/nature-on-the-go","Nature on the Go!"
"100292","http://www.prospectpark.org/calendar/event/nature-on-the-go","Nature on the Go!"
"100293","http://www.prospectpark.org/calendar/event/nature-on-the-go","Nature on the Go!"
"100294","http://www.prospectpark.org/calendar/event/nature-on-the-go","Nature on the Go!"
"100295","http://www.prospectpark.org/calendar/event/nature-on-the-go","Nature on the Go!"
"100296","http://www.prospectpark.org/calendar/event/nature-on-the-go","Nature on the Go!"
"100297","http://www.prospectpark.org/calendar/event/nature-on-the-go","Nature on the Go!"
"100298","http://www.prospectpark.org/calendar/event/nature-on-the-go","Nature on the Go!"
"100299","http://www.prospectpark.org/calendar/event/nature-on-the-go","Nature on the Go!"
"100300","http://www.prospectpark.org/calendar/event/nature-on-the-go","Nature on the Go!"
"100301","http://www.prospectpark.org/calendar/event/nature-on-the-go","Nature on the Go!"
"100302","http://www.prospectpark.org/calendar/event/nature-on-the-go","Nature on the Go!"
"100305","http://www.prospectpark.org/calendar/event/animal-encounter","Animal Encounter"
"100306","http://www.prospectpark.org/calendar/event/animal-encounter","Animal Encounter"
"100307","http://www.prospectpark.org/calendar/event/animal-encounter","Animal Encounter"
"100308","http://www.prospectpark.org/calendar/event/animal-encounter","Animal Encounter"
"100309","http://www.prospectpark.org/calendar/event/animal-encounter","Animal Encounter"
"100310","http://www.prospectpark.org/calendar/event/animal-encounter","Animal Encounter"
"100311","http://www.prospectpark.org/calendar/event/animal-encounter","Animal Encounter"
"100312","http://www.prospectpark.org/calendar/event/animal-encounter","Animal Encounter"
"100313","http://www.prospectpark.org/calendar/event/animal-encounter","Animal Encounter"
"100314","http://www.prospectpark.org/calendar/event/animal-encounter","Animal Encounter"
"100315","http://www.prospectpark.org/calendar/event/animal-encounter","Animal Encounter"
"100316","http://www.prospectpark.org/calendar/event/animal-encounter","Animal Encounter"
"100317","http://www.prospectpark.org/calendar/event/animal-encounter","Animal Encounter"
"100318","http://www.prospectpark.org/calendar/event/animal-encounter","Animal Encounter"
"100319","http://www.prospectpark.org/calendar/event/animal-encounter","Animal Encounter"
"100320","http://www.prospectpark.org/calendar/event/animal-encounter","Animal Encounter"
"100321","http://www.prospectpark.org/calendar/event/animal-encounter","Animal Encounter"
"100322","http://www.prospectpark.org/calendar/event/animal-encounter","Animal Encounter"
"100323","http://www.prospectpark.org/calendar/event/animal-encounter","Animal Encounter"
"100338","http://www.prospectpark.org/calendar/event/raptors","Raptor Fest"
"100339","http://www.prospectpark.org/calendar/event/its-my-park-fall","It's My Park Day"
"100339","http://www.rei.com/event/61014/session/99592/10202014","Individual Registration"
"100339","http://www.prospectpark.org/volunteer-group-inquiry","Group Registration"
"100340","http://www.prospectpark.org/calendar/event/halloween-14","Halloween in Prospect Park"
"100341","http://www.prospectpark.org/calendar/event/halloween-14","Halloween in Prospect Park"
"100398","http://itsmypark.org","Partnerships for Parks"
"100399","https://www.facebook.com/NYCPaganPride","NYC Pagan Pride Day"
"100456","http://play-diem.com","play-diem.com"
"100458","http://dyckmanfarmhouse.org/current-programs/","Dyckman Farmhouse Museum Programs"
"100459","http://dyckmanfarmhouse.org/current-programs/","Dyckman Farmhouse Museum Programs"
"100460","http://dyckmanfarmhouse.org/current-programs/","Dyckman Farmhouse Museum Programs"
"100461","http://dyckmanfarmhouse.org/current-programs/","Dyckman Farmhouse Museum Programs"
"100462","http://dyckmanfarmhouse.org/current-programs/","Dyckman Farmhouse Museum Programs"
"100463","http://dyckmanfarmhouse.org/current-programs/","Dyckman Farmhouse Museum Programs"
"100464","http://dyckmanfarmhouse.org/current-programs/","Dyckman Farmhouse Museum Programs"
"100465","http://dyckmanfarmhouse.org/current-programs/","Dyckman Farmhouse Museum Programs"
"100466","http://dyckmanfarmhouse.org/current-programs/","Dyckman Farmhouse Museum Programs"
"100467","http://dyckmanfarmhouse.org/current-programs/","Dyckman Farmhouse Museum Programs"
"100468","http://dyckmanfarmhouse.org/current-programs/","Dyckman Farmhouse Museum Programs"
"100469","http://dyckmanfarmhouse.org/current-programs/","Dyckman Farmhouse Museum Programs"
"100470","http://dyckmanfarmhouse.org/current-programs/","Dyckman Farmhouse Museum Programs"
"100471","http://dyckmanfarmhouse.org/current-programs/","Dyckman Farmhouse Museum Programs"
"100472","http://dyckmanfarmhouse.org/current-programs/","Dyckman Farmhouse Museum Programs"
"100473","http://dyckmanfarmhouse.org/current-programs/","Dyckman Farmhouse Museum Programs"
"100474","http://dyckmanfarmhouse.org/current-programs/","Dyckman Farmhouse Museum Programs"
"100475","http://dyckmanfarmhouse.org/current-programs/","Dyckman Farmhouse Museum Programs"
"100476","http://dyckmanfarmhouse.org/current-programs/","Dyckman Farmhouse Museum Programs"
"100477","http://dyckmanfarmhouse.org/current-programs/","Dyckman Farmhouse Museum Programs"
"100478","http://www.sciawareness5k.com","More information and registration"
"100479","http://www.nycgovparks.org/facilities/recreationcenters/M260","Chelsea Recreation Center"
"100480","http://www.nycgovparks.org/facilities/recreationcenters/M260","Chelsea Recreation Center"
"100481","http://www.nycgovparks.org/facilities/recreationcenters/M260","Chelsea Recreation Center"
"100482","http://www.nycgovparks.org/facilities/recreationcenters/M260","Chelsea Recreation Center"
"100483","http://www.nycgovparks.org/milliontrees/fall_2014_stewardship_day","Register online"
"100507","http://www.nycgovparks.org/programs/recreation-centers/membership","Recreation Center Membership"
"100507","http://www.nwba.org","National Wheelchair Basketball Association"
"100508","http://www.nwba.org","National Wheelchair Basketball Association"
"100508","http://www.nycgovparks.org/programs/recreation-centers/membership","Recreation Center Membership"
"100509","http://www.nycgovparks.org/programs/recreation-centers/membership","Recreation Center Membership"
"100509","http://www.nwba.org","National Wheelchair Basketball Association"
"100510","http://www.nycgovparks.org/programs/recreation-centers/membership","Recreation Center Membership"
"100510","http://www.nwba.org","National Wheelchair Basketball Association"
"100511","http://www.nycgovparks.org/programs/recreation-centers/membership","Recreation Center Membership"
"100511","http://www.nwba.org","National Wheelchair Basketball Association"
"100512","http://www.nwba.org","National Wheelchair Basketball Association"
"100512","http://www.nycgovparks.org/programs/recreation-centers/membership","Recreation Center Membership"
"100513","http://www.nwba.org","National Wheelchair Basketball Association"
"100513","http://www.nycgovparks.org/programs/recreation-centers/membership","Recreation Center Membership"
"100514","http://www.nwba.org","National Wheelchair Basketball Association"
"100514","http://www.nycgovparks.org/programs/recreation-centers/membership","Recreation Center Membership"
"100515","http://www.nwba.org","National Wheelchair Basketball Association"
"100515","http://www.nycgovparks.org/programs/recreation-centers/membership","Recreation Center Membership"
"100516","http://www.nwba.org","National Wheelchair Basketball Association"
"100516","http://www.nycgovparks.org/programs/recreation-centers/membership","Recreation Center Membership"
"100517","http://www.nwba.org","National Wheelchair Basketball Association"
"100517","http://www.nycgovparks.org/programs/recreation-centers/membership","Recreation Center Membership"
"100518","http://www.nwba.org","National Wheelchair Basketball Association"
"100518","http://www.nycgovparks.org/programs/recreation-centers/membership","Recreation Center Membership"
"100519","http://www.nwba.org","National Wheelchair Basketball Association"
"100519","http://www.nycgovparks.org/programs/recreation-centers/membership","Recreation Center Membership"
"100520","http://www.nycgovparks.org/programs/recreation-centers/membership","Recreation Center Membership"
"100520","http://www.nwba.org","National Wheelchair Basketball Association"
"100521","http://www.nwba.org","National Wheelchair Basketball Association"
"100521","http://www.nycgovparks.org/programs/recreation-centers/membership","Recreation Center Membership"
"100522","http://www.nycgovparks.org/programs/recreation-centers/membership","Recreation Center Membership"
"100522","http://www.nwba.org","National Wheelchair Basketball Association"
"100523","http://www.nwba.org","National Wheelchair Basketball Association"
"100523","http://www.nycgovparks.org/programs/recreation-centers/membership","Recreation Center Membership"
"100524","http://www.nwba.org","National Wheelchair Basketball Association"
"100524","http://www.nycgovparks.org/programs/recreation-centers/membership","Recreation Center Membership"
"100525","http://www.nycgovparks.org/programs/recreation-centers/membership","Recreation Center Membership"
"100525","http://www.nwba.org","National Wheelchair Basketball Association"
"100526","http://www.nwba.org","National Wheelchair Basketball Association"
"100526","http://www.nycgovparks.org/programs/recreation-centers/membership","Recreation Center Membership"
"100527","http://www.nwba.org","National Wheelchair Basketball Association"
"100527","http://www.nycgovparks.org/programs/recreation-centers/membership","Recreation Center Membership"
"100528","http://www.nwba.org","National Wheelchair Basketball Association"
"100528","http://www.nycgovparks.org/programs/recreation-centers/membership","Recreation Center Membership"
"100529","http://www.nwba.org","National Wheelchair Basketball Association"
"100529","http://www.nycgovparks.org/programs/recreation-centers/membership","Recreation Center Membership"
"100530","http://www.nwba.org","National Wheelchair Basketball Association"
"100530","http://www.nycgovparks.org/programs/recreation-centers/membership","Recreation Center Membership"
"100531","http://www.nycgovparks.org/programs/recreation-centers/membership","Recreation Center Membership"
"100531","http://www.nwba.org","National Wheelchair Basketball Association"
"100532","http://www.nwba.org","National Wheelchair Basketball Association"
"100532","http://www.nycgovparks.org/programs/recreation-centers/membership","Recreation Center Membership"
"100533","http://www.nycgovparks.org/programs/recreation-centers/membership","Recreation Center Membership"
"100533","http://www.nwba.org","National Wheelchair Basketball Association"
"100534","http://www.nycgovparks.org/programs/recreation-centers/membership","Recreation Center Membership"
"100534","http://www.nwba.org","National Wheelchair Basketball Association"
"100535","http://www.nwba.org","National Wheelchair Basketball Association"
"100535","http://www.nycgovparks.org/programs/recreation-centers/membership","Recreation Center Membership"
"100536","http://www.nycgovparks.org/programs/recreation-centers/membership","Recreation Center Membership"
"100536","http://www.nwba.org","National Wheelchair Basketball Association"
"100537","http://www.nycgovparks.org/programs/recreation-centers/membership","Recreation Center Membership"
"100537","http://www.nwba.org","National Wheelchair Basketball Association"
"100538","http://www.nwba.org","National Wheelchair Basketball Association"
"100538","http://www.nycgovparks.org/programs/recreation-centers/membership","Recreation Center Membership"
"100539","http://www.nwba.org","National Wheelchair Basketball Association"
"100539","http://www.nycgovparks.org/programs/recreation-centers/membership","Recreation Center Membership"
"100540","http://www.nycgovparks.org/programs/recreation-centers/membership","Recreation Center Membership"
"100540","http://www.nwba.org","National Wheelchair Basketball Association"
"100541","http://www.nycgovparks.org/programs/recreation-centers/membership","Recreation Center Membership"
"100541","http://www.nwba.org","National Wheelchair Basketball Association"
"100542","http://www.nwba.org","National Wheelchair Basketball Association"
"100542","http://www.nycgovparks.org/programs/recreation-centers/membership","Recreation Center Membership"
"100543","http://www.nycgovparks.org/programs/recreation-centers/membership","Recreation Center Membership"
"100543","http://www.nwba.org","National Wheelchair Basketball Association"
"100544","http://www.nycgovparks.org/programs/recreation-centers/membership","Recreation Center Membership"
"100544","http://www.nwba.org","National Wheelchair Basketball Association"
"100545","http://www.nycgovparks.org/programs/recreation-centers/membership","Recreation Center Membership"
"100545","http://www.nwba.org","National Wheelchair Basketball Association"
"100546","http://www.nycgovparks.org/programs/recreation-centers/membership","Recreation Center Membership"
"100546","http://www.nwba.org","National Wheelchair Basketball Association"
"100547","http://www.nycgovparks.org/programs/recreation-centers/membership","Recreation Center Membership"
"100547","http://www.nwba.org","National Wheelchair Basketball Association"
"100548","http://www.nycgovparks.org/programs/recreation-centers/membership","Recreation Center Membership"
"100548","http://www.nwba.org","National Wheelchair Basketball Association"
"100549","http://www.nwba.org","National Wheelchair Basketball Association"
"100549","http://www.nycgovparks.org/programs/recreation-centers/membership","Recreation Center Membership"
"100550","http://www.nwba.org","National Wheelchair Basketball Association"
"100550","http://www.nycgovparks.org/programs/recreation-centers/membership","Recreation Center Membership"
"100551","http://www.nwba.org","National Wheelchair Basketball Association"
"100551","http://www.nycgovparks.org/programs/recreation-centers/membership","Recreation Center Membership"
"100552","http://www.nycgovparks.org/programs/recreation-centers/membership","Recreation Center Membership"
"100552","http://www.nwba.org","National Wheelchair Basketball Association"
"100553","http://www.nycgovparks.org/programs/recreation-centers/membership","Recreation Center Membership"
"100553","http://www.nwba.org","National Wheelchair Basketball Association"
"100554","http://www.nwba.org","National Wheelchair Basketball Association"
"100554","http://www.nycgovparks.org/programs/recreation-centers/membership","Recreation Center Membership"
"100555","http://www.nycgovparks.org/programs/recreation-centers/membership","Recreation Center Membership"
"100555","http://www.nwba.org","National Wheelchair Basketball Association"
"100556","http://www.nwba.org","National Wheelchair Basketball Association"
"100556","http://www.nycgovparks.org/programs/recreation-centers/membership","Recreation Center Membership"
"100557","http://www.nycgovparks.org/programs/recreation-centers/membership","Recreation Center Membership"
"100557","http://www.nwba.org","National Wheelchair Basketball Association"
"100558","http://www.nycgovparks.org/programs/recreation-centers/membership","Recreation Center Membership"
"100558","http://www.nwba.org","National Wheelchair Basketball Association"
"100559","http://www.nwba.org","National Wheelchair Basketball Association"
"100559","http://www.nycgovparks.org/programs/recreation-centers/membership","Recreation Center Membership"
"100560","http://www.nwba.org","National Wheelchair Basketball Association"
"100560","http://www.nycgovparks.org/programs/recreation-centers/membership","Recreation Center Membership"
"100565","http://www.nycgovparks.org/facilities/recreationcenters/B270","Brownsville Recreation Center"
"100566","http://www.nycgovparks.org/facilities/recreationcenters/B270","Brownsville Recreation Center"
"100567","http://www.nycgovparks.org/facilities/recreationcenters/B270","Brownsville Recreation Center"
"100568","http://www.nycgovparks.org/facilities/recreationcenters/X998","Hunts Point Recreation Center"
"100569","http://www.nycgovparks.org/facilities/recreationcenters/X044","St. James Recreation Center"
"100570","http://www.nycgovparks.org/facilities/recreationcenters/X999","West Bronx Recreation Center"
"100573","http://www.nyc.gov/parks/art","NYC Parks Art & Antiquities"
"100574","http://www.nycgovparks.org/facilities/recreationcenters/M014","Jackie Robinson Recreation Center"
"100575","https://www.eventbrite.com/e/bike-ride-celebrate-park-communities-tickets-13332035477","RSVP here"
"100579","http://itsmypark.org","Partnerships for Parks"
"100580","http://itsmypark.org","Partnerships for Parks"
"100581","http://itsmypark.org","Partnerships for Parks"
"100582","http://itsmypark.org","Partnerships for Parks"
"100583","http://itsmypark.org","Partnerships for Parks"
"100584","http://itsmypark.org","Partnerships for Parks"
"100585","http://itsmypark.org","Partnerships for Parks"
"100586","http://itsmypark.org","Partnerships for Parks"
"100587","http://itsmypark.org","Partnerships for Parks"
"100588","http://itsmypark.org","Partnerships for Parks"
"100589","http://itsmypark.org","Partnerships for Parks"
"100590","http://itsmypark.org","Partnerships for Parks"
"100591","http://itsmypark.org","Partnerships for Parks"
"100592","http://itsmypark.org","Partnerships for Parks"
"100593","http://itsmypark.org","Partnerships for Parks"
"100594","http://itsmypark.org","Partnerships for Parks"
"100595","http://itsmypark.org","Partnerships for Parks"
"100596","http://itsmypark.org","Partnerships for Parks"
"100597","http://itsmypark.org","Partnerships for Parks"
"100598","http://itsmypark.org","Partnerships for Parks"
"100599","http://itsmypark.org","Partnerships for Parks"
"100600","http://itsmypark.org","Partnerships for Parks"
"100601","http://itsmypark.org","Partnerships for Parks"
"100602","http://itsmypark.org","Partnerships for Parks"
"100603","http://itsmypark.org","Partnerships for Parks"
"100604","http://itsmypark.org","Partnerships for Parks"
"100605","http://itsmypark.org","Partnerships for Parks"
"100606","http://itsmypark.org","Partnerships for Parks"
"100607","http://itsmypark.org","Partnerships for Parks"
"100608","http://itsmypark.org","Partnerships for Parks"
"100609","http://itsmypark.org","Partnerships for Parks"
"100610","http://itsmypark.org","Partnerships for Parks"
"100611","http://itsmypark.org","Partnerships for Parks"
"100612","http://itsmypark.org","Partnerships for Parks"
"100613","http://itsmypark.org","Partnerships for Parks"
"100614","http://itsmypark.org","Partnerships for Parks"
"100615","http://itsmypark.org","Partnerships for Parks"
"100616","http://itsmypark.org","Partnerships for Parks"
"100617","http://itsmypark.org","Partnerships for Parks"
"100618","http://itsmypark.org","Partnerships for Parks"
"100619","http://itsmypark.org","Partnerships for Parks"
"100620","http://itsmypark.org","Partnerships for Parks"
"100621","http://itsmypark.org","Partnerships for Parks"
"100622","http://itsmypark.org","Partnerships for Parks"
"100623","http://itsmypark.org","Partnerships for Parks"
"100624","http://itsmypark.org","Partnerships for Parks"
"100625","http://itsmypark.org","Partnerships for Parks"
"100626","http://itsmypark.org","Partnerships for Parks"
"100627","http://itsmypark.org","Partnerships for Parks"
"100628","http://itsmypark.org","Partnerships for Parks"
"100629","http://itsmypark.org","Partnerships for Parks"
"100630","http://itsmypark.org","Partnerships for Parks"
"100631","http://itsmypark.org","Partnerships for Parks"
"100632","http://itsmypark.org","Partnerships for Parks"
"100633","http://itsmypark.org","Partnerships for Parks"
"100634","http://itsmypark.org","Partnerships for Parks"
"100635","http://itsmypark.org","Partnerships for Parks"
"100636","http://itsmypark.org","Partnerships for Parks"
"100637","http://itsmypark.org","Partnerships for Parks"
"100638","http://itsmypark.org","Partnerships for Parks"
"100639","http://itsmypark.org","Partnerships for Parks"
"100640","http://itsmypark.org","Partnerships for Parks"
"100641","http://itsmypark.org","Partnerships for Parks"
"100642","http://itsmypark.org","Partnerships for Parks"
"100643","http://itsmypark.org","Partnerships for Parks"
"100644","http://itsmypark.org","Partnerships for Parks"
"100645","http://itsmypark.org","Partnerships for Parks"
"100646","http://itsmypark.org","Partnerships for Parks"
"100647","http://itsmypark.org","Partnerships for Parks"
"100648","http://itsmypark.org","Partnerships for Parks"
"100649","http://itsmypark.org","Partnerships for Parks"
"100650","http://itsmypark.org","Partnerships for Parks"
"100651","http://itsmypark.org","Partnerships for Parks"
"100652","http://itsmypark.org","Partnerships for Parks"
"100653","http://itsmypark.org","Partnerships for Parks"
"100654","http://itsmypark.org","Partnerships for Parks"
"100655","http://itsmypark.org","Partnerships for Parks"
"100656","http://itsmypark.org","Partnerships for Parks"
"100657","http://itsmypark.org","Partnerships for Parks"
"100658","http://itsmypark.org","Partnerships for Parks"
"100659","http://itsmypark.org","Partnerships for Parks"
"100660","http://itsmypark.org","Partnerships for Parks"
"100661","http://itsmypark.org","Partnerships for Parks"
"100662","http://itsmypark.org","Partnerships for Parks"
"100663","http://itsmypark.org","Partnerships for Parks"
"100664","http://itsmypark.org","Partnerships for Parks"
"100665","http://itsmypark.org","Partnerships for Parks"
"100666","http://itsmypark.org","Partnerships for Parks"
"100667","http://itsmypark.org","Partnerships for Parks"
"100668","http://itsmypark.org","Partnerships for Parks"
"100669","http://itsmypark.org","Partnerships for Parks"
"100670","http://itsmypark.org","Partnerships for Parks"
"100671","http://itsmypark.org","Partnerships for Parks"
"100672","http://itsmypark.org","Partnerships for Parks"
"100673","http://itsmypark.org","Partnerships for Parks"
"100674","http://itsmypark.org","Partnerships for Parks"
"100675","http://itsmypark.org","Partnerships for Parks"
"100676","http://itsmypark.org","Partnerships for Parks"
"100677","http://itsmypark.org","Partnerships for Parks"
"100678","http://itsmypark.org","Partnerships for Parks"
"100679","http://itsmypark.org","Partnerships for Parks"
"100680","http://itsmypark.org","Partnerships for Parks"
"100681","http://itsmypark.org","Partnerships for Parks"
"100682","http://itsmypark.org","Partnerships for Parks"
"100683","http://itsmypark.org","Partnerships for Parks"
"100684","http://itsmypark.org","Partnerships for Parks"
"100685","http://itsmypark.org","Partnerships for Parks"
"100686","http://itsmypark.org","Partnerships for Parks"
"100687","http://itsmypark.org","Partnerships for Parks"
"100688","http://itsmypark.org","Partnerships for Parks"
"100689","http://itsmypark.org","Partnerships for Parks"
"100690","http://itsmypark.org","Partnerships for Parks"
"100691","http://itsmypark.org","Partnerships for Parks"
"100692","http://itsmypark.org","Partnerships for Parks"
"100693","http://itsmypark.org","Partnerships for Parks"
"100694","http://itsmypark.org","Partnerships for Parks"
"100695","http://itsmypark.org","Partnerships for Parks"
"100696","http://itsmypark.org","Partnerships for Parks"
"100697","http://itsmypark.org","Partnerships for Parks"
"100698","http://itsmypark.org","Partnerships for Parks"
"100699","http://itsmypark.org","Partnerships for Parks"
"100700","http://itsmypark.org","Partnerships for Parks"
"100701","http://itsmypark.org","Partnerships for Parks"
"100702","http://itsmypark.org","Partnerships for Parks"
"100703","http://itsmypark.org","Partnerships for Parks"
"100704","http://itsmypark.org","Partnerships for Parks"
"100705","http://itsmypark.org","Partnerships for Parks"
"100706","http://itsmypark.org","Partnerships for Parks"
"100707","http://itsmypark.org","Partnerships for Parks"
"100708","http://itsmypark.org","Partnerships for Parks"
"100709","http://itsmypark.org","Partnerships for Parks"
"100710","http://itsmypark.org","Partnerships for Parks"
"100711","http://itsmypark.org","Partnerships for Parks"
"100712","http://itsmypark.org","Partnerships for Parks"
"100713","http://itsmypark.org","Partnerships for Parks"
"100714","http://itsmypark.org","Partnerships for Parks"
"100715","http://itsmypark.org","Partnerships for Parks"
"100716","http://itsmypark.org","Partnerships for Parks"
"100717","http://itsmypark.org","Partnerships for Parks"
"100718","http://itsmypark.org","Partnerships for Parks"
"100719","http://itsmypark.org","Partnerships for Parks"
"100720","http://itsmypark.org","Partnerships for Parks"
"100721","http://itsmypark.org","Partnerships for Parks"
"100722","http://itsmypark.org","Partnerships for Parks"
"100723","http://itsmypark.org","Partnerships for Parks"
"100724","http://itsmypark.org","Partnerships for Parks"
"100725","http://itsmypark.org","Partnerships for Parks"
"100726","http://itsmypark.org","Partnerships for Parks"
"100727","http://itsmypark.org","Partnerships for Parks"
"100728","http://itsmypark.org","Partnerships for Parks"
"100729","http://itsmypark.org","Partnerships for Parks"
"100730","http://itsmypark.org","Partnerships for Parks"
"100731","http://itsmypark.org","Partnerships for Parks"
"100732","http://itsmypark.org","Partnerships for Parks"
"100733","http://itsmypark.org","Partnerships for Parks"
"100734","http://itsmypark.org","Partnerships for Parks"
"100735","http://itsmypark.org","Partnerships for Parks"
"100736","http://itsmypark.org","Partnerships for Parks"
"100737","http://itsmypark.org","Partnerships for Parks"
"100738","http://itsmypark.org","Partnerships for Parks"
"100739","http://itsmypark.org","Partnerships for Parks"
"100740","http://itsmypark.org","Partnerships for Parks"
"100741","http://itsmypark.org","Partnerships for Parks"
"100742","http://itsmypark.org","Partnerships for Parks"
"100743","http://itsmypark.org","Partnerships for Parks"
"100744","http://itsmypark.org","Partnerships for Parks"
"100745","http://itsmypark.org","Partnerships for Parks"
"100746","http://itsmypark.org","Partnerships for Parks"
"100747","http://itsmypark.org","Partnerships for Parks"
"100748","http://itsmypark.org","Partnerships for Parks"
"100749","http://itsmypark.org","Partnerships for Parks"
"100750","http://itsmypark.org","Partnerships for Parks"
"100751","http://itsmypark.org","Partnerships for Parks"
"100752","http://itsmypark.org","Partnerships for Parks"
"100753","http://itsmypark.org","Partnerships for Parks"
"100754","http://itsmypark.org","Partnerships for Parks"
"100755","http://itsmypark.org","Partnerships for Parks"
"100756","http://itsmypark.org","Partnerships for Parks"
"100757","http://itsmypark.org","Partnerships for Parks"
"100758","http://itsmypark.org","Partnerships for Parks"
"100759","http://itsmypark.org","Partnerships for Parks"
"100760","http://itsmypark.org","Partnerships for Parks"
"100761","http://itsmypark.org","Partnerships for Parks"
"100762","http://itsmypark.org","Partnerships for Parks"
"100763","http://itsmypark.org","Partnerships for Parks"
"100764","http://itsmypark.org","Partnerships for Parks"
"100765","http://itsmypark.org","Partnerships for Parks"
"100766","http://itsmypark.org","Partnerships for Parks"
"100767","http://itsmypark.org","Partnerships for Parks"
"100768","http://itsmypark.org","Partnerships for Parks"
"100769","http://itsmypark.org","Partnerships for Parks"
"100770","http://itsmypark.org","Partnerships for Parks"
"100771","http://itsmypark.org","Partnerships for Parks"
"100772","http://itsmypark.org","Partnerships for Parks"
"100773","http://itsmypark.org","Partnerships for Parks"
"100774","http://itsmypark.org","Partnerships for Parks"
"100775","http://itsmypark.org","Partnerships for Parks"
"100776","http://itsmypark.org","Partnerships for Parks"
"100777","http://itsmypark.org","Partnerships for Parks"
"100778","http://itsmypark.org","Partnerships for Parks"
"100779","http://itsmypark.org","Partnerships for Parks"
"100780","http://itsmypark.org","Partnerships for Parks"
"100781","http://itsmypark.org","Partnerships for Parks"
"100782","http://itsmypark.org","Partnerships for Parks"
"100783","http://itsmypark.org","Partnerships for Parks"
"100784","http://itsmypark.org","Partnerships for Parks"
"100785","http://itsmypark.org","Partnerships for Parks"
"100786","http://itsmypark.org","Partnerships for Parks"
"100787","http://itsmypark.org","Partnerships for Parks"
"100788","http://itsmypark.org","Partnerships for Parks"
"100789","http://itsmypark.org","Partnerships for Parks"
"100790","http://itsmypark.org","Partnerships for Parks"
"100791","http://itsmypark.org","Partnerships for Parks"
"100792","http://itsmypark.org","Partnerships for Parks"
"100793","http://itsmypark.org","Partnerships for Parks"
"100794","http://itsmypark.org","Partnerships for Parks"
"100795","http://itsmypark.org","Partnerships for Parks"
"100796","http://itsmypark.org","Partnerships for Parks"
"100797","http://itsmypark.org","Partnerships for Parks"
"100798","http://itsmypark.org","Partnerships for Parks"
"100799","http://itsmypark.org","Partnerships for Parks"
"100816","http://www.nycgovparks.org/programs/recreation-centers/membership","Recreation center membership"
"100817","http://www.nycgovparks.org/programs/recreation-centers/membership","Recreation center membership"
"100837","https://docs.google.com/forms/d/1_yi_HrUN14wgwd-lsBaGnjCo9Cs-Zp9B6TI_4pbbkUQ/viewform","RSVP here"
"100837","http://www.growtolearn.org","Grow to Learn"
"100838","https://docs.google.com/forms/d/13PEc_F1QxwdFItXyuEhX8hQ3A7A-N33Tadyc80gDQYM/viewform","RSVP here"
"100838","http://www.growtolearn.org","www.growtolearn.org"
"100839","https://docs.google.com/forms/d/1IerMJ6BjfLsocQgD-aykLbXoP9MbOIThPoX2Yz_LQlk/viewform","RSVP here"
"100839","http://www.growtolearn.org","Grow to Learn"
"100842","http://itsmypark.org","Partnerships for Parks"
"100843","http://itsmypark.org","Partnerships for Parks"
"100844","http://itsmypark.org","Partnerships for Parks"
"100845","http://itsmypark.org","Partnerships for Parks"
"100846","http://itsmypark.org","Partnerships for Parks"
"100847","http://itsmypark.org","Partnerships for Parks"
"100848","http://itsmypark.org","Partnerships for Parks"
"100849","http://itsmypark.org","Partnerships for Parks"
"100850","http://itsmypark.org","Partnerships for Parks"
"100851","http://itsmypark.org","Partnerships for Parks"
"100852","http://itsmypark.org","Partnerships for Parks"
"100853","http://itsmypark.org","Partnerships for Parks"
"100854","http://itsmypark.org","Partnerships for Parks"
"100855","http://itsmypark.org","Partnerships for Parks"
"100856","http://itsmypark.org","Partnerships for Parks"
"100857","http://itsmypark.org","Partnerships for Parks"
"100858","http://itsmypark.org","Partnerships for Parks"
"100859","http://itsmypark.org","Partnerships for Parks"
"100860","http://itsmypark.org","Partnerships for Parks"
"100861","http://itsmypark.org","Partnerships for Parks"
"100862","http://itsmypark.org","Partnerships for Parks"
"100863","http://itsmypark.org","Partnerships for Parks"
"100864","http://itsmypark.org","Partnerships for Parks"
"100865","http://itsmypark.org","Partnerships for Parks"
"100866","http://itsmypark.org","Partnerships for Parks"
"100867","http://itsmypark.org","Partnerships for Parks"
"100868","http://itsmypark.org","Partnerships for Parks"
"100869","http://itsmypark.org","Partnerships for Parks"
"100870","http://itsmypark.org","Partnerships for Parks"
"100871","http://itsmypark.org","Partnerships for Parks"
"100872","http://itsmypark.org","Partnerships for Parks"
"100873","http://itsmypark.org","Partnerships for Parks"
"100874","http://itsmypark.org","Partnerships for Parks"
"100875","http://itsmypark.org","Partnerships for Parks"
"100876","http://itsmypark.org","Partnerships for Parks"
"100877","http://itsmypark.org","Partnerships for Parks"
"100878","http://itsmypark.org","Partnerships for Parks"
"100879","http://itsmypark.org","Partnerships for Parks"
"100880","http://itsmypark.org","Partnerships for Parks"
"100881","http://itsmypark.org","Partnerships for Parks"
"100882","http://itsmypark.org","Partnerships for Parks"
"100883","http://itsmypark.org","Partnerships for Parks"
"100884","http://itsmypark.org","Partnerships for Parks"
"100885","http://itsmypark.org","Partnerships for Parks"
"100886","http://itsmypark.org","Partnerships for Parks"
"100887","http://itsmypark.org","Partnerships for Parks"
"100888","http://itsmypark.org","Partnerships for Parks"
"100889","http://itsmypark.org","Partnerships for Parks"
"100890","http://itsmypark.org","Partnerships for Parks"
"100891","http://itsmypark.org","Partnerships for Parks"
"100892","http://itsmypark.org","Partnerships for Parks"
"100893","http://itsmypark.org","Partnerships for Parks"
"100894","http://itsmypark.org","Partnerships for Parks"
"100895","http://itsmypark.org","Partnerships for Parks"
"100896","http://itsmypark.org","Partnerships for Parks"
"100897","http://itsmypark.org","Partnerships for Parks"
"100898","http://itsmypark.org","Partnerships for Parks"
"100899","http://itsmypark.org","Partnerships for Parks"
"100900","http://itsmypark.org","Partnerships for Parks"
"100901","http://itsmypark.org","Partnerships for Parks"
"100902","http://itsmypark.org","Partnerships for Parks"
"100903","http://itsmypark.org","Partnerships for Parks"
"100904","http://itsmypark.org","Partnerships for Parks"
"100905","http://itsmypark.org","Partnerships for Parks"
"100906","http://itsmypark.org","Partnerships for Parks"
"100907","http://itsmypark.org","Partnerships for Parks"
"100908","http://itsmypark.org","Partnerships for Parks"
"100909","http://itsmypark.org","Partnerships for Parks"
"100910","http://itsmypark.org","Partnerships for Parks"
"100911","http://itsmypark.org","Partnerships for Parks"
"100912","http://itsmypark.org","Partnerships for Parks"
"100913","http://itsmypark.org","Partnerships for Parks"
"100914","http://itsmypark.org","Partnerships for Parks"
"100915","http://itsmypark.org","Partnerships for Parks"
"100916","http://itsmypark.org","Partnerships for Parks"
"100917","http://itsmypark.org","Partnerships for Parks"
"100918","http://itsmypark.org","Partnerships for Parks"
"100919","http://itsmypark.org","Partnerships for Parks"
"100920","http://itsmypark.org","Partnerships for Parks"
"100921","http://itsmypark.org","Partnerships for Parks"
"100922","http://itsmypark.org","Partnerships for Parks"
"100923","http://itsmypark.org","Partnerships for Parks"
"100924","http://itsmypark.org","Partnerships for Parks"
"100925","http://itsmypark.org","Partnerships for Parks"
"100926","http://itsmypark.org","Partnerships for Parks"
"100927","http://itsmypark.org","Partnerships for Parks"
"100928","http://itsmypark.org","Partnerships for Parks"
"100929","http://itsmypark.org","Partnerships for Parks"
"100930","http://itsmypark.org","Partnerships for Parks"
"100931","http://itsmypark.org","Partnerships for Parks"
"100932","http://itsmypark.org","Partnerships for Parks"
"100933","http://itsmypark.org","Partnerships for Parks"
"100934","http://itsmypark.org","Partnerships for Parks"
"100935","http://itsmypark.org","Partnerships for Parks"
"100936","http://itsmypark.org","Partnerships for Parks"
"100937","http://itsmypark.org","Partnerships for Parks"
"100938","http://itsmypark.org","Partnerships for Parks"
"100939","http://itsmypark.org","Partnerships for Parks"
"100941","http://itsmypark.org","Partnerships for Parks"
"100942","http://www.citizengrower.com/pumpkin-composting","Citizen Grower"
"100942","http://itsmypark.org","Partnerships for Parks"
"100943","http://carlschurzparknyc.etapwss.com/index.php/volunteer","Carl Schurz Conservancy"
"100944","http://itsmypark.org","Partnerships for Parks"
"100945","http://itsmypark.org","Partnerships for Parks"
"100946","http://itsmypark.org","Partnerships for Parks"
"100947","http://itsmypark.org","Partnerships for Parks"
"100948","http://itsmypark.org","Partnerships for Parks"
"100949","http://itsmypark.org","Partnerships for Parks"
"100950","http://itsmypark.org","Partnerships for Parks"
"100951","http://itsmypark.org","Partnerships for Parks"
"100952","http://itsmypark.org","Partnerships for Parks"
"100953","http://itsmypark.org","Partnerships for Parks"
"100954","http://itsmypark.org","Partnerships for Parks"
"100955","http://itsmypark.org","Partnerships for Parks"
"100956","http://itsmypark.org","Partnerships for Parks"
"100957","http://itsmypark.org","Partnerships for Parks"
"100958","http://itsmypark.org","Partnerships for Parks"
"100959","http://itsmypark.org","Partnerships for Parks"
"100960","http://itsmypark.org","Partnerships for Parks"
"100961","http://itsmypark.org","Partnerships for Parks"
"100962","http://itsmypark.org","Partnerships for Parks"
"100963","http://itsmypark.org","Partnerships for Parks"
"100964","http://itsmypark.org","Partnerships for Parks"
"100965","http://itsmypark.org","Partnerships for Parks"
"100966","http://itsmypark.org","Partnerships for Parks"
"100967","http://itsmypark.org","Partnerships for Parks"
"101007","http://treegiveaways.com/eg","Register here"
"101008","http://www.nycgovparks.org/milliontrees/tree_stewardship_workshops","Register here"
"101009","http://www.facebook.com/forttryonparktrust.org","Fort Tryon Park Trust on Facebook"
"101009","http://www.FortTryonParkTrust.org","Fort Tryon Park Trust Website"
"101010","http://www.FortTryonParkTrust.org","Fort Tryon Park Trust Website"
"101010","http://www.facebook.com/forttryonparktrust.org","Fort Tryon Park Trust on Facebook"
"101011","http://www.FortTryonParkTrust.org","Fort Tryon Park Trust Website"
"101011","http://www.facebook.com/forttryonparktrust.org","Fort Tryon Park Trust on Facebook"
"101012","http://www.nycgovparks.org/programs/recreation-centers/membership","Recreation Center membership"
"101013","http://www.nycgovparks.org/programs/recreation-centers/membership","Recreation Center membership"
"101014","http://www.nycgovparks.org/programs/recreation-centers/membership","Recreation Center membership"
"101015","http://www.centralparknyc.org/events/","Central Park Conservancy Events Calendar"
"101015","http://www.centralparknyc.org/visit/tours/guided-tours/","Purchase Tickets"
"101015","http://www.centralparknyc.org/visit/tours/","Central Park Conservancy Tours"
"101015","http://www.centralparknyc.org/visit/tours/custom-tours/","Central Park Conservancy Custom Tours"
"101018","http://twitter.com/GreenParkGarden","GreenParkGardenersNYC on Twitter"
"101018","https://www.facebook.com/GPGNYC","GreenParkGardenersNYC on Facebook"
"101019","http://www.eventbrite.com/e/october-11th-bronx-river-upper-river-run-tickets-12331548995","Register here"
"101023","http://www.thebattery.org/harvest-fest-square-dance/","Learn more here!"
"101024","http://www.nyc.gov/parks/arts_culture_fun","Parks' Arts, Culture, and Fun Series"
"101025","http://www.nyc.gov/parks/arts_culture_fun","Parks' Arts, Culture, and Fun Series"
"101027","http://www.nycgovparks.org/facilities/recreationcenters/B270","Brownsville Recreation Center"
"101028","http://www.westerleighpark.com","Friends of Westerleigh Park"
"101030","http://www.nyc.gov/parks/arts_culture_fun","Parks' Arts, Culture, and Fun Series"
"101031","http://www.nyc.gov/parks/arts_culture_fun","Parks' Arts, Culture, and Fun series"
"101032","http://www.nyc.gov/parks/arts_culture_fun","Parks' Arts, Culture, and Fun series"
"101033","http://www.nyc.gov/parks/arts_culture_fun","Parks' Arts, Culture, and Fun series"
"101034","http://www.mmncny.org","Museum of Marine Navigation and Communication"
"101035","http://www.mmncny.org","Museum of Marine Navigation and Communication"
"101036","http://www.mmncny.org","Museum of Marine Navigation and Communication"
"101037","http://www.mmncny.org","Museum of Marine Navigation and Communication"
"101038","http://www.mmncny.org","Museum of Marine Navigation and Communication"
"101039","http://www.mmncny.org","Museum of Marine Navigation and Communication"
"101040","http://www.mmncny.org","Museum of Marine Navigation and Communication"
"101041","http://www.mmncny.org","Museum of Marine Navigation and Communication"
"101042","http://www.mmncny.org","Museum of Marine Navigation and Communication"
"101043","http://www.mmncny.org","Museum of Marine Navigation and Communication"
"101044","http://www.mmncny.org","Museum of Marine Navigation and Communication"
"101045","http://www.mmncny.org","Museum of Marine Navigation and Communication"
"101046","http://www.mmncny.org","Museum of Marine Navigation and Communication"
"101047","http://www.mmncny.org","Museum of Marine Navigation and Communication"
"101048","http://www.mmncny.org","Museum of Marine Navigation and Communication"
"101049","http://www.mmncny.org","Museum of Marine Navigation and Communication"
"101050","http://www.mmncny.org","Museum of Marine Navigation and Communication"
"101051","http://www.mmncny.org","Museum of Marine Navigation and Communication"
"101052","http://www.mmncny.org","Museum of Marine Navigation and Communication"
"101053","http://www.mmncny.org","Museum of Marine Navigation and Communication"
"101054","http://www.mmncny.org","Museum of Marine Navigation and Communication"
"101055","http://www.mmncny.org","Museum of Marine Navigation and Communication"
"101056","http://www.mmncny.org","Museum of Marine Navigation and Communication"
"101057","http://www.mmncny.org","Museum of Marine Navigation and Communication"
"101058","http://www.mmncny.org","Museum of Marine Navigation and Communication"
"101059","http://www.mmncny.org","Museum of Marine Navigation and Communication"
"101060","http://www.mmncny.org","Museum of Marine Navigation and Communication"
"101061","http://www.mmncny.org","Museum of Marine Navigation and Communication"
"101062","http://www.mmncny.org","Museum of Marine Navigation and Communication"
"101063","http://www.mmncny.org","Museum of Marine Navigation and Communication"
"101064","http://www.mmncny.org","Museum of Marine Navigation and Communication"
"101065","http://www.mmncny.org","Museum of Marine Navigation and Communication"
"101066","http://www.mmncny.org","Museum of Marine Navigation and Communication"
"101067","http://www.mmncny.org","Museum of Marine Navigation and Communication"
"101068","http://www.mmncny.org","Museum of Marine Navigation and Communication"
"101069","http://www.mmncny.org","Museum of Marine Navigation and Communication"
"101070","http://www.mmncny.org","Museum of Marine Navigation and Communication"
"101071","http://www.mmncny.org","Museum of Marine Navigation and Communication"
"101072","http://www.mmncny.org","Museum of Marine Navigation and Communication"
"101073","http://www.mmncny.org","Museum of Marine Navigation and Communication"
"101074","http://www.mmncny.org","Museum of Marine Navigation and Communication"
"101075","http://www.mmncny.org","Museum of Marine Navigation and Communication"
"101076","http://www.mmncny.org","Museum of Marine Navigation and Communication"
"101077","http://www.mmncny.org","Museum of Marine Navigation and Communication"
"101078","http://www.mmncny.org","Museum of Marine Navigation and Communication"
"101079","http://www.mmncny.org","Museum of Marine Navigation and Communication"
"101080","http://www.mmncny.org","Museum of Marine Navigation and Communication"
"101081","http://www.mmncny.org","Museum of Marine Navigation and Communication"
"101082","http://www.mmncny.org","Museum of Marine Navigation and Communication"
"101083","http://www.mmncny.org","Museum of Marine Navigation and Communication"
"101084","http://www.mmncny.org","Museum of Marine Navigation and Communication"
"101085","http://www.mmncny.org","Museum of Marine Navigation and Communication"
"101086","http://www.mmncny.org","Museum of Marine Navigation and Communication"
"101087","http://www.mmncny.org","Museum of Marine Navigation and Communication"
"101088","http://www.mmncny.org","Museum of Marine Navigation and Communication"
"101089","http://www.mmncny.org","Museum of Marine Navigation and Communication"
"101090","http://www.mmncny.org","Museum of Marine Navigation and Communication"
"101091","http://www.mmncny.org","Museum of Marine Navigation and Communication"
"101092","http://www.mmncny.org","Museum of Marine Navigation and Communication"
"101093","http://www.mmncny.org","Museum of Marine Navigation and Communication"
"101094","http://www.mmncny.org","Museum of Marine Navigation and Communication"
"101095","http://www.mmncny.org","Museum of Marine Navigation and Communication"
"101096","http://www.mmncny.org","Museum of Marine Navigation and Communication"
"101097","http://www.mmncny.org","Museum of Marine Navigation and Communication"
"101098","http://www.mmncny.org","Museum of Marine Navigation and Communication"
"101099","http://www.mmncny.org","Museum of Marine Navigation and Communication"
"101100","http://www.mmncny.org","Museum of Marine Navigation and Communication"
"101101","http://www.mmncny.org","Museum of Marine Navigation and Communication"
"101102","http://www.mmncny.org","Museum of Marine Navigation and Communication"
"101103","http://www.mmncny.org","Museum of Marine Navigation and Communication"
"101104","http://www.mmncny.org","Museum of Marine Navigation and Communication"
"101105","http://www.mmncny.org","Museum of Marine Navigation and Communication"
"101106","http://www.mmncny.org","Museum of Marine Navigation and Communication"
"101107","http://www.mmncny.org","Museum of Marine Navigation and Communication"
"101108","http://www.mmncny.org","Museum of Marine Navigation and Communication"
"101109","http://www.mmncny.org","Museum of Marine Navigation and Communication"
"101110","http://www.mmncny.org","Museum of Marine Navigation and Communication"
"101111","http://www.mmncny.org","Museum of Marine Navigation and Communication"
"101112","http://www.mmncny.org","Museum of Marine Navigation and Communication"
"101113","http://www.mmncny.org","Museum of Marine Navigation and Communication"
"101114","http://www.mmncny.org","Museum of Marine Navigation and Communication"
"101115","http://www.mmncny.org","Museum of Marine Navigation and Communication"
"101116","http://www.mmncny.org","Museum of Marine Navigation and Communication"
"101117","http://www.mmncny.org","Museum of Marine Navigation and Communication"
"101118","http://www.mmncny.org","Museum of Marine Navigation and Communication"
"101119","http://www.mmncny.org","Museum of Marine Navigation and Communication"
"101120","http://www.mmncny.org","Museum of Marine Navigation and Communication"
"101121","http://www.mmncny.org","Museum of Marine Navigation and Communication"
"101122","http://www.mmncny.org","Museum of Marine Navigation and Communication"
"101123","http://www.mmncny.org","Museum of Marine Navigation and Communication"
"101124","http://www.mmncny.org","Museum of Marine Navigation and Communication"
"101125","http://www.mmncny.org","Museum of Marine Navigation and Communication"
"101126","http://www.mmncny.org","Museum of Marine Navigation and Communication"
"101127","http://www.mmncny.org","Museum of Marine Navigation and Communication"
"101128","http://www.mmncny.org","Museum of Marine Navigation and Communication"
"101129","http://www.mmncny.org","Museum of Marine Navigation and Communication"
"101130","http://www.mmncny.org","Museum of Marine Navigation and Communication"
"101131","http://www.mmncny.org","Museum of Marine Navigation and Communication"
"101132","http://www.mmncny.org","Museum of Marine Navigation and Communication"
"101133","http://www.mmncny.org","Museum of Marine Navigation and Communication"
"101134","http://www.mmncny.org","Museum of Marine Navigation and Communication"
"101135","http://www.mmncny.org","Museum of Marine Navigation and Communication"
"101136","http://www.mmncny.org","Museum of Marine Navigation and Communication"
"101137","http://www.mmncny.org","Museum of Marine Navigation and Communication"
"101138","http://www.mmncny.org","Museum of Marine Navigation and Communication"
"101139","http://www.mmncny.org","Museum of Marine Navigation and Communication"
"101140","http://www.mmncny.org","Museum of Marine Navigation and Communication"
"101141","http://www.mmncny.org","Museum of Marine Navigation and Communication"
"101142","http://www.mmncny.org","Museum of Marine Navigation and Communication"
"101143","http://www.mmncny.org","Museum of Marine Navigation and Communication"
"101144","http://www.mmncny.org","Museum of Marine Navigation and Communication"
"101145","http://www.mmncny.org","Museum of Marine Navigation and Communication"
"101146","https://www.wavehill.org/events/tai-chi-chuan-77/","Tai Chi Chuan"
"101147","http://www.wavehill.org/events/family-art-project-plant-jewelry/","Plant Jewelry"
"101148","https://www.wavehill.org/events/family-art-project-plant-jewelry/","Family Art Project"
"101149","http://www.wavehill.org/events/family-art-project-plant-jewelry-2/","Plant Jewelry"
"101150","http://www.wavehill.org/events/hatha-yoga-80/","Hatha Yoga"
"101151","http://www.wavehill.org/events/meditation-68/","Meditation"
"101152","http://www.wavehill.org/events/harvest-brunch-2/","Harvest Brunch"
"101153","http://www.wavehill.org/events/garden-highlights-walk-179/","Garden Highlights Walk"
"101154","http://www.wavehill.org/events/garden-highlights-walk-180/","Garden Highlights Walk"
"101155","http://www.wavehill.org/events/gallery-tour-131/","Gallery Tour"
"101156","http://www.wavehill.org/events/fall-foliage-walk-5/","Fall Foliage Walk"
"101157","http://conferencehouse.org/","ConferenceHouse.org"
"101158","http://www.wavehill.org/events/family-art-project-buildings-and-land/","Buildings and Land"
"101159","http://www.wavehill.org/events/tai-chi-chuan-78/","Tai Chi Chuan"
"101160","http://www.wavehill.org/events/woodworking-bird-feeder-workshop/","Woodworking"
"101161","http://www.wavehill.org/events/gallery-tour-132/","Gallery Tour"
"101162","http://www.wavehill.org/events/fall-birding-3/","Fall Birding"
"101163","http://www.wavehill.org/events/family-art-project-buildings-and-land-2/","Buildings and Land"
"101164","http://www.wavehill.org/events/hatha-yoga-81/","Hatha Yoga"
"101165","http://www.wavehill.org/events/meditation-69/","Meditation"
"101171","http://www.nyrp.org/calendar","New York Restoration Project Calendar"
"101172","http://www.nycgovparks.org/milliontrees/fall_2014_stewardship_day","Register online"
"101173","http://itsmypark.org","Partnerships for Parks"
"101174","http://www.nycgovparks.org/milliontrees/fall_2014_stewardship_day","Register online"
"101176","http://www.facebook.com/forttryonparktrust","Fort Tryon on Facebook"
"101176","http://www.FortTryonParkTrust.org","Fort Tryon Park Trust Website"
"101177","http://www.FortTryonParkTrust.org","Fort Tryon Park Website"
"101177","http://facebook.com/forttryonparktrust","Fort Tryon on Facebook"
"101178","http://www.FortTryonParkTrust.org","Fort Tryon Park Trust Website"
"101178","http://www.facebook.com/forttryonparktrust","Fort Tryon on Facebook"
"101179","http://www.FortTryonParkTrust.org","Fort Tryon Park Trust"
"101179","http://www.facebook.com/forttryonparktrust","Fort Tryon on Facebook"
"101180","http://www.facebook.com/forttryonparktrust","Fort Tryon on Facebook"
"101180","http://www.FortTryonParkTrust.org","Fort Tryon Park Trust Website"
"101183","http://www.prospectpark.org/calendar/event/halloween-14","Halloween in Prospect Park"
"101184","http://www.prospectpark.org/calendar/event/halloween-14","Halloween in Prospect Park"
"101185","http://www.prospectpark.org/calendar/event/halloween-14","Halloween in Prospect Park"
"101186","http://www.prospectpark.org/calendar/event/halloween-14","Halloween in Prospect Park"
"101187","http://www.prospectpark.org/calendar/event/halloween-14","Halloween in Prospect Park"
"101188","http://www.prospectpark.org/calendar/event/halloween-14","Halloween in Prospect Park"
"101189","http://www.prospectpark.org/calendar/event/halloween-14","Halloween in Prospect Park"
"101190","http://www.prospectpark.org/calendar/event/halloween-14","Halloween in Prospect Park"
"101191","http://www.prospectpark.org/calendar/event/halloween-14","Halloween in Prospect Park"
"101195","http://www.nycgovparks.org/programs/recreation-centers/membership","Recreation Center Membership"
"101195","http://www.nyc.gov/parks/citywideaquatics","NYC Parks Citywide Aquatics"
"101196","http://www.nycgovparks.org/programs/recreation-centers/membership","Recreation Center Membership"
"101196","http://www.nyc.gov/parks/citywideaquatics","NYC Parks Citywide Aquatics"
"101197","http://www.nycgovparks.org/programs/recreation-centers/membership","Recreation Center Membership"
"101197","http://www.nyc.gov/parks/citywideaquatics","NYC Parks Citywide Aquatics"
"101198","http://www.nyc.gov/parks/citywideaquatics","NYC Parks Citywide Aquatics"
"101198","http://www.nycgovparks.org/programs/recreation-centers/membership","Recreation Center Membership"
"101199","http://www.nyc.gov/parks/citywideaquatics","NYC Parks Citywide Aquatics"
"101199","http://www.nycgovparks.org/programs/recreation-centers/membership","Recreation Center Membership"
"101200","http://www.nycgovparks.org/programs/recreation-centers/membership","Recreation Center Membership"
"101200","http://www.nyc.gov/parks/citywideaquatics","NYC Parks Citywide Aquatics"
"101201","http://www.nyc.gov/parks/citywideaquatics","NYC Parks Citywide Aquatics"
"101201","http://www.nycgovparks.org/programs/recreation-centers/membership","Recreation Center Membership"
"101202","http://www.nyc.gov/parks/citywideaquatics","NYC Parks Citywide Aquatics"
"101202","http://www.nycgovparks.org/programs/recreation-centers/membership","Recreation Center Membership"
"101203","http://www.nycgovparks.org/programs/recreation-centers/membership","Recreation Center Membership"
"101203","http://www.nyc.gov/parks/citywideaquatics","NYC Parks Citywide Aquatics"
"101204","http://www.nycgovparks.org/programs/recreation-centers/membership","Recreation Center Membership"
"101204","http://www.nyc.gov/parks/citywideaquatics","NYC Parks Citywide Aquatics"
"101205","http://www.nycgovparks.org/programs/recreation-centers/membership","Recreation Center Membership"
"101205","http://www.nyc.gov/parks/citywideaquatics","NYC Parks Citywide Aquatics"
"101206","http://www.nycgovparks.org/programs/recreation-centers/membership","Recreation Center Membership"
"101206","http://www.nyc.gov/parks/citywideaquatics","NYC Parks Citywide Aquatics"
"101207","http://www.nyc.gov/parks/citywideaquatics","NYC Parks Citywide Aquatics"
"101207","http://www.nycgovparks.org/programs/recreation-centers/membership","Recreation Center Membership"
"101208","http://nyc.gov/parks/citywideaquatics","NYC Parks Citywide Aquatics"
"101209","http://nyc.gov/parks/citywideaquatics","NYC Parks Citywide Aquatics"
"101210","http://nyc.gov/parks/citywideaquatics","NYC Parks Citywide Aquatics"
"101211","http://nyc.gov/parks/citywideaquatics","NYC Parks Citywide Aquatics"
"101212","http://nyc.gov/parks/citywideaquatics","NYC Parks Citywide Aquatics"
"101213","http://nyc.gov/parks/citywideaquatics","NYC Parks Citywide Aquatics"
"101214","http://nyc.gov/parks/citywideaquatics","NYC Parks Citywide Aquatics"
"101215","http://nyc.gov/parks/citywideaquatics","NYC Parks Citywide Aquatics"
"101216","http://nyc.gov/parks/citywideaquatics","NYC Parks Citywide Aquatics"
"101217","http://nyc.gov/parks/citywideaquatics","NYC Parks Citywide Aquatics"
"101218","http://nyc.gov/parks/citywideaquatics","NYC Parks Citywide Aquatics"
"101219","http://nyc.gov/parks/citywideaquatics","NYC Parks Citywide Aquatics"
"101220","http://www.nycgovparks.org/programs/recreation-centers/membership","Recreation Center Membership"
"101220","http://nyc.gov/parks/citywideaquatics","NYC Parks Citywide Aquatics"
"101221","http://nyc.gov/parks/citywideaquatics","NYC Parks Citywide Aquatics"
"101221","http://www.nycgovparks.org/programs/recreation-centers/membership","Recreation Center Membership"
"101222","http://www.nycgovparks.org/programs/recreation-centers/membership","Recreation Center Membership"
"101222","http://nyc.gov/parks/citywideaquatics","NYC Parks Citywide Aquatics"
"101223","http://www.nycgovparks.org/programs/recreation-centers/membership","Recreation Center Membership"
"101223","http://nyc.gov/parks/citywideaquatics","NYC Parks Citywide Aquatics"
"101224","http://nyc.gov/parks/citywideaquatics","NYC Parks Citywide Aquatics"
"101224","http://www.nycgovparks.org/programs/recreation-centers/membership","Recreation Center Membership"
"101225","http://www.nycgovparks.org/programs/recreation-centers/membership","Recreation Center Membership"
"101225","http://nyc.gov/parks/citywideaquatics","NYC Parks Citywide Aquatics"
"101226","http://www.nycgovparks.org/programs/recreation-centers/membership","Recreation Center Membership"
"101226","http://nyc.gov/parks/citywideaquatics","NYC Parks Citywide Aquatics"
"101227","http://www.nycgovparks.org/programs/recreation-centers/membership","Recreation Center Membership"
"101227","http://nyc.gov/parks/citywideaquatics","NYC Parks Citywide Aquatics"
"101228","http://www.nycgovparks.org/programs/recreation-centers/membership","Recreation Center Membership"
"101228","http://nyc.gov/parks/citywideaquatics","NYC Parks Citywide Aquatics"
"101229","http://www.nycgovparks.org/programs/recreation-centers/membership","Recreation Center Membership"
"101229","http://nyc.gov/parks/citywideaquatics","NYC Parks Citywide Aquatics"
"101230","http://www.nycgovparks.org/programs/recreation-centers/membership","Recreation Center Membership"
"101230","http://nyc.gov/parks/citywideaquatics","NYC Parks Citywide Aquatics"
"101231","http://www.nycgovparks.org/programs/recreation-centers/membership","Recreation Center Membership"
"101231","http://nyc.gov/parks/citywideaquatics","NYC Parks Citywide Aquatics"
"101232","http://www.nycgovparks.org/programs/recreation-centers/membership","Recreation Center Membership"
"101232","http://nyc.gov/parks/citywideaquatics","NYC Parks Citywide Aquatics"
"101233","http://www.nycgovparks.org/programs/recreation-centers/membership","Recreation Center Membership"
"101233","http://nyc.gov/parks/citywideaquatics","NYC Parks Citywide Aquatics"
"101234","http://nyc.gov/parks/citywideaquatics","NYC Parks Citywide Aquatics"
"101234","http://www.nycgovparks.org/programs/recreation-centers/membership","Recreation Center Membership"
"101235","http://www.nycgovparks.org/programs/recreation-centers/membership","Recreation Center Membership"
"101235","http://nyc.gov/parks/citywideaquatics","NYC Parks Citywide Aquatics"
"101236","http://www.nycgovparks.org/programs/recreation-centers/membership","Recreation Center Membership"
"101236","http://nyc.gov/parks/citywideaquatics","NYC Parks Citywide Aquatics"
"101237","http://nyc.gov/parks/citywideaquatics","NYC Parks Citywide Aquatics"
"101237","http://www.nycgovparks.org/programs/recreation-centers/membership","Recreation Center Membership"
"101238","http://nyc.gov/parks/citywideaquatics","NYC Parks Citywide Aquatics"
"101238","http://www.nycgovparks.org/programs/recreation-centers/membership","Recreation Center Membership"
"101239","http://nyc.gov/parks/citywideaquatics","NYC Parks Citywide Aquatics"
"101239","http://www.nycgovparks.org/programs/recreation-centers/membership","Recreation Center Membership"
"101240","http://www.nycgovparks.org/programs/recreation-centers/membership","Recreation Center Membership"
"101240","http://nyc.gov/parks/citywideaquatics","NYC Parks Citywide Aquatics"
"101241","http://nyc.gov/parks/citywideaquatics","NYC Parks Citywide Aquatics"
"101241","http://www.nycgovparks.org/programs/recreation-centers/membership","Recreation Center Membership"
"101242","http://nyc.gov/parks/citywideaquatics","NYC Parks Citywide Aquatics"
"101242","http://www.nycgovparks.org/programs/recreation-centers/membership","Recreation Center Membership"
"101243","http://www.nycgovparks.org/programs/recreation-centers/membership","Recreation Center Membership"
"101243","http://nyc.gov/parks/citywideaquatics","NYC Parks Citywide Aquatics"
"101244","http://nyc.gov/parks/citywideaquatics","NYC Parks Citywide Aquatics"
"101244","http://www.nycgovparks.org/programs/recreation-centers/membership","Recreation Center Membership"
"101245","http://www.nycgovparks.org/programs/recreation-centers/membership","Recreation Center Membership"
"101245","http://nyc.gov/parks/citywideaquatics","NYC Parks Citywide Aquatics"
"101246","http://www.nycgovparks.org/programs/recreation-centers/membership","Recreation Center Membership"
"101246","http://nyc.gov/parks/citywideaquatics","NYC Parks Citywide Aquatics"
"101247","http://nyc.gov/parks/citywideaquatics","NYC Parks Citywide Aquatics"
"101247","http://www.nycgovparks.org/programs/recreation-centers/membership","Recreation Center Membership"
"101248","http://www.nycgovparks.org/programs/recreation-centers/membership","Recreation Center Membership"
"101248","http://nyc.gov/parks/citywideaquatics","NYC Parks Citywide Aquatics"
"101249","http://www.nycgovparks.org/programs/recreation-centers/membership","Recreation Center Membership"
"101249","http://nyc.gov/parks/citywideaquatics","NYC Parks Citywide Aquatics"
"101250","http://nyc.gov/parks/citywideaquatics","NYC Parks Citywide Aquatics"
"101250","http://www.nycgovparks.org/programs/recreation-centers/membership","Recreation Center Membership"
"101251","http://nyc.gov/parks/citywideaquatics","NYC Parks Citywide Aquatics"
"101251","http://www.nycgovparks.org/programs/recreation-centers/membership","Recreation Center Membership"
"101252","http://www.nycgovparks.org/programs/recreation-centers/membership","Recreation Center Membership"
"101252","http://nyc.gov/parks/citywideaquatics","NYC Parks Citywide Aquatics"
"101253","http://www.nycgovparks.org/programs/recreation-centers/membership","Recreation Center Membership"
"101253","http://nyc.gov/parks/citywideaquatics","NYC Parks Citywide Aquatics"
"101254","http://nyc.gov/parks/citywideaquatics","NYC Parks Citywide Aquatics"
"101254","http://www.nycgovparks.org/programs/recreation-centers/membership","Recreation Center Membership"
"101255","http://nyc.gov/parks/citywideaquatics","NYC Parks Citywide Aquatics"
"101255","http://www.nycgovparks.org/programs/recreation-centers/membership","Recreation Center Membership"
"101256","http://nyc.gov/parks/citywideaquatics","NYC Parks Citywide Aquatics"
"101256","http://www.nycgovparks.org/programs/recreation-centers/membership","Recreation Center Membership"
"101257","http://www.nycgovparks.org/programs/recreation-centers/membership","Recreation Center Membership"
"101257","http://nyc.gov/parks/citywideaquatics","NYC Parks Citywide Aquatics"
"101258","http://www.nycgovparks.org/programs/recreation-centers/membership","Recreation Center Membership"
"101258","http://nyc.gov/parks/citywideaquatics","NYC Parks Citywide Aquatics"
"101259","http://www.nycgovparks.org/programs/recreation-centers/membership","Recreation Center Membership"
"101259","http://nyc.gov/parks/citywideaquatics","NYC Parks Citywide Aquatics"
"101260","http://www.nycgovparks.org/programs/recreation-centers/membership","Recreation Center Membership"
"101260","http://nyc.gov/parks/citywideaquatics","NYC Parks Citywide Aquatics"
"101261","http://www.nycgovparks.org/programs/recreation-centers/membership","Recreation Center Membership"
"101261","http://nyc.gov/parks/citywideaquatics","NYC Parks Citywide Aquatics"
"101262","http://nyc.gov/parks/citywideaquatics","NYC Parks Citywide Aquatics"
"101262","http://www.nycgovparks.org/programs/recreation-centers/membership","Recreation Center Membership"
"101263","http://www.nycgovparks.org/programs/recreation-centers/membership","Recreation Center Membership"
"101263","http://nyc.gov/parks/citywideaquatics","NYC Parks Citywide Aquatics"
"101264","http://www.nycgovparks.org/programs/recreation-centers/membership","Recreation Center Membership"
"101264","http://nyc.gov/parks/citywideaquatics","NYC Parks Citywide Aquatics"
"101265","http://nyc.gov/parks/citywideaquatics","NYC Parks Citywide Aquatics"
"101265","http://www.nycgovparks.org/programs/recreation-centers/membership","Recreation Center Membership"
"101266","http://www.nycgovparks.org/programs/recreation-centers/membership","Recreation Center Membership"
"101266","http://nyc.gov/parks/citywideaquatics","NYC Parks Citywide Aquatics"
"101267","http://www.nycgovparks.org/programs/recreation-centers/membership","Recreation Center Membership"
"101267","http://nyc.gov/parks/citywideaquatics","NYC Parks Citywide Aquatics"
"101268","http://nyc.gov/parks/citywideaquatics","NYC Parks Citywide Aquatics"
"101268","http://www.nycgovparks.org/programs/recreation-centers/membership","Recreation Center Membership"
"101282","http://nyc.gov/parks/citywideaquatics","NYC Parks Citywide Aquatics"
"101282","http://www.nycgovparks.org/programs/recreation-centers/membership","Recreation Center Membership"
"101283","http://nyc.gov/parks/citywideaquatics","NYC Parks Citywide Aquatics"
"101283","http://www.nycgovparks.org/programs/recreation-centers/membership","Recreation Center Membership"
"101284","http://nyc.gov/parks/citywideaquatics","NYC Parks Citywide Aquatics"
"101284","http://www.nycgovparks.org/programs/recreation-centers/membership","Recreation Center Membership"
"101285","http://nyc.gov/parks/citywideaquatics","NYC Parks Citywide Aquatics"
"101285","http://www.nycgovparks.org/programs/recreation-centers/membership","Recreation Center Membership"
"101286","http://nyc.gov/parks/citywideaquatics","NYC Parks Citywide Aquatics"
"101286","http://www.nycgovparks.org/programs/recreation-centers/membership","Recreation Center Membership"
"101287","http://www.nycgovparks.org/programs/recreation-centers/membership","Recreation Center Membership"
"101287","http://nyc.gov/parks/citywideaquatics","NYC Parks Citywide Aquatics"
"101288","http://www.nycgovparks.org/programs/recreation-centers/membership","Recreation Center Membership"
"101288","http://nyc.gov/parks/citywideaquatics","NYC Parks Citywide Aquatics"
"101289","http://www.nycgovparks.org/programs/recreation-centers/membership","Recreation Center Membership"
"101289","http://nyc.gov/parks/citywideaquatics","NYC Parks Citywide Aquatics"
"101290","http://nyc.gov/parks/citywideaquatics","NYC Parks Citywide Aquatics"
"101290","http://www.nycgovparks.org/programs/recreation-centers/membership","Recreation Center Membership"
"101291","http://nyc.gov/parks/citywideaquatics","NYC Parks Citywide Aquatics"
"101291","http://www.nycgovparks.org/programs/recreation-centers/membership","Recreation Center Membership"
"101292","http://www.nycgovparks.org/programs/recreation-centers/membership","Recreation Center Membership"
"101292","http://nyc.gov/parks/citywideaquatics","NYC Parks Citywide Aquatics"
"101293","http://www.nycgovparks.org/programs/recreation-centers/membership","Recreation Center Membership"
"101293","http://nyc.gov/parks/citywideaquatics","NYC Parks Citywide Aquatics"
"101294","https://www.eventbrite.com/e/going-seed-to-table-in-the-fall-garden-and-kitchen-classroom-tickets-13281095113","RSVP here"
"101295","http://www.nycgovparks.org/programs/recreation-centers/membership","Recreation Center Membership"
"101295","http://nyc.gov/parks/citywideaquatics","NYC Parks Citywide Aquatics"
"101296","http://nyc.gov/parks/citywideaquatics","NYC Parks Citywide Aquatics"
"101296","http://www.nycgovparks.org/programs/recreation-centers/membership","Recreation Center Membership"
"101297","http://www.nycgovparks.org/programs/recreation-centers/membership","Recreation Center Membership"
"101297","http://nyc.gov/parks/citywideaquatics","NYC Parks Citywide Aquatics"
"101298","http://www.nycgovparks.org/programs/recreation-centers/membership","Recreation Center Membership"
"101298","http://nyc.gov/parks/citywideaquatics","NYC Parks Citywide Aquatics"
"101299","http://www.nycgovparks.org/programs/recreation-centers/membership","Recreation Center Membership"
"101299","http://nyc.gov/parks/citywideaquatics","NYC Parks Citywide Aquatics"
"101300","http://www.nycgovparks.org/programs/recreation-centers/membership","Recreation Center Membership"
"101300","http://nyc.gov/parks/citywideaquatics","NYC Parks Citywide Aquatics"
"101301","http://www.nycgovparks.org/programs/recreation-centers/membership","Recreation Center Membership"
"101301","http://nyc.gov/parks/citywideaquatics","NYC Parks Citywide Aquatics"
"101302","http://www.nycgovparks.org/programs/recreation-centers/membership","Recreation Center Membership"
"101302","http://nyc.gov/parks/citywideaquatics","NYC Parks Citywide Aquatics"
"101303","http://nyc.gov/parks/citywideaquatics","NYC Parks Citywide Aquatics"
"101303","http://www.nycgovparks.org/programs/recreation-centers/membership","Recreation Center Membership"
"101304","http://www.nycgovparks.org/programs/recreation-centers/membership","Recreation Center Membership"
"101304","http://nyc.gov/parks/citywideaquatics","NYC Parks Citywide Aquatics"
"101305","http://www.nycgovparks.org/programs/recreation-centers/membership","Recreation Center Membership"
"101305","http://nyc.gov/parks/citywideaquatics","NYC Parks Citywide Aquatics"
"101306","http://nyc.gov/parks/citywideaquatics","NYC Parks Citywide Aquatics"
"101306","http://www.nycgovparks.org/programs/recreation-centers/membership","Recreation Center Membership"
"101307","http://www.nyrp.org/calendar","New York Restoration Project Events"
"101308","http://www.eastmidtown.org/tramwayplaza","East Midtown Partnership"
"101309","http://play-diem.com","Play-diem"
"101316","http://www.nycgovparks.org/programs/recreation-centers/membership","Recreation Center Membership"
"101316","http://nyc.gov/parks/citywideaquatics","NYC Parks Citywide Aquatics"
"101317","http://www.nycgovparks.org/programs/recreation-centers/membership","Recreation Center Membership"
"101317","http://nyc.gov/parks/citywideaquatics","NYC Parks Citywide Aquatics"
"101318","http://www.nycgovparks.org/programs/recreation-centers/membership","Recreation Center Membership"
"101318","http://nyc.gov/parks/citywideaquatics","NYC Parks Citywide Aquatics"
"101319","http://nyc.gov/parks/citywideaquatics","NYC Parks Citywide Aquatics"
"101319","http://www.nycgovparks.org/programs/recreation-centers/membership","Recreation Center Membership"
"101320","http://nyc.gov/parks/citywideaquatics","NYC Parks Citywide Aquatics"
"101320","http://www.nycgovparks.org/programs/recreation-centers/membership","Recreation Center Membership"
"101321","http://www.nycgovparks.org/programs/recreation-centers/membership","Recreation Center Membership"
"101321","http://nyc.gov/parks/citywideaquatics","NYC Parks Citywide Aquatics"
"101322","http://nyc.gov/parks/citywideaquatics","NYC Parks Citywide Aquatics"
"101322","http://www.nycgovparks.org/programs/recreation-centers/membership","Recreation Center Membership"
"101323","http://nyc.gov/parks/citywideaquatics","NYC Parks Citywide Aquatics"
"101323","http://www.nycgovparks.org/programs/recreation-centers/membership","Recreation Center Membership"
"101324","http://www.nycgovparks.org/programs/recreation-centers/membership","Recreation Center Membership"
"101324","http://nyc.gov/parks/citywideaquatics","NYC Parks Citywide Aquatics"
"101325","http://nyc.gov/parks/citywideaquatics","NYC Parks Citywide Aquatics"
"101325","http://www.nycgovparks.org/programs/recreation-centers/membership","Recreation Center Membership"
"101326","http://nyc.gov/parks/citywideaquatics","NYC Parks Citywide Aquatics"
"101326","http://www.nycgovparks.org/programs/recreation-centers/membership","Recreation Center Membership"
"101327","http://nyc.gov/parks/citywideaquatics","NYC Parks Citywide Aquatics"
"101327","http://www.nycgovparks.org/programs/recreation-centers/membership","Recreation Center Membership"
"101328","http://www.nycgovparks.org/programs/recreation-centers/membership","Recreation Center Membership"
"101328","http://nyc.gov/parks/citywideaquatics","NYC Parks Citywide Aquatics"
"101330","http://www.nycgovparks.org/programs/recreation-centers/membership","Recreation Center Membership"
"101330","http://nyc.gov/parks/citywideaquatics","NYC Parks Adapted Aquatics"
"101331","http://www.nycgovparks.org/programs/recreation-centers/membership","Recreation Center Membership"
"101331","http://nyc.gov/parks/citywideaquatics","NYC Parks Adapted Aquatics"
"101332","http://www.nycgovparks.org/programs/recreation-centers/membership","Recreation Center Membership"
"101332","http://nyc.gov/parks/citywideaquatics","NYC Parks Adapted Aquatics"
"101333","http://nyc.gov/parks/citywideaquatics","NYC Parks Adapted Aquatics"
"101333","http://www.nycgovparks.org/programs/recreation-centers/membership","Recreation Center Membership"
"101334","http://nyc.gov/parks/citywideaquatics","NYC Parks Adapted Aquatics"
"101334","http://www.nycgovparks.org/programs/recreation-centers/membership","Recreation Center Membership"
"101335","http://nyc.gov/parks/citywideaquatics","NYC Parks Adapted Aquatics"
"101335","http://www.nycgovparks.org/programs/recreation-centers/membership","Recreation Center Membership"
"101336","http://nyc.gov/parks/citywideaquatics","NYC Parks Adapted Aquatics"
"101336","http://www.nycgovparks.org/programs/recreation-centers/membership","Recreation Center Membership"
"101337","http://www.nycgovparks.org/programs/recreation-centers/membership","Recreation Center Membership"
"101337","http://nyc.gov/parks/citywideaquatics","NYC Parks Adapted Aquatics"
"101338","http://www.nycgovparks.org/programs/recreation-centers/membership","Recreation Center Membership"
"101338","http://nyc.gov/parks/citywideaquatics","NYC Parks Adapted Aquatics"
"101339","http://nyc.gov/parks/citywideaquatics","NYC Parks Adapted Aquatics"
