"school_dbn","primary_program_type","fully_receiving","percentage_fully_receiving","partially_receiving","percentage_partially_receiving","not_receiving","percentage_not_receiving"
"01M015","Integrated Co-Teaching Services","27","96%","<=5","*","<=5","*"
"01M015","Special Class","0","0%","<=5","100%","0","0%"
"01M019","Integrated Co-Teaching Services","51","100%","0","0%","0","0%"
"01M019","Special Class","9","90%","<=5","*","<=5","*"
"01M020","Integrated Co-Teaching Services","28","78%","<=5","*","<=5","*"
"01M020","SETSS","9","69%","<=5","*","<=5","*"
"01M020","Special Class","12","75%","<=5","*","<=5","*"
"01M034","Integrated Co-Teaching Services","71","96%","<=5","*","<=5","*"
"01M034","SETSS","<=5","100%","0","0%","0","0%"
"01M034","Special Class","0","0%","<=5","100%","0","0%"
"01M063","Integrated Co-Teaching Services","47","100%","0","0%","0","0%"
"01M064","Integrated Co-Teaching Services","44","100%","0","0%","0","0%"
"01M110","Integrated Co-Teaching Services","34","92%","<=5","*","<=5","*"
"01M110","SETSS","0","0%","<=5","100%","0","0%"
"01M134","Integrated Co-Teaching Services","30","88%","<=5","*","<=5","*"
"01M134","SETSS","<=5","100%","0","0%","0","0%"
"01M134","Special Class","15","75%","<=5","*","<=5","*"
"01M140","Integrated Co-Teaching Services","41","67%","20","33%","0","0%"
"01M140","SETSS","<=5","*","<=5","*","0","0%"
"01M140","Special Class","37","67%","18","33%","0","0%"
"01M142","Integrated Co-Teaching Services","45","94%","<=5","*","<=5","*"
"01M142","SETSS","0","0%","<=5","100%","0","0%"
"01M142","Special Class","18","95%","<=5","*","<=5","*"
"01M184","Integrated Co-Teaching Services","75","99%","<=5","*","<=5","*"
"01M184","SETSS","<=5","100%","0","0%","0","0%"
"01M188","Integrated Co-Teaching Services","65","79%",">5","*","<=5","*"
"01M188","Special Class","20","50%",">5","*","<=5","*"
"01M292","Integrated Co-Teaching Services","40","56%",">5","*","<=5","*"
"01M292","SETSS","0","0%","<=5","100%","0","0%"
"01M292","Special Class","0","0%","<=5","100%","0","0%"
"01M315","Integrated Co-Teaching Services","41","98%","<=5","*","<=5","*"
"01M315","SETSS","<=5","100%","0","0%","0","0%"
"01M332","Integrated Co-Teaching Services","45","71%","18","29%","0","0%"
"01M332","SETSS","0","0%","<=5","100%","0","0%"
"01M332","Special Class","13","87%","<=5","*","<=5","*"
"01M361","Integrated Co-Teaching Services","45","94%","<=5","*","<=5","*"
"01M361","SETSS","<=5","*","<=5","*","0","0%"
"01M363","Integrated Co-Teaching Services","47","100%","0","0%","0","0%"
"01M363","Special Class","0","0%","<=5","100%","0","0%"
"01M364","Integrated Co-Teaching Services","49","94%","<=5","*","<=5","*"
"01M364","Special Class","0","0%","<=5","100%","0","0%"
"01M378","Integrated Co-Teaching Services","49","96%","<=5","*","<=5","*"
"01M378","SETSS","<=5","100%","0","0%","0","0%"
"01M378","Special Class","0","0%","<=5","100%","0","0%"
"01M448","Integrated Co-Teaching Services","88","95%","<=5","*","<=5","*"
"01M448","SETSS","<=5","100%","0","0%","0","0%"
"01M448","Special Class","0","0%","<=5","100%","0","0%"
"01M450","Integrated Co-Teaching Services","60","35%",">5","*","<=5","*"
"01M450","SETSS","0","*","7","100%","0","0%"
"01M450","Special Class","11","69%","<=5","*","<=5","*"
"01M458","Integrated Co-Teaching Services",">5","*","7","20%","<=5","*"
"01M458","SETSS","0","0%","<=5","100%","0","0%"
"01M515","Integrated Co-Teaching Services","<=5","*","10","91%","<=5","*"
"01M515","SETSS","24","92%","<=5","*","<=5","*"
"01M515","Special Class","0","0%","<=5","100%","0","0%"
"01M539","Integrated Co-Teaching Services","107","62%","59","34%","6","3%"
"01M539","SETSS","10","83%","<=5","*","<=5","*"
"01M539","Special Class","0","0%","<=5","100%","0","0%"
"01M650","Integrated Co-Teaching Services","35","69%",">5","*","<=5","*"
"01M650","SETSS","0","0%","<=5","100%","0","0%"
"01M696","Integrated Co-Teaching Services","30","38%","50","63%","0","0%"
"01M696","SETSS","6","50%","<=5","*","<=5","*"
"01M696","Special Class","0","0%","<=5","100%","0","0%"
"01M839","Integrated Co-Teaching Services","67","74%","24","26%","0","0%"
"01M839","SETSS","0","0%","<=5","100%","0","0%"
"01M839","Special Class","0","0%","<=5","100%","0","0%"
"02M001","Integrated Co-Teaching Services","29","100%","0","0%","0","0%"
"02M001","SETSS","<=5","*","<=5","*","0","0%"
"02M001","Special Class","<=5","*","<=5","*","0","0%"
"02M002","Integrated Co-Teaching Services","47","84%","<=5","*",">5","*"
"02M002","SETSS","6","100%","0","0%","0","0%"
"02M002","Special Class","9","60%","6","40%","0","0%"
"02M003","Integrated Co-Teaching Services","64","98%","<=5","*","<=5","*"
"02M003","SETSS","<=5","100%","0","0%","0","0%"
"02M003","Special Class","18","90%","<=5","*","<=5","*"
"02M006","Integrated Co-Teaching Services","49","94%","<=5","*","<=5","*"
"02M006","SETSS","11","85%","<=5","*","<=5","*"
"02M011","Integrated Co-Teaching Services","51","100%","0","0%","0","0%"
"02M011","SETSS","8","100%","0","0%","0","0%"
"02M011","Special Class","0","0%","<=5","100%","0","0%"
"02M033","Integrated Co-Teaching Services","41","98%","<=5","*","<=5","*"
"02M033","SETSS","<=5","100%","0","0%","0","0%"
"02M033","Special Class","21","95%","<=5","*","<=5","*"
"02M040","Integrated Co-Teaching Services","53","96%","<=5","*","<=5","*"
"02M040","SETSS","11","100%","0","0%","0","0%"
"02M041","Integrated Co-Teaching Services","45","100%","0","0%","0","0%"
"02M041","SETSS","<=5","100%","0","0%","0","0%"
"02M041","Special Class","0","0%","0","0%","<=5","100%"
"02M042","Integrated Co-Teaching Services","84","97%","<=5","*","<=5","*"
"02M042","Special Class","0","0%","<=5","100%","0","0%"
"02M047","Integrated Co-Teaching Services","55","96%","<=5","*","<=5","*"
"02M047","Special Class","0","0%","<=5","100%","0","0%"
"02M051","Integrated Co-Teaching Services","63","98%","<=5","*","<=5","*"
"02M051","SETSS","7","100%","0","0%","0","0%"
"02M051","Special Class","<=5","*","<=5","*","0","0%"
"02M059","Integrated Co-Teaching Services","47","75%",">5","*","<=5","*"
"02M059","Special Class","0","0%","<=5","*","<=5","*"
"02M077","SETSS","10","100%","0","0%","0","0%"
"02M089","Integrated Co-Teaching Services","34","97%","<=5","*","<=5","*"
"02M089","SETSS","<=5","100%","0","0%","0","0%"
"02M104","Integrated Co-Teaching Services","71","73%","26","27%","0","0%"
"02M104","SETSS","16","100%","0","0%","0","0%"
"02M104","Special Class","22","96%","<=5","*","<=5","*"
"02M111","Integrated Co-Teaching Services","35","92%","<=5","*","<=5","*"
"02M111","SETSS","<=5","*","<=5","*","0","0%"
"02M111","Special Class","10","34%",">5","*","<=5","*"
"02M114","Integrated Co-Teaching Services","53","67%","26","33%","0","0%"
"02M114","Special Class","0","0%","<=5","100%","0","0%"
"02M116","Integrated Co-Teaching Services","35","92%","<=5","*","<=5","*"
"02M116","SETSS","<=5","100%","0","0%","0","0%"
"02M124","Integrated Co-Teaching Services","34","94%","<=5","*","<=5","*"
"02M126","Integrated Co-Teaching Services","98","99%","<=5","*","<=5","*"
"02M126","SETSS","10","100%","0","0%","0","0%"
"02M126","Special Class","0","0%","<=5","100%","0","0%"
"02M130","Integrated Co-Teaching Services","41","100%","0","0%","0","0%"
"02M130","SETSS","14","100%","0","0%","0","0%"
"02M130","Special Class","8","42%","11","58%","0","0%"
"02M131","Integrated Co-Teaching Services","37","77%","11","23%","0","0%"
"02M131","SETSS","0","0%","<=5","100%","0","0%"
"02M131","Special Class","23","92%","<=5","*","<=5","*"
"02M135","Integrated Co-Teaching Services","37","71%","15","29%","0","0%"
"02M135","Special Class","0","*","6","100%","0","0%"
"02M139","Integrated Co-Teaching Services","81","70%","35","30%","0","0%"
"02M139","SETSS","0","0%","<=5","100%","0","0%"
"02M150","SETSS","8","100%","0","0%","0","0%"
"02M151","Integrated Co-Teaching Services","43","98%","<=5","*","<=5","*"
"02M151","SETSS","6","100%","0","0%","0","0%"
"02M151","Special Class","0","0%","<=5","100%","0","0%"
"02M158","Integrated Co-Teaching Services","50","98%","<=5","*","<=5","*"
"02M158","SETSS","8","100%","0","0%","0","0%"
"02M158","Special Class","0","0%","<=5","100%","0","0%"
"02M167","Integrated Co-Teaching Services","119","96%","<=5","*","<=5","*"
"02M167","SETSS","25","100%","0","0%","0","0%"
"02M167","Special Class","11","85%","<=5","*","<=5","*"
"02M177","Integrated Co-Teaching Services","48","98%","<=5","*","<=5","*"
"02M177","SETSS","<=5","*","<=5","*","0","0%"
"02M183","Integrated Co-Teaching Services","43","100%","0","0%","0","0%"
"02M183","SETSS","8","100%","0","0%","0","0%"
"02M198","Integrated Co-Teaching Services","54","100%","0","0%","0","0%"
"02M198","SETSS","<=5","100%","0","0%","0","0%"
"02M198","Special Class","0","0%","<=5","100%","0","0%"
"02M212","Integrated Co-Teaching Services","0","0%","<=5","100%","0","0%"
"02M212","SETSS","12","92%","<=5","*","<=5","*"
"02M212","Special Class","0","0%","<=5","100%","0","0%"
"02M217","Integrated Co-Teaching Services","70","96%","<=5","*","<=5","*"
"02M217","SETSS","<=5","100%","0","0%","0","0%"
"02M217","Special Class","0","0%","<=5","100%","0","0%"
"02M225","Integrated Co-Teaching Services","32","82%","7","18%","0","0%"
"02M225","SETSS","7","78%","<=5","*","<=5","*"
"02M225","Special Class","0","0%","<=5","100%","0","0%"
"02M234","Integrated Co-Teaching Services","60","98%","<=5","*","<=5","*"
"02M234","SETSS","<=5","100%","0","0%","0","0%"
"02M234","Special Class","0","0%","<=5","100%","0","0%"
"02M255","Integrated Co-Teaching Services","63","100%","0","0%","0","0%"
"02M255","SETSS","<=5","100%","0","0%","0","0%"
"02M260","Integrated Co-Teaching Services","124","93%","10","7%","0","0%"
"02M260","SETSS","0","0%","<=5","100%","0","0%"
"02M267","Integrated Co-Teaching Services","39","100%","0","0%","0","0%"
"02M267","SETSS","<=5","100%","0","0%","0","0%"
"02M267","Special Class","0","0%","<=5","100%","0","0%"
"02M276","Integrated Co-Teaching Services","111","95%","6","5%","0","0%"
"02M276","Special Class","0","0%","<=5","100%","0","0%"
"02M280","Integrated Co-Teaching Services","22","34%",">5","*","<=5","*"
"02M280","SETSS","0","0%","<=5","*","<=5","*"
"02M280","Special Class","0","*","10","100%","0","0%"
"02M281","Integrated Co-Teaching Services","41","100%","0","0%","0","0%"
"02M281","SETSS","<=5","100%","0","0%","0","0%"
"02M281","Special Class","0","0%","<=5","100%","0","0%"
"02M282","Integrated Co-Teaching Services","80","78%","23","22%","0","0%"
"02M282","SETSS","15","100%","0","0%","0","0%"
"02M288","Integrated Co-Teaching Services","83","81%","20","19%","0","0%"
"02M288","SETSS","0","0%","<=5","100%","0","0%"
"02M288","Special Class","0","0%","<=5","100%","0","0%"
"02M289","Integrated Co-Teaching Services","37","95%","<=5","*","<=5","*"
"02M289","SETSS","0","*","11","100%","0","0%"
"02M290","Integrated Co-Teaching Services","37","97%","<=5","*","<=5","*"
"02M290","SETSS","<=5","100%","0","0%","0","0%"
"02M290","Special Class","0","0%","<=5","100%","0","0%"
"02M294","Integrated Co-Teaching Services","74","100%","0","0%","0","0%"
"02M294","SETSS","10","100%","0","0%","0","0%"
"02M294","Special Class","0","0%","<=5","100%","0","0%"
"02M296","Integrated Co-Teaching Services","15","71%","<=5","*","<=5","*"
"02M296","SETSS","32","100%","0","0%","0","0%"
"02M296","Special Class","0","0%","<=5","100%","0","0%"
"02M297","Integrated Co-Teaching Services","82","96%","<=5","*","<=5","*"
"02M297","SETSS","22","92%","<=5","*","<=5","*"
"02M297","Special Class","0","*","6","100%","0","0%"
"02M298","Integrated Co-Teaching Services","91","83%",">5","*","<=5","*"
"02M298","SETSS","<=5","*","<=5","*","0","0%"
"02M298","Special Class","9","69%","<=5","*","<=5","*"
"02M300","Integrated Co-Teaching Services","40","67%",">5","*","<=5","*"
"02M300","SETSS","<=5","100%","0","0%","0","0%"
"02M300","Special Class","0","0%","<=5","100%","0","0%"
"02M303","Integrated Co-Teaching Services","72","96%","<=5","*","<=5","*"
"02M303","SETSS","14","100%","0","0%","0","0%"
"02M303","Special Class","0","0%","<=5","100%","0","0%"
"02M305","Integrated Co-Teaching Services","59","94%","<=5","*","<=5","*"
"02M308","Integrated Co-Teaching Services","68","72%",">5","*","<=5","*"
"02M308","SETSS","0","0%","<=5","100%","0","0%"
"02M308","Special Class","0","0%","<=5","100%","0","0%"
"02M312","Integrated Co-Teaching Services","90","99%","<=5","*","<=5","*"
"02M312","Special Class","0","0%","<=5","100%","0","0%"
"02M313","Integrated Co-Teaching Services","25","49%",">5","*","<=5","*"
"02M313","SETSS","0","0%","<=5","100%","0","0%"
"02M313","Special Class","0","0%","<=5","100%","0","0%"
"02M316","Integrated Co-Teaching Services","9","53%","8","47%","0","0%"
"02M316","SETSS","<=5","100%","0","0%","0","0%"
"02M340","Integrated Co-Teaching Services","31","100%","0","0%","0","0%"
"02M340","SETSS","<=5","100%","0","0%","0","0%"
"02M343","Integrated Co-Teaching Services","37","93%","<=5","*","<=5","*"
"02M343","SETSS","<=5","100%","0","0%","0","0%"
"02M347","Integrated Co-Teaching Services","59","84%",">5","*","<=5","*"
"02M347","Special Class","0","0%","<=5","100%","0","0%"
"02M374","Integrated Co-Teaching Services","71","83%","15","17%","0","0%"
"02M374","SETSS","7","78%","<=5","*","<=5","*"
"02M376","Integrated Co-Teaching Services","24","28%",">5","*","<=5","*"
"02M376","SETSS","14","67%","7","33%","0","0%"
"02M392","Integrated Co-Teaching Services","74","88%",">5","*","<=5","*"
"02M392","Special Class","0","0%","<=5","*","<=5","*"
"02M393","Integrated Co-Teaching Services","61","73%",">5","*","<=5","*"
"02M393","SETSS","7","78%","<=5","*","<=5","*"
"02M393","Special Class","7","64%","<=5","*","<=5","*"
"02M394","Special Class","0","0%","0","0%","<=5","100%"
"02M397","Integrated Co-Teaching Services","69","100%","0","0%","0","0%"
"02M397","SETSS","<=5","100%","0","0%","0","0%"
"02M397","Special Class","0","0%","<=5","100%","0","0%"
"02M399","Integrated Co-Teaching Services","36","90%","<=5","*","<=5","*"
"02M399","SETSS","0","0%","<=5","100%","0","0%"
"02M399","Special Class","0","0%","<=5","100%","0","0%"
"02M400","Integrated Co-Teaching Services","133","81%",">5","*","<=5","*"
"02M400","SETSS","<=5","100%","0","0%","0","0%"
"02M400","Special Class","12","75%","<=5","*","<=5","*"
"02M407","Integrated Co-Teaching Services","41","44%","32","34%","20","22%"
"02M407","SETSS","0","0%","<=5","*","<=5","*"
"02M407","Special Class","0","0%","<=5","100%","0","0%"
"02M408","Integrated Co-Teaching Services","86","88%","12","12%","0","0%"
"02M408","SETSS","<=5","*","<=5","*","0","0%"
"02M411","Integrated Co-Teaching Services","42","53%","38","48%","0","0%"
"02M412","Integrated Co-Teaching Services","97","99%","<=5","*","<=5","*"
"02M412","SETSS","9","100%","0","0%","0","0%"
"02M413","Integrated Co-Teaching Services","153","96%","6","4%","0","0%"
"02M413","SETSS","0","*","6","100%","0","0%"
"02M413","Special Class","0","0%","<=5","100%","0","0%"
"02M414","Integrated Co-Teaching Services","71","79%",">5","*","<=5","*"
"02M414","SETSS","0","0%","<=5","100%","0","0%"
"02M414","Special Class","0","0%","<=5","100%","0","0%"
"02M416","Integrated Co-Teaching Services","79","94%","<=5","*","<=5","*"
"02M416","SETSS","0","0%","<=5","100%","0","0%"
"02M418","Integrated Co-Teaching Services","13","14%",">5","*","<=5","*"
"02M418","SETSS","0","0%","<=5","100%","0","0%"
"02M419","Integrated Co-Teaching Services","63","75%",">5","*","<=5","*"
"02M419","SETSS","0","0%","<=5","*","<=5","*"
"02M419","Special Class","0","0%","<=5","100%","0","0%"
"02M420","Integrated Co-Teaching Services","140","61%",">5","*","<=5","*"
"02M420","SETSS","14","50%","14","50%","0","0%"
"02M420","Special Class","0","*","10","100%","0","0%"
"02M422","Integrated Co-Teaching Services","114","93%","9","7%","0","0%"
"02M422","SETSS","21","91%","<=5","*","<=5","*"
"02M422","Special Class","17","74%","6","26%","0","0%"
"02M425","Integrated Co-Teaching Services","17","81%","<=5","*","<=5","*"
"02M425","SETSS","21","91%","<=5","*","<=5","*"
"02M425","Special Class","0","0%","<=5","100%","0","0%"
"02M427","Integrated Co-Teaching Services","12","80%","<=5","*","<=5","*"
"02M427","SETSS","<=5","100%","0","0%","0","0%"
"02M427","Special Class","0","0%","<=5","100%","0","0%"
"02M432","Integrated Co-Teaching Services","18","32%",">5","*","<=5","*"
"02M432","SETSS","0","0%","<=5","100%","0","0%"
"02M437","Integrated Co-Teaching Services","49","77%",">5","*","<=5","*"
"02M437","SETSS","6","100%","0","0%","0","0%"
"02M437","Special Class","0","0%","<=5","100%","0","0%"
"02M438","SETSS","6","100%","0","0%","0","0%"
"02M439","Integrated Co-Teaching Services","69","88%","9","12%","0","0%"
"02M442","Integrated Co-Teaching Services","0","0%","<=5","100%","0","0%"
"02M442","SETSS","6","100%","0","0%","0","0%"
"02M449","Integrated Co-Teaching Services","55","65%","29","35%","0","0%"
"02M449","Special Class","0","0%","<=5","100%","0","0%"
"02M459","SETSS","0","0%","<=5","*","<=5","*"
"02M459","Special Class","0","0%","<=5","100%","0","0%"
"02M475","Integrated Co-Teaching Services","<=5","100%","0","0%","0","0%"
"02M475","SETSS","8","100%","0","0%","0","0%"
"02M489","Integrated Co-Teaching Services","82","89%","10","11%","0","0%"
"02M489","SETSS","21","100%","0","0%","0","0%"
"02M489","Special Class","<=5","*","8","89%","<=5","*"
"02M500","Integrated Co-Teaching Services","49","82%",">5","*","<=5","*"
"02M500","Special Class","0","0%","<=5","*","<=5","*"
"02M507","Integrated Co-Teaching Services","41","38%",">5","*","<=5","*"
"02M507","SETSS","0","0%","<=5","100%","0","0%"
"02M507","Special Class","0","0%","<=5","*","<=5","*"
"02M519","Integrated Co-Teaching Services","67","88%",">5","*","<=5","*"
"02M519","SETSS","0","0%","<=5","100%","0","0%"
"02M519","Special Class","0","0%","<=5","100%","0","0%"
"02M520","Integrated Co-Teaching Services","15","79%","<=5","*","<=5","*"
"02M527","Integrated Co-Teaching Services","72","100%","0","0%","0","0%"
"02M527","SETSS","0","0%","0","0%","<=5","100%"
"02M529","Integrated Co-Teaching Services","34","92%","<=5","*","<=5","*"
"02M529","SETSS","0","0%","<=5","100%","0","0%"
"02M529","Special Class","7","88%","<=5","*","<=5","*"
"02M531","Integrated Co-Teaching Services","43","93%","<=5","*","<=5","*"
"02M531","SETSS","0","0%","<=5","100%","0","0%"
"02M531","Special Class","0","0%","<=5","100%","0","0%"
"02M533","Integrated Co-Teaching Services","45","69%",">5","*","<=5","*"
"02M533","SETSS","0","0%","<=5","*","<=5","*"
"02M533","Special Class","0","0%","<=5","100%","0","0%"
"02M534","Integrated Co-Teaching Services","21","24%","53","61%","13","15%"
"02M534","SETSS","<=5","100%","0","0%","0","0%"
"02M534","Special Class","0","0%","<=5","*","<=5","*"
"02M542","Integrated Co-Teaching Services","<=5","*","33","83%","<=5","*"
"02M542","SETSS","<=5","*","<=5","*","0","0%"
"02M542","Special Class","<=5","*","11","92%","<=5","*"
"02M543","Integrated Co-Teaching Services","101","89%","13","11%","0","0%"
"02M543","SETSS","0","0%","<=5","100%","0","0%"
"02M543","Special Class","0","0%","<=5","*","<=5","*"
"02M544","Integrated Co-Teaching Services","81","73%",">5","*","<=5","*"
"02M544","SETSS","0","0%","<=5","100%","0","0%"
"02M544","Special Class","0","0%","<=5","*","<=5","*"
"02M545","Integrated Co-Teaching Services","0","0%","<=5","100%","0","0%"
"02M545","SETSS","14","88%","<=5","*","<=5","*"
"02M546","Integrated Co-Teaching Services","64","75%",">5","*","<=5","*"
"02M546","SETSS","8","100%","0","0%","0","0%"
"02M546","Special Class","0","0%","<=5","100%","0","0%"
"02M550","SETSS","<=5","100%","0","0%","0","0%"
"02M550","Special Class","0","0%","<=5","100%","0","0%"
"02M551","Integrated Co-Teaching Services","88","75%",">5","*","<=5","*"
"02M551","SETSS","<=5","*","<=5","*","0","0%"
"02M551","Special Class","0","0%","<=5","100%","0","0%"
"02M560","Integrated Co-Teaching Services","<=5","*","61","86%",">5","*"
"02M560","SETSS","27","55%",">5","*","<=5","*"
"02M560","Special Class","0","*","10","100%","0","0%"
"02M565","Integrated Co-Teaching Services","21","66%","11","34%","0","0%"
"02M570","Integrated Co-Teaching Services","0","0%","<=5","*","<=5","*"
"02M570","SETSS","32","97%","<=5","*","<=5","*"
"02M570","Special Class","0","0%","<=5","100%","0","0%"
"02M575","Integrated Co-Teaching Services","<=5","*","39","87%","<=5","*"
"02M575","SETSS","<=5","*","<=5","*","0","0%"
"02M580","Integrated Co-Teaching Services","38","93%","<=5","*","<=5","*"
"02M580","SETSS","<=5","*","<=5","*","0","0%"
"02M580","Special Class","0","0%","<=5","100%","0","0%"
"02M586","Integrated Co-Teaching Services","15","100%","0","0%","0","0%"
"02M586","SETSS","<=5","100%","0","0%","0","0%"
"02M600","Integrated Co-Teaching Services","212","77%","58","21%","7","3%"
"02M600","SETSS","<=5","*","6","75%","<=5","*"
"02M600","Special Class","40","63%",">5","*","<=5","*"
"02M605","Integrated Co-Teaching Services","47","90%","<=5","*","<=5","*"
"02M615","Integrated Co-Teaching Services","78","77%","23","23%","0","0%"
"02M615","SETSS","8","80%","<=5","*","<=5","*"
"02M615","Special Class","0","*","7","100%","0","0%"
"02M630","Integrated Co-Teaching Services","240","88%",">5","*","<=5","*"
"02M630","SETSS","12","92%","<=5","*","<=5","*"
"02M630","Special Class","21","78%","6","22%","0","0%"
"02M655","Integrated Co-Teaching Services","28","36%",">5","*","<=5","*"
"02M655","SETSS","0","0%","<=5","100%","0","0%"
"02M655","Special Class","<=5","*","13","81%","<=5","*"
"02M896","Integrated Co-Teaching Services","70","96%","<=5","*","<=5","*"
"02M896","SETSS","11","100%","0","0%","0","0%"
"02M896","Special Class","0","0%","<=5","100%","0","0%"
"02M933","Integrated Co-Teaching Services","31","100%","0","0%","0","0%"
"02M933","SETSS","<=5","100%","0","0%","0","0%"
"02M933","Special Class","8","89%","<=5","*","<=5","*"
"03M009","Integrated Co-Teaching Services","58","100%","0","0%","0","0%"
"03M054","Integrated Co-Teaching Services","99","99%","<=5","*","<=5","*"
"03M054","SETSS","0","0%","0","0%","<=5","100%"
"03M054","Special Class","46","100%","0","0%","0","0%"
"03M075","Integrated Co-Teaching Services","136","96%","<=5","*","<=5","*"
"03M075","SETSS","<=5","100%","0","0%","0","0%"
"03M075","Special Class","26","93%","<=5","*","<=5","*"
"03M076","Integrated Co-Teaching Services","0","0%","<=5","*","<=5","*"
"03M076","SETSS","33","100%","0","0%","0","0%"
"03M076","Special Class","16","94%","<=5","*","<=5","*"
"03M084","Integrated Co-Teaching Services","27","100%","0","0%","0","0%"
"03M084","SETSS","11","85%","<=5","*","<=5","*"
"03M084","Special Class","26","100%","0","0%","0","0%"
"03M087","Integrated Co-Teaching Services","81","98%","<=5","*","<=5","*"
"03M145","Integrated Co-Teaching Services","42","100%","0","0%","0","0%"
"03M145","SETSS","9","100%","0","0%","0","0%"
"03M145","Special Class","24","100%","0","0%","0","0%"
"03M149","Integrated Co-Teaching Services","9","47%",">5","*","<=5","*"
"03M149","SETSS","17","85%","<=5","*","<=5","*"
"03M149","Special Class","9","56%","<=5","*","<=5","*"
"03M163","Integrated Co-Teaching Services","53","93%","<=5","*","<=5","*"
"03M163","Special Class","0","0%","<=5","100%","0","0%"
"03M485","Special Class","0","0%","0","0%","<=5","100%"
"03M165","Integrated Co-Teaching Services","30","100%","0","0%","0","0%"
"03M165","SETSS","<=5","100%","0","0%","0","0%"
"03M165","Special Class","12","92%","<=5","*","<=5","*"
"03M166","Integrated Co-Teaching Services","40","95%","<=5","*","<=5","*"
"03M166","SETSS","0","0%","<=5","100%","0","0%"
"03M166","Special Class","0","0%","<=5","100%","0","0%"
"03M180","Integrated Co-Teaching Services","42","98%","<=5","*","<=5","*"
"03M180","SETSS","15","71%","6","29%","0","0%"
"03M180","Special Class","10","91%","<=5","*","<=5","*"
"03M185","Integrated Co-Teaching Services","30","100%","0","0%","0","0%"
"03M185","Special Class","26","100%","0","0%","0","0%"
"03M191","Integrated Co-Teaching Services","54","68%","25","32%","0","0%"
"03M191","SETSS","<=5","100%","0","0%","0","0%"
"03M191","Special Class","27","60%","18","40%","0","0%"
"03M199","Integrated Co-Teaching Services","71","99%","<=5","*","<=5","*"
"03M199","SETSS","<=5","100%","0","0%","0","0%"
"03M199","Special Class","<=5","*","<=5","*","0","0%"
"03M241","Integrated Co-Teaching Services","17","94%","<=5","*","<=5","*"
"03M241","SETSS","<=5","100%","0","0%","0","0%"
"03M241","Special Class","8","100%","0","0%","0","0%"
"03M242","Integrated Co-Teaching Services","19","76%","<=5","*","<=5","*"
"03M242","Special Class","<=5","100%","0","0%","0","0%"
"03M243","Integrated Co-Teaching Services","43","98%","<=5","*","<=5","*"
"03M243","SETSS","0","*","7","100%","0","0%"
"03M245","Integrated Co-Teaching Services","62","98%","<=5","*","<=5","*"
"03M245","SETSS","0","0%","<=5","100%","0","0%"
"03M245","Special Class","0","*","6","100%","0","0%"
"03M247","Integrated Co-Teaching Services","36","88%","<=5","*","<=5","*"
"03M247","Special Class","0","0%","<=5","100%","0","0%"
"03M250","Integrated Co-Teaching Services","29","97%","<=5","*","<=5","*"
"03M250","SETSS","<=5","100%","0","0%","0","0%"
"03M250","Special Class","0","0%","<=5","100%","0","0%"
"03M256","Integrated Co-Teaching Services","24","96%","<=5","*","<=5","*"
"03M256","SETSS","<=5","100%","0","0%","0","0%"
"03M258","Integrated Co-Teaching Services",">5","*","17","45%","<=5","*"
"03M258","SETSS","8","100%","0","0%","0","0%"
"03M258","Special Class","10","83%","<=5","*","<=5","*"
"03M291","Integrated Co-Teaching Services","105","83%","22","17%","0","0%"
"03M291","SETSS","<=5","*","<=5","*","0","0%"
"03M291","Special Class","0","0%","<=5","100%","0","0%"
"03M299","Integrated Co-Teaching Services","10","45%","12","55%","0","0%"
"03M299","SETSS","<=5","100%","0","0%","0","0%"
"03M299","Special Class","<=5","*","<=5","*","<=5","*"
"03M307","Integrated Co-Teaching Services","55","96%","<=5","*","<=5","*"
"03M307","SETSS","0","0%","<=5","100%","0","0%"
"03M307","Special Class","7","64%","<=5","*","<=5","*"
"03M333","Integrated Co-Teaching Services","74","94%","<=5","*","<=5","*"
"03M333","SETSS","17","100%","0","0%","0","0%"
"03M333","Special Class","<=5","*","<=5","*","<=5","*"
"03M334","Integrated Co-Teaching Services","25","100%","0","0%","0","0%"
"03M334","SETSS","<=5","100%","0","0%","0","0%"
"03M402","Integrated Co-Teaching Services","58","92%","<=5","*","<=5","*"
"03M402","SETSS","0","0%","<=5","100%","0","0%"
"03M402","Special Class","0","0%","<=5","100%","0","0%"
"03M403","Integrated Co-Teaching Services","81","89%",">5","*","<=5","*"
"03M403","Special Class","0","0%","<=5","100%","0","0%"
"03M404","Integrated Co-Teaching Services","0","0%","<=5","100%","0","0%"
"03M404","SETSS","19","95%","<=5","*","<=5","*"
"03M404","Special Class","0","0%","<=5","100%","0","0%"
"03M415","Integrated Co-Teaching Services","15","33%",">5","*","<=5","*"
"03M415","SETSS","14","54%",">5","*","<=5","*"
"03M415","Special Class","0","0%","<=5","100%","0","0%"
"03M417","Integrated Co-Teaching Services","42","53%","37","47%","0","0%"
"03M417","SETSS","14","88%","<=5","*","<=5","*"
"03M417","Special Class","0","0%","<=5","100%","0","0%"
"03M421","Integrated Co-Teaching Services","53","100%","0","0%","0","0%"
"03M421","SETSS","<=5","100%","0","0%","0","0%"
"03M421","Special Class","8","80%","<=5","*","<=5","*"
"03M452","Integrated Co-Teaching Services","46","100%","0","0%","0","0%"
"03M452","SETSS","<=5","100%","0","0%","0","0%"
"03M452","Special Class","0","0%","<=5","100%","0","0%"
"03M479","Integrated Co-Teaching Services","15","35%","28","65%","0","0%"
"03M479","SETSS","106","47%",">5","*","<=5","*"
"03M479","Special Class","0","0%","<=5","100%","0","0%"
"03M485","Integrated Co-Teaching Services","51","78%","8","12%","6","9%"
"03M485","SETSS","<=5","*","<=5","*","0","0%"
"03M492","Integrated Co-Teaching Services","0","0%","50","71%","20","29%"
"03M492","SETSS","0","0%","0","0%","<=5","100%"
"03M494","Integrated Co-Teaching Services","73","97%","<=5","*","<=5","*"
"03M494","SETSS","<=5","100%","0","0%","0","0%"
"03M494","Special Class","27","90%","<=5","*","<=5","*"
"03M505","Integrated Co-Teaching Services","54","81%",">5","*","<=5","*"
"03M505","SETSS","0","0%","<=5","100%","0","0%"
"03M505","Special Class","7","54%","<=5","*","<=5","*"
"03M541","Integrated Co-Teaching Services","52","69%","15","20%","8","11%"
"03M541","SETSS","<=5","*","<=5","*","6","86%"
"03M859","Integrated Co-Teaching Services","<=5","*","29","97%","<=5","*"
"03M859","SETSS","6","67%","<=5","*","<=5","*"
"03M860","Integrated Co-Teaching Services","14","18%",">5","*","<=5","*"
"03M860","SETSS","<=5","*","<=5","*","<=5","*"
"03M860","Special Class","0","*","8","100%","0","0%"
"03M862","Integrated Co-Teaching Services","17","25%","50","75%","0","0%"
"03M862","SETSS","0","0%","<=5","100%","0","0%"
"03M862","Special Class","<=5","*","7","70%","<=5","*"
"04M007","Integrated Co-Teaching Services","40","80%","<=5","*",">5","*"
"04M007","SETSS","0","0%","<=5","*","<=5","*"
"04M007","Special Class","24","92%","<=5","*","<=5","*"
"04M012","Integrated Co-Teaching Services","0","0%","<=5","100%","0","0%"
"04M012","SETSS","8","100%","0","0%","0","0%"
"04M037","Integrated Co-Teaching Services","35","88%","<=5","*","<=5","*"
"04M037","SETSS","<=5","100%","0","0%","0","0%"
"04M037","Special Class","0","0%","<=5","100%","0","0%"
"04M038","Integrated Co-Teaching Services","9","33%","18","67%","0","0%"
"04M038","SETSS","0","0%","<=5","100%","0","0%"
"04M038","Special Class","7","88%","<=5","*","<=5","*"
"04M057","Integrated Co-Teaching Services","77","85%",">5","*","<=5","*"
"04M057","SETSS","0","0%","<=5","*","<=5","*"
"04M057","Special Class","51","100%","0","0%","0","0%"
"04M072","Integrated Co-Teaching Services","77","87%","12","13%","0","0%"
"04M072","SETSS","7","70%","<=5","*","<=5","*"
"04M072","Special Class","41","95%","<=5","*","<=5","*"
"04M083","Integrated Co-Teaching Services","44","98%","<=5","*","<=5","*"
"04M083","SETSS","<=5","100%","0","0%","0","0%"
"04M083","Special Class","27","93%","<=5","*","<=5","*"
"04M096","Integrated Co-Teaching Services","57","97%","<=5","*","<=5","*"
"04M096","SETSS","0","0%","<=5","100%","0","0%"
"04M096","Special Class","32","97%","<=5","*","<=5","*"
"04M102","Integrated Co-Teaching Services","17","63%","10","37%","0","0%"
"04M102","Special Class","17","89%","<=5","*","<=5","*"
"04M108","Integrated Co-Teaching Services","28","39%","28","39%","15","21%"
"04M108","SETSS","<=5","*","<=5","*","0","0%"
"04M108","Special Class","<=5","*","24","96%","<=5","*"
"04M112","Integrated Co-Teaching Services","24","45%","29","55%","0","0%"
"04M112","SETSS","<=5","100%","0","0%","0","0%"
"04M112","Special Class","17","85%","<=5","*","<=5","*"
"04M146","Integrated Co-Teaching Services","44","94%","<=5","*","<=5","*"
"04M146","SETSS","<=5","100%","0","0%","0","0%"
"04M146","Special Class","47","89%","<=5","*","<=5","*"
"04M155","Integrated Co-Teaching Services","<=5","*","<=5","*","7","64%"
"04M155","SETSS","10","100%","0","0%","0","0%"
"04M155","Special Class","10","63%","6","38%","0","0%"
"04M171","Integrated Co-Teaching Services","62","95%","<=5","*","<=5","*"
"04M171","SETSS","43","96%","<=5","*","<=5","*"
"04M171","Special Class","0","0%","0","0%","<=5","100%"
"04M182","Integrated Co-Teaching Services","40","93%","<=5","*","<=5","*"
"04M182","SETSS","<=5","100%","0","0%","0","0%"
"04M182","Special Class","0","0%","<=5","100%","0","0%"
"04M206","Integrated Co-Teaching Services","118","81%","28","19%","0","0%"
"04M206","SETSS","14","100%","0","0%","0","0%"
"04M206","Special Class","22","81%","<=5","*","<=5","*"
"04M224","Integrated Co-Teaching Services","<=5","*","18","90%","<=5","*"
"04M224","SETSS","0","0%","<=5","100%","0","0%"
"04M224","Special Class","0","*","19","100%","0","0%"
"04M310","Integrated Co-Teaching Services","45","82%",">5","*","<=5","*"
"04M310","SETSS","0","0%","<=5","100%","0","0%"
"04M310","Special Class","0","0%","<=5","100%","0","0%"
"04M372","Integrated Co-Teaching Services","66","86%","11","14%","0","0%"
"04M372","SETSS","0","0%","<=5","100%","0","0%"
"04M372","Special Class","23","72%","9","28%","0","0%"
"04M375","Integrated Co-Teaching Services","28","76%","9","24%","0","0%"
"04M375","SETSS","<=5","100%","0","0%","0","0%"
"04M375","Special Class","<=5","*","<=5","*","0","0%"
"04M377","Integrated Co-Teaching Services","33","97%","<=5","*","<=5","*"
"04M377","SETSS","6","100%","0","0%","0","0%"
"04M377","Special Class","19","86%","<=5","*","<=5","*"
"04M435","Integrated Co-Teaching Services","230","100%","0","0%","0","0%"
"04M435","SETSS","<=5","100%","0","0%","0","0%"
"04M435","Special Class","<=5","*","15","94%","<=5","*"
"04M495","Integrated Co-Teaching Services","67","84%","13","16%","0","0%"
"04M495","SETSS","<=5","100%","0","0%","0","0%"
"04M495","Special Class","0","0%","<=5","100%","0","0%"
"04M497","Integrated Co-Teaching Services","20","95%","<=5","*","<=5","*"
"04M497","Special Class","0","0%","<=5","100%","0","0%"
"04M555","Integrated Co-Teaching Services","94","97%","<=5","*","<=5","*"
"04M555","Special Class","0","0%","<=5","100%","0","0%"
"04M610","Integrated Co-Teaching Services","28","47%","31","53%","0","0%"
"04M610","SETSS","0","*","31","100%","0","0%"
"04M610","Special Class","0","0%","<=5","*","<=5","*"
"04M680","Integrated Co-Teaching Services","58","74%",">5","*","<=5","*"
"04M680","Special Class","0","0%","<=5","100%","0","0%"
"04M825","Integrated Co-Teaching Services","66","97%","<=5","*","<=5","*"
"04M825","SETSS","<=5","100%","0","0%","0","0%"
"04M825","Special Class","0","*","7","100%","0","0%"
"04M964","Integrated Co-Teaching Services","80","80%",">5","*","<=5","*"
"04M964","SETSS","0","0%","<=5","*","<=5","*"
"04M964","Special Class","0","0%","<=5","*","<=5","*"
"05M030","Integrated Co-Teaching Services","8","100%","0","0%","0","0%"
"05M030","SETSS","8","62%","<=5","*","<=5","*"
"05M030","Special Class","23","96%","<=5","*","<=5","*"
"05M036","Integrated Co-Teaching Services","17","65%","9","35%","0","0%"
"05M036","SETSS","0","0%","<=5","100%","0","0%"
"05M036","Special Class","37","90%","<=5","*","<=5","*"
"05M046","Integrated Co-Teaching Services","67","97%","<=5","*","<=5","*"
"05M046","SETSS","<=5","100%","0","0%","0","0%"
"05M046","Special Class","59","86%","10","14%","0","0%"
"05M092","Integrated Co-Teaching Services","12","86%","<=5","*","<=5","*"
"05M092","SETSS","12","100%","0","0%","0","0%"
"05M092","Special Class","25","100%","0","0%","0","0%"
"05M123","Integrated Co-Teaching Services","60","97%","<=5","*","<=5","*"
"05M123","SETSS","<=5","*","<=5","*","0","0%"
"05M123","Special Class","43","98%","<=5","*","<=5","*"
"05M125","Integrated Co-Teaching Services","0","0%","0","0%","<=5","100%"
"05M125","Special Class","26","100%","0","0%","0","0%"
"05M129","Integrated Co-Teaching Services","7","32%",">5","*","<=5","*"
"05M129","SETSS","16","94%","<=5","*","<=5","*"
"05M129","Special Class","9","53%","8","47%","0","0%"
"05M133","Integrated Co-Teaching Services","0","0%","<=5","100%","0","0%"
"05M133","SETSS","7","88%","<=5","*","<=5","*"
"05M133","Special Class","62","100%","0","0%","0","0%"
"05M148","Integrated Co-Teaching Services","8","15%",">5","*","<=5","*"
"05M148","SETSS","<=5","*","9","75%","<=5","*"
"05M148","Special Class","19","50%",">5","*","<=5","*"
"05M154","Integrated Co-Teaching Services","22","96%","<=5","*","<=5","*"
"05M154","SETSS","9","100%","0","0%","0","0%"
"05M154","Special Class","15","100%","0","0%","0","0%"
"05M157","Integrated Co-Teaching Services","30","61%",">5","*","<=5","*"
"05M157","SETSS","0","0%","<=5","*","<=5","*"
"05M157","Special Class","8","47%",">5","*","<=5","*"
"05M161","Integrated Co-Teaching Services","58","100%","0","0%","0","0%"
"05M161","SETSS","18","100%","0","0%","0","0%"
"05M161","Special Class","76","84%",">5","*","<=5","*"
"05M175","Integrated Co-Teaching Services","16","100%","0","0%","0","0%"
"05M175","SETSS","29","100%","0","0%","0","0%"
"05M175","Special Class","6","75%","<=5","*","<=5","*"
"05M194","Integrated Co-Teaching Services","14","78%","<=5","*","<=5","*"
"05M194","SETSS","<=5","100%","0","0%","0","0%"
"05M194","Special Class","14","88%","<=5","*","<=5","*"
"05M197","Integrated Co-Teaching Services","33","94%","<=5","*","<=5","*"
"05M197","SETSS","<=5","100%","0","0%","0","0%"
"05M197","Special Class","18","100%","0","0%","0","0%"
"05M200","Integrated Co-Teaching Services","15","68%",">5","*","<=5","*"
"05M200","SETSS","0","0%","<=5","100%","0","0%"
"05M200","Special Class","27","84%","<=5","*","<=5","*"
"05M285","Integrated Co-Teaching Services","<=5","*","17","81%","<=5","*"
"05M285","SETSS","20","74%","7","26%","0","0%"
"05M286","Integrated Co-Teaching Services","<=5","*","9","69%","<=5","*"
"05M286","SETSS","<=5","100%","0","0%","0","0%"
"05M286","Special Class","0","*","24","100%","0","0%"
"05M304","Integrated Co-Teaching Services","48","89%","6","11%","0","0%"
"05M304","Special Class","0","0%","<=5","*","<=5","*"
"05M318","Integrated Co-Teaching Services","<=5","100%","0","0%","0","0%"
"05M318","SETSS","28","100%","0","0%","0","0%"
"05M318","Special Class","0","0%","<=5","100%","0","0%"
"05M362","Integrated Co-Teaching Services","53","48%",">5","*","<=5","*"
"05M362","SETSS","0","0%","<=5","100%","0","0%"
"05M362","Special Class","<=5","*","13","87%","<=5","*"
"05M369","Integrated Co-Teaching Services","26","41%",">5","*","<=5","*"
"05M369","SETSS","<=5","*","<=5","*","0","0%"
"05M369","Special Class","<=5","*","11","79%","<=5","*"
"05M371","Integrated Co-Teaching Services","6","38%","<=5","*",">5","*"
"05M371","SETSS","<=5","*","0","0%","<=5","*"
"05M371","Special Class","20","67%","10","33%","0","0%"
"05M499","Integrated Co-Teaching Services","85","75%","22","19%","6","5%"
"05M499","SETSS","21","70%",">5","*","<=5","*"
"05M499","Special Class","45","85%",">5","*","<=5","*"
"05M514","Integrated Co-Teaching Services","<=5","*","18","95%","<=5","*"
"05M514","SETSS","<=5","100%","0","0%","0","0%"
"05M514","Special Class","28","93%","<=5","*","<=5","*"
"05M517","Integrated Co-Teaching Services","28","80%","7","20%","0","0%"
"05M517","SETSS","20","100%","0","0%","0","0%"
"05M517","Special Class","0","0%","<=5","100%","0","0%"
"05M670","Integrated Co-Teaching Services","66","60%",">5","*","<=5","*"
"05M670","SETSS","6","40%","<=5","*",">5","*"
"05M670","Special Class","<=5","*","17","89%","<=5","*"
"05M692","Integrated Co-Teaching Services","0","0%","<=5","100%","0","0%"
"05M692","SETSS","21","100%","0","0%","0","0%"
"06M004","Integrated Co-Teaching Services","29","88%","<=5","*","<=5","*"
"06M004","SETSS","<=5","*","0","0%","<=5","*"
"06M004","Special Class","17","89%","<=5","*","<=5","*"
"06M005","Integrated Co-Teaching Services","49","94%","<=5","*","<=5","*"
"06M005","SETSS","7","88%","<=5","*","<=5","*"
"06M005","Special Class","32","91%","<=5","*","<=5","*"
"06M008","Integrated Co-Teaching Services","39","100%","0","0%","0","0%"
"06M008","SETSS","0","0%","<=5","100%","0","0%"
"06M008","Special Class","12","55%","<=5","*",">5","*"
"06M018","Integrated Co-Teaching Services","7","47%","8","53%","0","0%"
"06M018","SETSS","0","*","20","100%","0","0%"
"06M018","Special Class","32","97%","<=5","*","<=5","*"
"06M028","Integrated Co-Teaching Services","38","100%","0","0%","0","0%"
"06M028","SETSS","<=5","100%","0","0%","0","0%"
"06M028","Special Class","58","100%","0","0%","0","0%"
"06M048","Integrated Co-Teaching Services","22","71%",">5","*","<=5","*"
"06M048","SETSS","<=5","100%","0","0%","0","0%"
"06M048","Special Class","28","74%","10","26%","0","0%"
"06M052","Integrated Co-Teaching Services","21","75%","7","25%","0","0%"
"06M052","SETSS","0","0%","<=5","100%","0","0%"
"06M052","Special Class","21","91%","<=5","*","<=5","*"
"06M098","Integrated Co-Teaching Services","13","76%","<=5","*","<=5","*"
"06M098","SETSS","<=5","100%","0","0%","0","0%"
"06M098","Special Class","13","93%","<=5","*","<=5","*"
"06M103","Integrated Co-Teaching Services","51","100%","0","0%","0","0%"
"06M103","SETSS","8","80%","<=5","*","<=5","*"
"06M115","Integrated Co-Teaching Services","19","86%","<=5","*","<=5","*"
"06M115","SETSS","14","82%","<=5","*","<=5","*"
"06M115","Special Class","31","74%","11","26%","0","0%"
"06M128","SETSS","26","90%","<=5","*","<=5","*"
"06M128","Special Class","41","72%",">5","*","<=5","*"
"06M132","Integrated Co-Teaching Services","9","82%","<=5","*","<=5","*"
"06M132","SETSS","8","100%","0","0%","0","0%"
"06M132","Special Class","23","85%","<=5","*","<=5","*"
"06M143","Integrated Co-Teaching Services","<=5","*","6","55%","<=5","*"
"06M143","SETSS","0","0%","<=5","100%","0","0%"
"06M143","Special Class","35","92%","<=5","*","<=5","*"
"06M152","Integrated Co-Teaching Services","32","68%","15","32%","0","0%"
"06M152","SETSS","0","0%","<=5","*","<=5","*"
"06M152","Special Class","18","56%","14","44%","0","0%"
"06M153","Integrated Co-Teaching Services","29","91%","<=5","*","<=5","*"
"06M153","SETSS","0","0%","<=5","100%","0","0%"
"06M153","Special Class","16","100%","0","0%","0","0%"
"06M173","Integrated Co-Teaching Services","33","92%","<=5","*","<=5","*"
"06M173","Special Class","17","85%","<=5","*","<=5","*"
"06M178","Integrated Co-Teaching Services","61","98%","<=5","*","<=5","*"
"06M178","Special Class","0","0%","<=5","100%","0","0%"
"06M187","Integrated Co-Teaching Services","85","97%","<=5","*","<=5","*"
"06M187","SETSS","9","100%","0","0%","0","0%"
"06M187","Special Class","11","100%","0","0%","0","0%"
"06M189","Integrated Co-Teaching Services","30","91%","<=5","*","<=5","*"
"06M189","SETSS","8","89%","<=5","*","<=5","*"
"06M189","Special Class","41","95%","<=5","*","<=5","*"
"06M192","Integrated Co-Teaching Services","10","77%","<=5","*","<=5","*"
"06M192","SETSS","10","91%","<=5","*","<=5","*"
"06M192","Special Class","<=5","*","21","81%","<=5","*"
"06M209","Integrated Co-Teaching Services","32","60%","21","40%","0","0%"
"06M209","SETSS","<=5","*","<=5","*","0","0%"
"06M209","Special Class","0","*","9","100%","0","0%"
"06M210","Integrated Co-Teaching Services","77","97%","<=5","*","<=5","*"
"06M210","SETSS","0","0%","<=5","100%","0","0%"
"06M210","Special Class","0","0%","<=5","100%","0","0%"
"06M211","Integrated Co-Teaching Services","36","46%",">5","*","<=5","*"
"06M211","Special Class","0","*","11","100%","0","0%"
"06M223","Integrated Co-Teaching Services","12","75%","<=5","*","<=5","*"
"06M223","SETSS","0","0%","<=5","100%","0","0%"
"06M223","Special Class","7","78%","<=5","*","<=5","*"
"06M278","Integrated Co-Teaching Services","49","75%","16","25%","0","0%"
"06M278","SETSS","<=5","100%","0","0%","0","0%"
"06M278","Special Class","8","80%","<=5","*","<=5","*"
"06M293","Integrated Co-Teaching Services","99","100%","0","0%","0","0%"
"06M293","SETSS","<=5","*","<=5","*","0","0%"
"06M293","Special Class","0","0%","<=5","100%","0","0%"
"06M311","Integrated Co-Teaching Services","71","88%","0","0%","10","12%"
"06M311","SETSS","0","0%","<=5","100%","0","0%"
"06M311","Special Class","8","89%","<=5","*","<=5","*"
"06M314","Integrated Co-Teaching Services","39","100%","0","0%","0","0%"
"06M319","Integrated Co-Teaching Services","23","77%","7","23%","0","0%"
"06M319","SETSS","<=5","*","9","90%","<=5","*"
"06M319","Special Class","24","71%","10","29%","0","0%"
"06M322","Integrated Co-Teaching Services","17","65%","9","35%","0","0%"
"06M322","Special Class","21","81%","<=5","*","<=5","*"
"06M324","Integrated Co-Teaching Services","25","76%","8","24%","0","0%"
"06M324","SETSS","<=5","100%","0","0%","0","0%"
"06M324","Special Class","28","82%","6","18%","0","0%"
"06M328","Integrated Co-Teaching Services","15","100%","0","0%","0","0%"
"06M328","SETSS","<=5","100%","0","0%","0","0%"
"06M328","Special Class","9","23%","30","77%","0","0%"
"06M346","Integrated Co-Teaching Services","103","90%",">5","*","<=5","*"
"06M346","SETSS","0","0%","<=5","*","<=5","*"
"06M346","Special Class","10","83%","<=5","*","<=5","*"
"06M348","Integrated Co-Teaching Services","176","94%","11","6%","0","0%"
"06M348","SETSS","6","67%","<=5","*","<=5","*"
"06M348","Special Class","9","47%","10","53%","0","0%"
"06M349","Integrated Co-Teaching Services","<=5","100%","0","0%","0","0%"
"06M349","SETSS","<=5","100%","0","0%","0","0%"
"06M349","Special Class","0","0%","0","0%","<=5","100%"
"06M366","Integrated Co-Teaching Services","51","98%","<=5","*","<=5","*"
"06M366","SETSS","40","98%","<=5","*","<=5","*"
"06M366","Special Class","0","0%","<=5","100%","0","0%"
"06M368","Integrated Co-Teaching Services","21","88%","<=5","*","<=5","*"
"06M368","SETSS","8","89%","<=5","*","<=5","*"
"06M368","Special Class","0","0%","<=5","100%","0","0%"
"06M423","Integrated Co-Teaching Services","14","70%","6","30%","0","0%"
"06M462","Integrated Co-Teaching Services","57","84%",">5","*","<=5","*"
"06M462","SETSS","0","0%","<=5","100%","0","0%"
"06M462","Special Class","10","83%","<=5","*","<=5","*"
"06M463","Integrated Co-Teaching Services","46","73%",">5","*","<=5","*"
"06M463","SETSS","0","0%","<=5","100%","0","0%"
"06M463","Special Class","0","0%","<=5","100%","0","0%"
"06M467","Integrated Co-Teaching Services","51","71%",">5","*","<=5","*"
"06M467","SETSS","0","0%","<=5","100%","0","0%"
"06M467","Special Class","13","81%","<=5","*","<=5","*"
"06M468","Integrated Co-Teaching Services","59","84%",">5","*","<=5","*"
"06M468","SETSS","0","0%","<=5","*","<=5","*"
"06M468","Special Class","0","0%","<=5","100%","0","0%"
"06M513","Integrated Co-Teaching Services","34","63%","20","37%","0","0%"
"06M513","Special Class","<=5","*","<=5","*","0","0%"
"06M528","Integrated Co-Teaching Services","21","48%","23","52%","0","0%"
"06M528","SETSS","18","100%","0","0%","0","0%"
"06M528","Special Class","0","0%","<=5","100%","0","0%"
"06M540","Integrated Co-Teaching Services","114","54%","78","37%","19","9%"
"06M540","SETSS","<=5","*","<=5","*","6","75%"
"06M540","Special Class","<=5","*","37","88%","<=5","*"
"06M552","Integrated Co-Teaching Services","0","0%","<=5","100%","0","0%"
"06M552","SETSS","19","90%","<=5","*","<=5","*"
"06M552","Special Class","0","0%","<=5","100%","0","0%"
"07X427","SETSS","6","100%","0","0%","0","0%"
"07X001","Integrated Co-Teaching Services","22","85%","<=5","*","<=5","*"
"07X001","SETSS","17","100%","0","0%","0","0%"
"07X001","Special Class","40","89%","<=5","*","<=5","*"
"07X005","Integrated Co-Teaching Services","64","96%","<=5","*","<=5","*"
"07X005","SETSS","<=5","100%","0","0%","0","0%"
"07X005","Special Class","54","81%","13","19%","0","0%"
"07X018","Integrated Co-Teaching Services","33","83%",">5","*","<=5","*"
"07X018","SETSS","<=5","100%","0","0%","0","0%"
"07X018","Special Class","26","72%","10","28%","0","0%"
"07X025","Integrated Co-Teaching Services","36","97%","<=5","*","<=5","*"
"07X025","SETSS","<=5","100%","0","0%","0","0%"
"07X025","Special Class","75","91%","<=5","*",">5","*"
"07X029","Integrated Co-Teaching Services","88","100%","0","0%","0","0%"
"07X029","SETSS","9","100%","0","0%","0","0%"
"07X029","Special Class","46","88%","6","12%","0","0%"
"07X030","Integrated Co-Teaching Services","37","93%","<=5","*","<=5","*"
"07X030","Special Class","48","92%","<=5","*","<=5","*"
"07X031","Integrated Co-Teaching Services","86","96%","<=5","*","<=5","*"
"07X031","SETSS","<=5","*","7","88%","<=5","*"
"07X031","Special Class","51","91%","<=5","*","<=5","*"
"07X043","Integrated Co-Teaching Services","32","97%","<=5","*","<=5","*"
"07X043","SETSS","7","100%","0","0%","0","0%"
"07X043","Special Class","15","94%","<=5","*","<=5","*"
"07X049","Integrated Co-Teaching Services","55","100%","0","0%","0","0%"
"07X049","SETSS","9","100%","0","0%","0","0%"
"07X049","Special Class","37","86%","6","14%","0","0%"
"07X065","Integrated Co-Teaching Services","21","84%","<=5","*","<=5","*"
"07X065","Special Class","22","71%",">5","*","<=5","*"
"07X154","Integrated Co-Teaching Services","38","88%","<=5","*","<=5","*"
"07X154","SETSS","<=5","100%","0","0%","0","0%"
"07X154","Special Class","0","0%","<=5","100%","0","0%"
"07X157","Integrated Co-Teaching Services","45","100%","0","0%","0","0%"
"07X157","SETSS","<=5","100%","0","0%","0","0%"
"07X157","Special Class","38","83%","8","17%","0","0%"
"07X161","Integrated Co-Teaching Services","51","98%","<=5","*","<=5","*"
"07X161","SETSS","<=5","*","<=5","*","0","0%"
"07X161","Special Class","22","92%","<=5","*","<=5","*"
"07X179","Integrated Co-Teaching Services","8","100%","0","0%","0","0%"
"07X179","SETSS","15","100%","0","0%","0","0%"
"07X179","Special Class","8","80%","<=5","*","<=5","*"
"07X221","Integrated Co-Teaching Services","132","100%","0","0%","0","0%"
"07X221","Special Class","20","95%","<=5","*","<=5","*"
"07X223","Integrated Co-Teaching Services","97","95%","<=5","*","<=5","*"
"07X223","SETSS","0","0%","<=5","100%","0","0%"
"07X223","Special Class","8","67%","<=5","*","<=5","*"
"07X224","Integrated Co-Teaching Services","36","90%","<=5","*","<=5","*"
"07X224","SETSS","<=5","*","<=5","*","0","0%"
"07X224","Special Class","26","90%","<=5","*","<=5","*"
"07X259","Integrated Co-Teaching Services","92","63%","47","32%","6","4%"
"07X259","SETSS","<=5","*","9","90%","<=5","*"
"07X259","Special Class","0","0%","<=5","100%","0","0%"
"07X277","Integrated Co-Teaching Services","28","100%","0","0%","0","0%"
"07X277","SETSS","<=5","*","<=5","*","0","0%"
"07X277","Special Class","15","94%","<=5","*","<=5","*"
"07X296","Integrated Co-Teaching Services","45","96%","<=5","*","<=5","*"
"07X296","SETSS","9","100%","0","0%","0","0%"
"07X296","Special Class","20","69%","9","31%","0","0%"
"07X298","Integrated Co-Teaching Services","21","95%","<=5","*","<=5","*"
"07X298","SETSS","<=5","100%","0","0%","0","0%"
"07X298","Special Class","35","97%","<=5","*","<=5","*"
"07X334","Integrated Co-Teaching Services","<=5","*","10","40%",">5","*"
"07X334","Special Class","0","0%","<=5","100%","0","0%"
"07X343","Integrated Co-Teaching Services","<=5","*","41","95%","<=5","*"
"07X343","SETSS","<=5","100%","0","0%","0","0%"
"07X343","Special Class","26","100%","0","0%","0","0%"
"07X359","Integrated Co-Teaching Services","39","93%","<=5","*","<=5","*"
"07X359","SETSS","0","0%","<=5","100%","0","0%"
"07X369","Integrated Co-Teaching Services","36","95%","<=5","*","<=5","*"
"07X369","SETSS","<=5","100%","0","0%","0","0%"
"07X369","Special Class","10","91%","<=5","*","<=5","*"
"07X379","Integrated Co-Teaching Services","30","49%",">5","*","<=5","*"
"07X379","SETSS","0","0%","<=5","100%","0","0%"
"07X379","Special Class","0","0%","<=5","100%","0","0%"
"07X381","Integrated Co-Teaching Services","21","49%",">5","*","<=5","*"
"07X381","SETSS","0","0%","<=5","100%","0","0%"
"07X427","Integrated Co-Teaching Services","64","97%","<=5","*","<=5","*"
"07X427","Special Class","0","*","8","100%","0","0%"
"07X473","Integrated Co-Teaching Services","35","66%",">5","*","<=5","*"
"07X473","Special Class",">5","100%","0","0%","0","0%"
"07X495","Integrated Co-Teaching Services","100","100%","0","0%","0","0%"
"07X495","SETSS","0","0%","<=5","100%","0","0%"
"07X495","Special Class","0","0%","<=5","100%","0","0%"
"07X500","Integrated Co-Teaching Services","51","61%",">5","*","<=5","*"
"07X500","SETSS","<=5","*","<=5","*","<=5","*"
"07X500","Special Class","12","57%","9","43%","0","0%"
"07X522","Integrated Co-Teaching Services","19","22%",">5","*","<=5","*"
"07X522","Special Class","11","50%","11","50%","0","0%"
"07X527","Integrated Co-Teaching Services","48","45%",">5","*","<=5","*"
"07X527","SETSS","0","0%","<=5","100%","0","0%"
"07X527","Special Class","<=5","*","10","67%","<=5","*"
"07X548","Integrated Co-Teaching Services","137","99%","<=5","*","<=5","*"
"07X548","SETSS","12","100%","0","0%","0","0%"
"07X548","Special Class","0","0%","<=5","100%","0","0%"
"07X551","Integrated Co-Teaching Services","58","70%","18","22%","7","8%"
"07X551","SETSS","0","0%","<=5","100%","0","0%"
"07X551","Special Class","52","69%",">5","*","<=5","*"
"07X557","Integrated Co-Teaching Services","67","72%","26","28%","0","0%"
"07X557","SETSS","0","0%","<=5","100%","0","0%"
"07X557","Special Class","0","0%","<=5","100%","0","0%"
"07X584","Integrated Co-Teaching Services","32","97%","<=5","*","<=5","*"
"07X584","SETSS","7","100%","0","0%","0","0%"
"07X584","Special Class","16","84%","<=5","*","<=5","*"
"07X600","Integrated Co-Teaching Services","88","77%",">5","*","<=5","*"
"07X600","Special Class","19","83%","<=5","*","<=5","*"
"07X625","Integrated Co-Teaching Services","15","94%","<=5","*","<=5","*"
"07X625","SETSS","<=5","*","<=5","*","0","0%"
"07X625","Special Class","0","0%","<=5","100%","0","0%"
"07X670","Integrated Co-Teaching Services","63","89%","8","11%","0","0%"
"07X670","SETSS","<=5","100%","0","0%","0","0%"
"07X670","Special Class","0","0%","<=5","100%","0","0%"
"08X014","Integrated Co-Teaching Services","48","100%","0","0%","0","0%"
"08X014","SETSS","<=5","*","<=5","*","0","0%"
"08X014","Special Class","34","92%","<=5","*","<=5","*"
"08X036","Integrated Co-Teaching Services","41","93%","<=5","*","<=5","*"
"08X036","SETSS","<=5","100%","0","0%","0","0%"
"08X036","Special Class","34","81%","8","19%","0","0%"
"08X048","Integrated Co-Teaching Services","37","88%","<=5","*","<=5","*"
"08X048","SETSS","0","0%","<=5","100%","0","0%"
"08X048","Special Class","49","89%","6","11%","0","0%"
"08X062","Integrated Co-Teaching Services","40","95%","<=5","*","<=5","*"
"08X062","SETSS","0","0%","<=5","100%","0","0%"
"08X062","Special Class","59","98%","<=5","*","<=5","*"
"08X069","Integrated Co-Teaching Services","41","95%","<=5","*","<=5","*"
"08X069","SETSS","<=5","100%","0","0%","0","0%"
"08X069","Special Class","36","88%","<=5","*","<=5","*"
"08X071","Integrated Co-Teaching Services","116","80%","19","13%","10","7%"
"08X071","SETSS","<=5","100%","0","0%","0","0%"
"08X071","Special Class","47","82%","10","18%","0","0%"
"08X072","Integrated Co-Teaching Services","49","89%","<=5","*","<=5","*"
"08X072","SETSS","12","86%","<=5","*","<=5","*"
"08X072","Special Class","67","93%","<=5","*","<=5","*"
"08X075","Integrated Co-Teaching Services","49","100%","0","0%","0","0%"
"08X075","SETSS","<=5","100%","0","0%","0","0%"
"08X075","Special Class","26","84%","<=5","*","<=5","*"
"08X093","Integrated Co-Teaching Services","19","100%","0","0%","0","0%"
"08X093","SETSS","<=5","100%","0","0%","0","0%"
"08X093","Special Class","10","91%","<=5","*","<=5","*"
"08X100","Integrated Co-Teaching Services","45","96%","<=5","*","<=5","*"
"08X100","SETSS","<=5","100%","0","0%","0","0%"
"08X100","Special Class","44","90%","<=5","*","<=5","*"
"08X101","Integrated Co-Teaching Services","65","98%","<=5","*","<=5","*"
"08X101","SETSS","<=5","100%","0","0%","0","0%"
"08X101","Special Class","50","98%","<=5","*","<=5","*"
"08X107","Integrated Co-Teaching Services","53","100%","0","0%","0","0%"
"08X107","SETSS","9","90%","<=5","*","<=5","*"
"08X107","Special Class","47","96%","<=5","*","<=5","*"
"08X119","Integrated Co-Teaching Services","40","95%","<=5","*","<=5","*"
"08X119","SETSS","<=5","100%","0","0%","0","0%"
"08X119","Special Class","13","62%","8","38%","0","0%"
"08X123","Integrated Co-Teaching Services","71","97%","<=5","*","<=5","*"
"08X123","SETSS","15","71%","6","29%","0","0%"
"08X123","Special Class","51","96%","<=5","*","<=5","*"
"08X130","Integrated Co-Teaching Services","35","95%","<=5","*","<=5","*"
"08X130","Special Class","17","94%","<=5","*","<=5","*"
"08X131","Integrated Co-Teaching Services","31","60%","21","40%","0","0%"
"08X131","SETSS","<=5","100%","0","0%","0","0%"
"08X131","Special Class","20","83%","<=5","*","<=5","*"
"08X138","Integrated Co-Teaching Services","45","96%","<=5","*","<=5","*"
"08X138","SETSS","<=5","100%","0","0%","0","0%"
"08X138","Special Class","36","86%","0","0%","6","14%"
"08X140","Integrated Co-Teaching Services","26","93%","<=5","*","<=5","*"
"08X140","SETSS","<=5","100%","0","0%","0","0%"
"08X140","Special Class","45","100%","0","0%","0","0%"
"08X146","Integrated Co-Teaching Services","28","97%","<=5","*","<=5","*"
"08X146","SETSS","<=5","100%","0","0%","0","0%"
"08X146","Special Class","24","89%","<=5","*","<=5","*"
"08X152","Integrated Co-Teaching Services","55","95%","<=5","*","<=5","*"
"08X152","SETSS","13","100%","0","0%","0","0%"
"08X152","Special Class","30","91%","<=5","*","<=5","*"
"08X182","Integrated Co-Teaching Services","53","95%","<=5","*","<=5","*"
"08X182","SETSS","13","87%","<=5","*","<=5","*"
"08X182","Special Class","<=5","*","<=5","*","0","0%"
"08X269","Integrated Co-Teaching Services","89","99%","<=5","*","<=5","*"
"08X269","SETSS","19","100%","0","0%","0","0%"
"08X269","Special Class","27","96%","<=5","*","<=5","*"
"08X282","Integrated Co-Teaching Services","31","82%",">5","*","<=5","*"
"08X282","Special Class","0","0%","<=5","*","<=5","*"
"08X293","Integrated Co-Teaching Services","70","83%","14","17%","0","0%"
"08X293","SETSS","16","100%","0","0%","0","0%"
"08X293","Special Class","0","*","7","100%","0","0%"
"08X301","Integrated Co-Teaching Services","30","79%","8","21%","0","0%"
"08X301","SETSS","9","100%","0","0%","0","0%"
"08X301","Special Class","0","*","8","100%","0","0%"
"08X302","Integrated Co-Teaching Services","60","98%","<=5","*","<=5","*"
"08X302","SETSS","8","89%","<=5","*","<=5","*"
"08X302","Special Class","29","42%","40","58%","0","0%"
"08X304","Integrated Co-Teaching Services","58","98%","<=5","*","<=5","*"
"08X304","Special Class","22","96%","<=5","*","<=5","*"
"08X312","Integrated Co-Teaching Services","68","80%",">5","*","<=5","*"
"08X312","SETSS","0","0%","<=5","100%","0","0%"
"08X312","Special Class","0","0%","<=5","100%","0","0%"
"08X320","Integrated Co-Teaching Services","79","91%",">5","*","<=5","*"
"08X320","Special Class","0","0%","<=5","100%","0","0%"
"08X333","Integrated Co-Teaching Services","48","92%","<=5","*","<=5","*"
"08X333","SETSS","6","86%","<=5","*","<=5","*"
"08X333","Special Class","77","95%","<=5","*","<=5","*"
"08X337","Integrated Co-Teaching Services","47","96%","<=5","*","<=5","*"
"08X337","SETSS","10","100%","0","0%","0","0%"
"08X337","Special Class","24","96%","<=5","*","<=5","*"
"08X348","Integrated Co-Teaching Services","71","95%","<=5","*","<=5","*"
"08X348","SETSS","0","0%","<=5","100%","0","0%"
"08X348","Special Class","0","0%","<=5","100%","0","0%"
"08X349","Integrated Co-Teaching Services","75","86%","12","14%","0","0%"
"08X349","SETSS","0","0%","<=5","100%","0","0%"
"08X349","Special Class","12","75%","<=5","*","<=5","*"
"08X367","Integrated Co-Teaching Services","62","76%",">5","*","<=5","*"
"08X367","SETSS","<=5","*","12","60%","<=5","*"
"08X367","Special Class","54","90%","6","10%","0","0%"
"08X371","Integrated Co-Teaching Services","50","100%","0","0%","0","0%"
"08X371","SETSS","<=5","100%","0","0%","0","0%"
"08X371","Special Class","27","84%","<=5","*","<=5","*"
"08X375","Integrated Co-Teaching Services","25","93%","<=5","*","<=5","*"
"08X375","SETSS","<=5","100%","0","0%","0","0%"
"08X375","Special Class","15","75%","<=5","*","<=5","*"
"08X376","Integrated Co-Teaching Services","74","91%","7","9%","0","0%"
"08X376","SETSS","14","100%","0","0%","0","0%"
"08X376","Special Class","13","87%","<=5","*","<=5","*"
"08X377","Integrated Co-Teaching Services",">5","*",">5","*","<=5","*"
"08X377","SETSS","0","0%","0","0%","<=5","100%"
"08X392","Integrated Co-Teaching Services","55","96%","<=5","*","<=5","*"
"08X392","SETSS","0","0%","<=5","100%","0","0%"
"08X392","Special Class","22","100%","0","0%","0","0%"
"08X405","Integrated Co-Teaching Services","67","47%",">5","*","<=5","*"
"08X405","SETSS","32","94%","<=5","*","<=5","*"
"08X405","Special Class","61","85%",">5","*","<=5","*"
"08X424","Integrated Co-Teaching Services","56","98%","<=5","*","<=5","*"
"08X424","SETSS","0","0%","0","0%","<=5","100%"
"08X424","Special Class","33","94%","<=5","*","<=5","*"
"08X432","Integrated Co-Teaching Services","30","77%","9","23%","0","0%"
"08X432","Special Class","0","0%","<=5","100%","0","0%"
"08X448","Integrated Co-Teaching Services","35","78%",">5","*","<=5","*"
"08X448","SETSS","6","43%",">5","*","<=5","*"
"08X448","Special Class","15","33%","30","67%","0","0%"
"08X452","Integrated Co-Teaching Services","57","74%","20","26%","0","0%"
"08X452","SETSS","0","0%","<=5","100%","0","0%"
