"location_code","location_name","location_category_description","gender_sexuality_alliance","lgbtqgnc_training_teachers","lgbtqgnc_training_admin","lgbtqgnc_training_other"
"01M034","P.S. 034 Franklin D. Roosevelt","K-8","false","0","0","0"
"01M140","P.S. 140 Nathan Straus","K-8","false","0","0","0"
"01M184","P.S. 184m Shuang Wen","K-8","true","0","0","0"
"01M188","P.S. 188 The Island School","K-8","true","0","0","0"
"01M292","Orchard Collegiate Academy","High school","true","0","0","0"
"01M332","University Neighborhood Middle School","Junior High-Intermediate-Middle","false","0","0","1"
"01M378","School for Global Leaders","Junior High-Intermediate-Middle","true","1","1","0"
"01M448","University Neighborhood High School","High school","true","0","0","0"
"01M450","East Side Community School","Secondary School","true","0","0","1"
"01M458","Forsyth Satellite Academy","High school","true","3","0","1"
"01M515","Lower East Side Preparatory High School","High school","true","0","0","0"
"01M539","New Explorations into Science, Technology and Math","K-12 all grades","true","1","0","0"
"01M650","Cascades High School","High school","true","0","0","0"
"01M696","Bard High School Early College","High school","true","0","0","1"
"01M839","Tompkins Square Middle School","Junior High-Intermediate-Middle","true","1","0","0"
"02M047","47 The American Sign Language and English Secondar","High school","true","1","0","0"
"02M104","J.H.S. 104 Simon Baruch","Junior High-Intermediate-Middle","true","1","0","0"
"02M114","East Side Middle School","Junior High-Intermediate-Middle","true","1","0","0"
"02M126","P.S. 126 Jacob August Riis","K-8","true","2","0","0"
"02M131","M.S. 131","Junior High-Intermediate-Middle","true","1","1","0"
"02M135","The Urban Assembly School for Emergency Management","High school","true","1","0","0"
"02M139","Stephen T. Mather Building Arts & Craftsmanship Hi","High school","true","5","0","1"
"02M167","J.H.S. 167 Robert F. Wagner","Junior High-Intermediate-Middle","true","0","1","0"
"02M177","Yorkville East Middle School","Junior High-Intermediate-Middle","true","1","0","0"
"02M217","P.S./I.S. 217 Roosevelt Island","K-8","true","1","0","0"
"02M225","Ella Baker School","K-8","true","33","1","4"
"02M255","M.S. 255 Salk School of Science","Junior High-Intermediate-Middle","true","2","0","0"
"02M260","The Clinton School","Secondary School","true","0","0","0"
"02M276","Battery Park City School","K-8","true","1","0","0"
"02M280","Manhattan Early College School for Advertising","High school","true","0","0","0"
"02M282","Urban Assembly Maker Academy","High school","true","0","0","0"
"02M288","Food and Finance High School","High school","false","0","0","0"
"02M289","I.S. 289","Junior High-Intermediate-Middle","true","1","0","0"
"02M294","Essex Street Academy","High school","true","0","0","0"
"02M296","High School of Hospitality Management","High school","true","1","0","0"
"02M297","M.S. 297","Junior High-Intermediate-Middle","true","0","0","1"
"02M298","Pace High School","High school","true","0","1","0"
"02M300","Urban Assembly School of Design and Construction,","High school","true","1","0","0"
"02M303","Facing History School, The","High school","true","1","0","0"
"02M305","Urban Assembly Academy of Government and Law, The","High school","true","0","0","0"
"02M308","Lower Manhattan Arts Academy","High school","false","0","0","0"
"02M312","New York City Lab Middle School for Collaborative","Junior High-Intermediate-Middle","true","0","1","0"
"02M313","James Baldwin School, The: A School for Expedition","High school","false","0","0","1"
"02M316","Urban Assembly School of Business for Young Women,","High school","false","0","0","0"
"02M347","The 47 American Sign Language & English Lower Scho","K-8","true","0","0","0"
"02M374","Gramercy Arts High School","High school","true","0","0","0"
"02M376","NYC iSchool","High school","true","0","0","0"
"02M392","Manhattan Business Academy","High school","false","1","0","0"
"02M393","Business Of Sports School","High school","true","1","1","0"
"02M394","Emma Lazarus High School","High school","true","0","0","0"
"02M397","Spruce Street School","K-8","true","0","0","0"
"02M399","The High School For Language And Diplomacy","High school","true","1","1","0"
"02M400","High School for Environmental Studies","High school","true","1","0","0"
"02M407","Institute for Collaborative Education","Secondary School","true","0","0","0"
"02M408","Professional Performing Arts High School","Secondary School","true","0","0","0"
"02M411","Baruch College Campus High School","High school","true","31","3","2"
"02M412","N.Y.C. Lab School for Collaborative Studies","High school","true","0","0","0"
"02M413","School of the Future High School","Secondary School","true","3","0","0"
"02M414","N.Y.C. Museum School","High school","true","2","0","0"
"02M416","Eleanor Roosevelt High School","High school","true","0","0","0"
"02M418","Millennium High School","High school","true","0","0","0"
"02M419","Landmark High School","High school","true","2","0","0"
"02M420","High School for Health Professions and Human Servi","High school","true","1","0","0"
"02M422","Quest to Learn","Secondary School","true","0","0","0"
"02M425","Leadership and Public Service High School","High school","false","0","0","0"
"02M427","Manhattan Academy For Arts & Language","High school","true","0","0","0"
"02M432","Murray Hill Academy","High school","true","1","0","0"
"02M437","Hudson High School of Learning Technologies","High school","false","2","0","0"
"02M438","International High School at Union Square","High school","true","0","0","0"
"02M439","Manhattan Village Academy","High school","false","1","0","0"
"02M442","Ballet Tech, NYC Public School for Dance","K-8","false","0","0","0"
"02M449","Vanguard High School","High school","true","1","1","0"
"02M459","Manhattan International High School","High school","true","0","0","0"
"02M475","Stuyvesant High School","High school","true","3","0","0"
"02M489","High School of Economics and Finance","High school","true","0","0","0"
"02M500","Unity Center for Urban Technologies","High school","false","1","0","0"
"02M507","Urban Assembly Gateway School for Technology","High school","true","0","0","0"
"02M519","Talent Unlimited High School","High school","true","1","0","1"
"02M520","Murry Bergtraum High School for Business Careers","High school","false","0","0","0"
"02M529","Jacqueline Kennedy Onassis High School","High school","false","0","0","0"
"02M531","Repertory Company High School for Theatre Arts","High school","true","0","0","0"
"02M533","Union Square Academy for Health Sciences","High school","true","1","0","0"
"02M534","Harvest Collegiate High School","High school","true","0","0","0"
"02M542","Manhattan Bridges High School","High school","false","0","0","0"
"02M543","New Design High School","High school","true","1","0","0"
"02M544","Independence High School","High school","true","0","0","0"
"02M545","High School for Dual Language and Asian Studies","High school","false","2","0","0"
"02M546","Academy for Software Engineering","High school","true","1","0","1"
"02M550","Liberty High School Academy for Newcomers","High school","true","0","0","0"
"02M551","Urban Assembly New York Harbor School","High school","true","2","0","0"
"02M560","High School M560 - City As School","High school","false","1","0","0"
"02M565","Urban Academy Laboratory High School","High school","true","1","0","0"
"02M570","Satellite Academy High School","High school","true","1","0","1"
"02M575","Manhattan Comprehensive Night and Day High School","High school","true","1","0","0"
"02M580","Richard R. Green High School of Teaching","High school","true","0","1","0"
"02M586","Harvey Milk High School","High school","false","0","0","0"
"02M600","The High School of Fashion Industries","High school","true","1","1","1"
"02M605","Humanities Preparatory Academy","High school","true","2","0","0"
"02M615","Chelsea Career and Technical Education High School","High school","false","0","0","0"
"02M630","Art and Design High School","High school","true","2","0","0"
"02M655","Life Sciences Secondary School","High school","true","1","0","0"
"02M896","Lower Manhattan Community Middle School","Junior High-Intermediate-Middle","true","1","0","0"
"02M933","City Knoll Middle School","Junior High-Intermediate-Middle","true","0","0","0"
"03M054","J.H.S. 054 Booker T. Washington","Junior High-Intermediate-Middle","true","3","0","0"
"03M076","P.S. 076 A. Philip Randolph","K-8","true","0","0","0"
"03M149","P.S. 149 Sojourner Truth","K-8","false","0","0","0"
"03M180","P.S. 180 Hugo Newman","K-8","false","0","0","0"
"03M191","The Riverside School for Makers and Artists","K-8","true","0","0","0"
"03M243","M.S. 243 Center School","Junior High-Intermediate-Middle","false","0","0","0"
"03M245","M.S. M245 The Computer School","Junior High-Intermediate-Middle","true","3","0","0"
"03M247","M.S. M247 Dual Language Middle School","Junior High-Intermediate-Middle","false","0","0","0"
"03M250","M.S. 250 West Side Collaborative Middle School","Junior High-Intermediate-Middle","false","0","0","1"
"03M256","Lafayette Academy","Junior High-Intermediate-Middle","false","18","2","4"
"03M258","Community Action School - MS 258","Junior High-Intermediate-Middle","true","0","0","1"
"03M291","West End Secondary School","Secondary School","true","0","0","0"
"03M299","The Maxine Greene HS for Imaginative Inquiry","High school","true","0","0","0"
"03M307","Urban Assembly School for Media Studies, The","High school","true","0","0","0"
"03M333","P.S. 333 Manhattan School for Children","K-8","true","0","0","0"
"03M334","The Anderson School","K-8","true","1","0","0"
"03M402","The Urban Assembly School for Green Careers","High school","true","1","0","0"
"03M403","The Global Learning Collaborative","High school","true","0","0","0"
"03M404","Innovation Diploma Plus","High school","false","0","0","0"
"03M415","Wadleigh Secondary School for the Performing & Vis","Secondary School","true","0","1","0"
"03M417","Frank McCourt High School","High school","true","2","0","0"
"03M421","West Prep Academy","Junior High-Intermediate-Middle","false","2","0","0"
"03M479","Beacon High School","High school","true","7","0","0"
"03M485","Fiorello H. LaGuardia High School of Music & Art a","High school","true","0","0","0"
"03M492","High School for Law, Advocacy and Community Justic","High school","true","0","0","0"
"03M494","High School of Arts and Technology","High school","true","1","0","0"
"03M505","Edward A. Reynolds West Side High School","High school","false","0","0","0"
"03M541","Manhattan / Hunter Science High School","High school","true","0","0","0"
"03M859","Special Music School","K-12 all grades","true","0","0","0"
"03M860","Frederick Douglass Academy II Secondary School","Secondary School","true","2","0","0"
"03M862","Mott Hall II","Junior High-Intermediate-Middle","true","1","0","0"
"04M007","P.S. 007 Samuel Stern","K-8","false","0","0","0"
"04M012","Tag Young Scholars","K-8","false","0","0","0"
"04M057","James Weldon Johnson","K-8","false","0","1","0"
"04M072","The Lexington Academy","K-8","true","0","0","0"
"04M096","P.S. 096 Joseph Lanzetta","K-8","true","0","0","0"
"04M108","P.S. 108 Assemblyman Angelo Del Toro Educational C","K-8","true","0","0","0"
"04M171","P.S. 171 Patrick Henry","K-8","false","1","0","0"
"04M206","P.S. 206 Jose Celso Barbosa","K-8","false","2","0","0"
"04M224","M.S. 224 Manhattan East School for Arts & Academic","Junior High-Intermediate-Middle","true","0","0","0"
"04M310","The Judith S. Kaye School","High school","true","0","0","0"
"04M372","Esperanza Preparatory Academy","Secondary School","false","3","0","0"
"04M377","Renaissance School of the Arts","Junior High-Intermediate-Middle","true","0","0","0"
"04M435","Manhattan Center for Science and Mathematics","High school","true","2","0","0"
"04M495","Park East High School","High school","true","2","0","1"
"04M555","Central Park East High School","High school","true","1","0","0"
"04M610","Young Women's Leadership School","Secondary School","true","0","0","0"
"04M680","Heritage School, The","High school","true","0","0","0"
"04M825","Isaac Newton Middle School for Math & Science","Junior High-Intermediate-Middle","true","0","0","0"
"04M964","Central Park East II","K-8","true","1","0","0"
"05M046","P.S. 046 Arthur Tappan","K-8","false","0","0","0"
"05M123","P.S. 123 Mahalia Jackson","K-8","false","0","0","0"
"05M129","P.S. 129 John H. Finley","K-8","false","2","0","0"
"05M148","Eagle Academy for Young Men of Harlem","Secondary School","true","1","0","0"
"05M157","The Urban Assembly School for Global Commerce","High school","true","1","0","0"
"05M161","P.S. 161 Pedro Albizu Campos","K-8","false","0","0","0"
"05M285","Harlem Renaissance High School","High school","true","0","0","1"
"05M286","Urban Assembly Academy for Future Leaders","Junior High-Intermediate-Middle","false","0","0","0"
"05M304","Mott Hall High School","High school","true","0","0","0"
"05M362","Columbia Secondary School","Secondary School","true","2","0","0"
"05M369","Urban Assembly School for the Performing Arts","High school","true","0","0","1"
"05M371","School of Earth Exploration and Discovery Harlem (","Junior High-Intermediate-Middle","false","0","0","0"
"05M499","Frederick Douglass Academy","Secondary School","false","0","0","0"
"05M514","New Design Middle School","Junior High-Intermediate-Middle","false","0","0","0"
"05M517","Teachers College Community School","K-8","false","0","0","0"
"05M670","Thurgood Marshall Academy for Learning and Social","Secondary School","true","0","0","1"
"05M692","High School for Mathematics, Science and Engineeri","High school","true","0","0","0"
"06M018","P.S. 018 Park Terrace","K-8","false","0","0","0"
"06M052","Harold O. Levy School","Junior High-Intermediate-Middle","false","0","0","0"
"06M143","J.H.S. 143 Eleanor Roosevelt","Junior High-Intermediate-Middle","false","1","0","0"
"06M187","P.S./I.S. 187 Hudson Cliffs","K-8","false","1","0","0"
"06M209","Hamilton Grange Middle School","Junior High-Intermediate-Middle","true","1","0","0"
"06M210","P.S./I.S. 210 - Twenty-first Century Academy for C","K-8","false","0","0","0"
"06M211","Inwood Early College for Health and Information Te","High school","true","1","0","0"
"06M223","The Mott Hall School","Junior High-Intermediate-Middle","false","0","0","0"
"06M278","Paula Hedbavny School","K-8","true","0","1","0"
"06M293","City College Academy of the Arts","Secondary School","true","1","1","0"
"06M311","Amistad Dual Language School","K-8","false","0","0","0"
"06M319","M.S. 319 - Maria Teresa","Junior High-Intermediate-Middle","false","1","0","0"
"06M322","Middle School 322","Junior High-Intermediate-Middle","false","1","0","0"
"06M324","M.S. 324 - Patria Mirabal","Junior High-Intermediate-Middle","true","0","0","0"
"06M328","Community Math & Science Prep","Junior High-Intermediate-Middle","false","1","0","0"
"06M346","Community Health Academy of the Heights","Secondary School","true","1","0","1"
"06M348","Washington Heights Expeditionary Learning School","K-12 all grades","true","2","0","1"
"06M349","Harbor Heights","Junior High-Intermediate-Middle","false","0","0","0"
"06M366","Washington Heights Academy","K-8","true","0","0","0"
"06M423","High School for Excellence and Innovation","High school","false","0","0","0"
"06M462","The College Academy","High school","true","0","0","0"
"06M463","High School for Media and Communications","High school","false","0","0","0"
"06M467","High School for Law and Public Service","High school","true","2","0","0"
"06M468","High School for Health Careers and Sciences","High school","true","0","0","0"
"06M528","I.S. 528 Bea Fuller Rodgers School","Junior High-Intermediate-Middle","false","0","0","0"
"06M540","A. Philip Randolph Campus High School","High school","true","1","0","0"
"06M552","Gregorio Luperon High School for Science and Mathe","High school","true","1","0","0"
"07X005","P.S. 5 Port Morris","K-8","true","1","0","0"
"07X029","P.S./M.S. 029 Melrose School","K-8","true","2","0","0"
"07X031","P.S./M.S. 031 The William Lloyd Garrison","K-8","false","0","0","1"
"07X151","J.H.S. 151 Lou Gehrig","Junior High-Intermediate-Middle","false","0","0","0"
"07X221","South Bronx Preparatory: A College Board School","Secondary School","true","2","0","0"
"07X223","The Laboratory School of Finance and Technology: X","Secondary School","true","0","0","0"
"07X224","P.S./I.S. 224","Junior High-Intermediate-Middle","false","0","0","0"
"07X259","H.E.R.O. High (Health, Education, and Research Occ","High school","true","0","0","0"
"07X296","South Bronx Academy for Applied Media","Junior High-Intermediate-Middle","true","1","0","0"
"07X298","Academy of Public Relations","Junior High-Intermediate-Middle","true","1","0","0"
"07X334","International Community High School","High school","true","3","1","0"
"07X343","Academy of Applied Mathematics and Technology","Junior High-Intermediate-Middle","false","0","0","0"
"07X379","Jill Chaifetz Transfer High School","High school","false","0","0","0"
"07X381","Bronx Haven High School","High school","true","0","0","0"
"07X427","Community School for Social Justice","High school","false","0","0","0"
"07X473","Mott Haven Village Preparatory High School","High school","true","1","0","0"
"07X495","University Heights Secondary School","High school","true","0","0","0"
"07X500","Hostos-Lincoln Academy of Science","Secondary School","true","0","0","0"
"07X522","Bronx Design and Construction Academy","High school","true","1","0","0"
"07X527","Bronx Leadership Academy II High School","High school","true","0","0","0"
"07X548","Careers in Sports High School","High school","true","3","0","0"
"07X551","The Urban Assembly Bronx Academy of Letters","Secondary School","true","0","0","0"
"07X557","Mott Haven Community High School","High school","true","0","0","0"
"07X584","I.S. 584","Junior High-Intermediate-Middle","false","0","0","0"
"07X600","Alfred E. Smith Career and Technical Education Hig","High school","true","0","0","0"
"07X625","Walkabout Bronx High School","High school","false","0","1","0"
"07X670","Health Opportunities High School","High school","true","3","0","0"
"08X071","P.S. 071 Rose E. Scala","K-8","false","0","0","0"
"08X101","M.S. X101 Edward R. Byrne","Junior High-Intermediate-Middle","true","1","0","1"
"08X123","J.H.S. 123 James M. Kieran","Junior High-Intermediate-Middle","true","0","0","0"
"08X131","J.H.S. 131 Albert Einstein","Junior High-Intermediate-Middle","false","0","0","0"
"08X269","Bronx Studio School for Writers and Artists","Secondary School","true","0","0","0"
"08X282","Women's Academy of Excellence","High school","false","0","0","0"
"08X293","Renaissance High School for Musical Theater and th","High school","false","1","0","0"
"08X301","M.S. 301 Paul L. Dunbar","Junior High-Intermediate-Middle","false","0","0","0"
"08X302","M.S. 302 Luisa Dessus Cruz","Junior High-Intermediate-Middle","false","0","0","0"
"08X312","Millennium Art Academy","High school","false","0","0","0"
"08X320","Pelham Lab High School","High school","true","0","0","0"
"08X337","The School for Inquiry and Social Justice","Junior High-Intermediate-Middle","true","35","2","2"
"08X348","Schuylerville Preparatory High School","High school","false","0","0","0"
"08X349","Bronx River High School","High school","true","0","0","0"
"08X367","Archimedes Academy for Math, Science and Technolog","Secondary School","true","0","0","0"
"08X371","Urban Institute of Mathematics","Junior High-Intermediate-Middle","false","0","0","0"
"08X375","The Bronx Mathematics Preparatory School","Junior High-Intermediate-Middle","false","0","0","0"
"08X376","Antonia Pantoja Preparatory Academy: A College Boa","Secondary School","true","2","0","0"
"08X377","Bronx Community High School","High school","false","0","0","0"
"08X405","Herbert H. Lehman High School","High school","true","5","0","4"
"08X424","Bronx Academy for Multi-Media","Junior High-Intermediate-Middle","true","0","0","0"
"08X432","Bronx Bridges High School","High school","false","0","0","0"
"08X448","Soundview Academy for Culture and Scholarship","Junior High-Intermediate-Middle","false","0","0","0"
"08X452","Gotham Collaborative High School","High school","false","0","0","0"
"08X467","Mott Hall Community School","Junior High-Intermediate-Middle","true","1","0","0"
"08X530","Longwood Preparatory Academy","High school","true","1","0","2"
"08X537","Bronx Arena High School","High school","false","0","0","0"
"08X558","Westchester Square Academy","High school","true","0","0","0"
"08X559","School for Tourism and Hospitality","High school","false","2","0","0"
"08X561","Bronx Compass High School","High school","true","3","1","0"
"08X562","Blueprint Middle School","Junior High-Intermediate-Middle","true","3","0","0"
"09X004","P.S./M.S. 004 Crotona Park West","K-8","false","0","1","0"
"09X022","J.H.S. 022 Jordan L. Mott","Junior High-Intermediate-Middle","false","0","0","0"
"09X117","I.S. 117 Joseph H. Wade","Junior High-Intermediate-Middle","false","0","0","0"
"09X128","Mott Hall III","Junior High-Intermediate-Middle","true","2","0","0"
"09X215","Kappa","Junior High-Intermediate-Middle","true","1","0","0"
"09X218","P.S./I.S. 218 Rafael Hernandez Dual Language Magne","K-8","false","1","0","0"
"09X219","I.S. 219 New Venture School","Junior High-Intermediate-Middle","true","1","0","1"
"09X227","Bronx Collegiate Academy","High school","false","0","0","0"
"09X229","I.S. 229 Roland Patterson","Junior High-Intermediate-Middle","false","1","0","0"
"09X231","Eagle Academy for Young Men","Secondary School","false","0","0","0"
"09X232","I.S. 232","Junior High-Intermediate-Middle","false","0","0","0"
"09X241","Urban Assembly School for Applied Math and Science","Secondary School","true","1","0","0"
"09X250","Eximius College Preparatory Academy: A College Boa","High school","true","0","0","0"
"09X252","Mott Hall Bronx High School","High school","false","1","0","0"
"09X260","Bronx Center for Science and Mathematics","High school","true","0","0","0"
"09X263","Validus Preparatory Academy","High school","false","1","0","0"
"09X297","Morris Academy for Collaborative Studies","High school","true","0","0","0"
"09X303","I.S. X303 Leadership & Community Service","Junior High-Intermediate-Middle","true","2","1","0"
"09X313","I.S. 313 School of Leadership Development","Junior High-Intermediate-Middle","false","0","1","0"
"09X323","Bronx Writing Academy","Junior High-Intermediate-Middle","false","1","0","0"
"09X324","Bronx Early College Academy for Teaching & Learnin","Secondary School","false","0","0","0"
"09X327","Comprehensive Model School Project M.S. 327","Secondary School","true","0","0","0"
"09X328","New Millennium Bronx Academy of the Arts","Junior High-Intermediate-Middle","true","0","0","0"
"09X329","DreamYard Preparatory School","High school","true","1","0","0"
"09X339","I.S. 339","Junior High-Intermediate-Middle","false","0","0","0"
"09X350","New Directions Secondary School","High school","true","0","0","0"
"09X361","The Highbridge Green School","Junior High-Intermediate-Middle","true","0","0","0"
"09X365","Academy for Language and Technology","High school","false","0","0","0"
"09X403","Bronx International High School","High school","true","0","0","0"
"09X404","School for Excellence","High school","false","1","0","0"
"09X412","Bronx High School of Business","High school","true","2","0","0"
"09X413","Bronx High School for Medical Science","Secondary School","false","1","1","0"
"09X454","Science and Technology Academy: A Mott Hall School","Junior High-Intermediate-Middle","false","0","0","0"
"09X505","Bronx School for Law, Government and Justice","Secondary School","true","0","0","1"
"09X517","Frederick Douglass Academy III Secondary School","High school","false","0","0","0"
"09X525","Bronx Leadership Academy High School","High school","true","1","0","0"
"09X543","High School for Violin and Dance","High school","true","1","0","0"
"09X564","Claremont International HS","High school","true","6","0","1"
"09X568","Young Women's Leadership School of the Bronx","Secondary School","true","3","0","0"
"09X593","South Bronx International Middle School","Junior High-Intermediate-Middle","false","0","0","0"
"09X594","M.S. 594","Junior High-Intermediate-Middle","true","0","0","0"
"10X003","P.S. 3 Raul Julia Micro Society","K-8","false","2","0","0"
"10X015","P.S. X015 Institute for Environmental Learning","K-8","false","0","0","0"
"10X020","PS/MS 20 P.O.George J. Werdann, III","K-8","true","0","0","0"
"10X037","P.S. X037 - Multiple Intelligence School","K-8","false","1","0","0"
"10X045","Thomas C. Giordano Middle School 45","Junior High-Intermediate-Middle","false","0","0","1"
"10X080","J.H.S. 080 The Mosholu Parkway","Junior High-Intermediate-Middle","false","0","0","0"
"10X095","P.S. 095 Sheila Mencher","K-8","false","0","0","0"
"10X118","J.H.S. 118 William W. Niles","Junior High-Intermediate-Middle","true","0","1","0"
"10X141","Riverdale / Kingsbridge Academy (Middle School / H","Secondary School","true","1","0","1"
"10X206","I.S. 206 Ann Mersereau","Junior High-Intermediate-Middle","false","0","0","0"
"10X213","Bronx Engineering and Technology Academy","High school","false","0","0","0"
"10X225","Theatre Arts Production Company School","Secondary School","true","2","0","0"
"10X228","Jonas Bronck Academy","Junior High-Intermediate-Middle","false","1","0","0"
"10X237","The Marie Curie School for Medicine, Nursing, and","High school","true","0","0","0"
"10X243","West Bronx Academy for the Future","Secondary School","true","0","0","0"
"10X244","The New School for Leadership and Journalism","Junior High-Intermediate-Middle","true","4","0","0"
"10X254","I.S. 254","Junior High-Intermediate-Middle","true","0","0","0"
"10X264","Bronx Academy for Software Engineering (BASE)","High school","true","1","0","0"
"10X268","Kingsbridge International High School","High school","false","0","0","0"
"10X279","P.S. 279 Captain Manuel Rivera, Jr.","K-8","false","0","0","0"
"10X280","P.S./M.S. 280 Mosholu Parkway","K-8","false","0","0","0"
"10X284","Bronx School of Law and Finance","High school","true","2","0","0"
"10X308","Bronx Dance Academy School","Junior High-Intermediate-Middle","false","16","0","2"
"10X315","P.S. 315 Lab School","K-8","false","0","2","0"
"10X319","Providing Urban Learners Success In Education High","High school","false","1","0","0"
"10X331","The Bronx School of Young Leaders","Junior High-Intermediate-Middle","true","1","0","2"
"10X342","International School for Liberal Arts","Secondary School","true","1","0","0"
"10X351","Bronx Collaborative High School","High school","true","1","1","0"
"10X353","World View High School","High school","true","2","0","0"
"10X363","Academy For Personal Leadership And Excellence","Junior High-Intermediate-Middle","true","1","0","0"
"10X368","In-Tech Academy (M.S. / High School 368)","Secondary School","true","2","0","1"
"10X374","Knowledge and Power Preparatory Academy Internatio","High school","true","0","0","0"
"10X390","M.S. 390","Junior High-Intermediate-Middle","false","3","0","0"
"10X391","The Angelo Patri Middle School","Junior High-Intermediate-Middle","true","2","0","0"
"10X397","English Language Learners and International Suppor","High school","false","1","0","0"
"10X433","High School for Teaching and the Professions","High school","true","2","0","0"
"10X434","Belmont Preparatory High School","High school","false","1","0","0"
"10X437","Fordham High School for the Arts","High school","true","4","1","0"
"10X438","Fordham Leadership Academy","High school","true","0","0","0"
"10X439","Bronx High School for Law and Community Service","High school","true","0","0","1"
"10X440","DeWitt Clinton High School","High school","true","0","0","0"
"10X442","Celia Cruz Bronx High School of Music, The","High school","true","1","0","0"
"10X445","The Bronx High School of Science","High school","true","1","0","0"
"10X447","Creston Academy","Junior High-Intermediate-Middle","false","0","0","0"
"10X477","Marble Hill High School for International Studies","High school","true","0","0","0"
"10X524","Crotona International High School","High school","false","0","1","0"
"10X546","Bronx Theatre High School","High school","true","1","0","0"
"10X549","Discovery High School","High school","false","2","1","0"
"10X565","High School for Energy and Technology","High school","false","0","0","1"
"10X696","High School of American Studies at Lehman College","High school","true","0","0","0"
"11X019","P.S. 019 Judith K. Weiss","K-8","false","0","0","0"
"11X083","P.S. 083 Donald Hertz","K-8","false","0","0","0"
"11X089","P.S. 089 Bronx","K-8","true","1","0","0"
"11X127","J.H.S. 127 The Castle Hill","Junior High-Intermediate-Middle","true","3","0","0"
"11X144","J.H.S. 144 Michelangelo","Junior High-Intermediate-Middle","true","0","0","0"
"11X175","P.S. 175 City Island","K-8","false","1","0","1"
"11X180","M.S. 180 Dr. Daniel Hale Williams","Junior High-Intermediate-Middle","false","0","0","0"
"11X181","I.S. 181 Pablo Casals","Junior High-Intermediate-Middle","false","1","0","0"
"11X194","P.S./M.S. 194","K-8","false","0","0","0"
"11X249","Bronx Health Sciences High School","High school","false","1","0","0"
"11X253","Bronx High School for Writing and Communication Ar","High school","true","0","0","0"
"11X265","Bronx Lab School","High school","true","0","0","0"
"11X270","Academy for Scholarship and Entrepreneurship: A Co","High school","false","1","0","0"
"11X275","High School of Computers and Technology","High school","false","0","0","0"
"11X287","North Bronx School of Empowerment","Junior High-Intermediate-Middle","false","0","0","0"
"11X288","Collegiate Institute for Math and Science","High school","false","0","0","0"
"11X290","Bronx Academy of Health Careers","High school","false","0","0","0"
"11X299","Astor Collegiate Academy","High school","true","0","0","0"
"11X326","Bronx Green Middle School","Junior High-Intermediate-Middle","false","0","0","0"
"11X355","Bronx Alliance Middle School","Junior High-Intermediate-Middle","true","0","0","0"
"11X370","Leaders of Tomorrow","Junior High-Intermediate-Middle","false","0","0","0"
"11X418","Bronx High School for the Visual Arts","High school","false","2","0","0"
"11X455","Harry S Truman High School","High school","true","3","1","2"
"11X462","Cornerstone Academy for Social Action Middle Schoo","Junior High-Intermediate-Middle","false","2","0","2"
"11X468","Pelham Academy of Academics and Community Engageme","Junior High-Intermediate-Middle","false","1","0","0"
"11X498","P.S./M.S. 11X498 - Van Nest Academy","K-8","false","0","1","0"
"11X508","Bronxdale High School","High school","true","1","1","0"
"11X509","High School of Language and Innovation","High school","false","1","0","0"
"11X513","New World High School","High school","false","1","0","0"
"11X514","The Bronxwood Preparatory Academy","High school","false","0","0","0"
"11X529","One World Middle School at Edenwald","Junior High-Intermediate-Middle","false","0","0","0"
"11X532","Baychester Middle School","Junior High-Intermediate-Middle","false","0","0","0"
"11X542","Pelham Preparatory Academy","High school","false","0","0","0"
"11X544","High School for Contemporary Arts","High school","true","2","0","0"
"11X545","Bronx Aerospace High School","High school","true","0","0","0"
"11X556","Bronx Park Middle School","Junior High-Intermediate-Middle","true","0","0","0"
"11X566","Pelham Gardens Middle School","Junior High-Intermediate-Middle","true","1","0","0"
"12X098","J.H.S. 098 Herman Ridder","Junior High-Intermediate-Middle","false","0","1","0"
"12X129","M.S. 129 Academy for Independent Learning and Lead","Junior High-Intermediate-Middle","true","2","0","1"
"12X190","E.S.M.T- I.S. 190","Junior High-Intermediate-Middle","false","3","1","1"
"12X211","P.S. 211","K-8","false","0","0","0"
"12X214","P.S. 214","K-8","false","2","0","0"
"12X217","School of Performing Arts","Junior High-Intermediate-Middle","false","0","1","1"
"12X242","Mott Hall V","Secondary School","true","2","1","0"
"12X248","Metropolitan High School, The","High school","true","0","0","0"
"12X251","Explorations Academy H.S.","High school","true","3","0","0"
"12X267","Bronx Latin","Secondary School","true","1","0","0"
"12X271","East Bronx Academy for the Future","Secondary School","false","0","0","0"
"12X273","Frederick Douglass Academy V. Middle School","Junior High-Intermediate-Middle","false","1","0","0"
"12X286","Fannie Lou Hamer Middle School","Junior High-Intermediate-Middle","true","0","0","0"
"12X316","Kappa III","Junior High-Intermediate-Middle","false","1","0","0"
"12X318","I.S. X318 Math, Science & Technology Through Arts","Junior High-Intermediate-Middle","true","3","0","0"
"12X341","Accion Academy","Junior High-Intermediate-Middle","false","1","0","0"
"12X383","Emolior Academy","Junior High-Intermediate-Middle","false","1","0","0"
"12X388","Pan American International High School at Monroe","High school","true","3","0","0"
"12X446","Arturo A. Schomburg Satellite Academy Bronx","High school","true","0","0","0"
"12X478","The Cinema School","High school","true","0","0","1"
"12X479","Bronx Career and College Preparatory High School","High school","false","0","0","0"
"12X480","Bronx Regional High School","High school","false","0","0","0"
"12X511","Bronx Envision Academy","High school","false","0","0","0"
"12X521","The Metropolitan Soundview High School","High school","false","0","0","0"
"12X550","High School of World Cultures","High school","false","1","0","0"
"12X682","Fannie Lou Hamer Freedom High School","High school","true","0","0","0"
"12X684","Wings Academy","High school","false","0","0","0"
"13K113","M.S. 113 Ronald Edmonds Learning Center","Junior High-Intermediate-Middle","false","0","0","1"
"13K265","Dr. Susan S. McKinney Secondary School of the Arts","Secondary School","true","2","0","0"
"13K266","M.S. K266 - Park Place Community Middle School","Junior High-Intermediate-Middle","false","0","0","0"
"13K282","P.S. 282 Park Slope","K-8","true","0","0","1"
"13K301","Satellite East Middle School","Junior High-Intermediate-Middle","false","1","0","0"
"13K313","Dock Street School for STEAM Studies","Junior High-Intermediate-Middle","true","0","0","0"
"13K350","Urban Assembly School of Music and Art","High school","false","0","0","0"
"13K351","The Urban Assembly Unison School","Junior High-Intermediate-Middle","false","3","1","0"
"13K412","Brooklyn Community Arts & Media High School (BCAM)","High school","true","0","0","0"
"13K419","Science Skills Center High School for Science, Tec","High school","true","0","1","0"
"13K430","Brooklyn Technical High School","High school","true","2","0","2"
"13K439","Brooklyn International High School","High school","true","0","0","0"
"13K483","The Urban Assembly School for Law and Justice","High school","true","0","0","0"
"13K492","Academy of Arts and Letters","K-8","true","2","0","0"
"13K527","Urban Assembly Institute of Math and Science for Y","Secondary School","true","11","1","0"
"13K553","Brooklyn Academy High School","High school","false","0","0","0"
"13K594","Gotham Professional Arts Academy","High school","true","0","0","0"
"13K595","Bedford Academy High School","High school","false","0","0","0"
"13K605","George Westinghouse Career and Technical Education","High school","true","0","0","1"
"13K616","Brooklyn High School for Leadership and Community","High school","false","0","0","0"
"13K670","Benjamin Banneker Academy","High school","false","0","0","0"
"13K674","City Polytechnic High School of Engineering, Archi","High school","true","1","0","0"
"13K691","Fort Greene Preparatory Academy","Junior High-Intermediate-Middle","true","0","0","0"
"13K915","I.S. 915","Junior High-Intermediate-Middle","true","1","0","1"
"14K050","J.H.S. 050 John D. Wells","Junior High-Intermediate-Middle","true","1","0","1"
"14K071","Juan Morel Campos Secondary School","Secondary School","false","1","0","0"
"14K084","P.S. 084 Jose De Diego","K-8","false","1","0","0"
"14K126","John Ericsson Middle School 126","Junior High-Intermediate-Middle","false","0","0","0"
"14K157","P.S./I.S. 157 The Benjamin Franklin Health & Scien","K-8","false","1","0","0"
"14K318","I.S. 318 Eugenio Maria De Hostos","Junior High-Intermediate-Middle","true","0","0","0"
"14K449","Brooklyn Latin School, The","High school","true","3","1","2"
"14K454","The Williamsburg High School of Art and Technology","High school","false","0","0","0"
"14K474","PROGRESS High School for Professional Careers","High school","true","3","0","0"
"14K477","East Williamsburg Scholars Academy","High school","true","1","0","0"
"14K478","The High School for Enterprise, Business and Techn","High school","true","1","0","0"
"14K488","Brooklyn Preparatory High School","High school","true","1","0","0"
"14K558","Williamsburg High School for Architecture and Desi","High school","false","0","0","0"
"14K561","Williamsburg Preparatory School","High school","true","0","0","0"
"14K577","Conselyea Preparatory School","Junior High-Intermediate-Middle","true","0","0","1"
"14K582","M.S. 582","Junior High-Intermediate-Middle","false","0","0","0"
"14K586","Lyons Community School","Secondary School","true","0","0","1"
"14K610","A-Tech High School","High school","false","0","0","0"
"14K614","Young Women's Leadership School of Brooklyn","Secondary School","true","2","0","0"
"14K685","El Puente Academy for Peace and Justice","High school","false","0","0","0"
"15K051","M.S. 51 William Alexander","Junior High-Intermediate-Middle","true","1","0","0"
"15K088","J.H.S. 088 Peter Rouget","Junior High-Intermediate-Middle","true","3","2","1"
"15K136","I.S. 136 Charles O. Dewey","Junior High-Intermediate-Middle","true","0","0","0"
"15K423","Brooklyn Frontiers High School","High school","true","0","0","0"
"15K429","Digital Arts and Cinema Technology High School","High school","true","0","0","0"
"15K442","M.S. 442 Carroll Gardens School for Innovation","Junior High-Intermediate-Middle","true","0","0","0"
"15K443","New Voices School of Academic & Creative Arts","Junior High-Intermediate-Middle","false","0","1","0"
"15K447","The Math & Science Exploratory School","Junior High-Intermediate-Middle","true","3","0","1"
"15K448","Brooklyn Collaborative Studies","Secondary School","true","4","0","0"
"15K462","John Jay School for Law","High school","true","1","0","0"
"15K463","Cyberarts Studio Academy","High school","true","0","0","1"
"15K464","Park Slope Collegiate","Secondary School","true","2","2","0"
"15K497","The Boerum Hill School for International Studies","Secondary School","true","0","0","1"
"15K519","Cobble Hill School of American Studies","High school","true","0","0","1"
"15K529","West Brooklyn Community High School","High school","true","0","1","0"
"15K592","Khalil Gibran International Academy","High school","true","2","0","0"
"15K656","Brooklyn High School of the Arts","High school","true","0","0","0"
"15K667","Sunset Park High School","High school","true","2","0","1"
"15K684","Millennium Brooklyn HS","High school","true","1","0","0"
"15K698","South Brooklyn Community High School","High school","false","1","0","0"
"15K821","Sunset Park Prep","Junior High-Intermediate-Middle","true","0","0","0"
"15K839","M.S. 839","Junior High-Intermediate-Middle","true","2","0","0"
"16K035","M.S. 035 Stephen Decatur","Junior High-Intermediate-Middle","false","1","0","0"
"16K057","Whitelaw Reid Academy of Arts and Business","Junior High-Intermediate-Middle","false","1","0","1"
"16K267","M.S. 267 Math, Science & Technology","Junior High-Intermediate-Middle","false","0","0","0"
"16K308","P.S. 308 Clara Cardwell","K-8","false","0","0","0"
"16K455","Boys and Girls High School","High school","false","0","0","0"
"16K498","Brooklyn High School for Law and Technology","High school","true","0","0","0"
"16K669","Research and Service High School","High school","true","0","0","0"
"16K681","Madiba Prep Middle School","Junior High-Intermediate-Middle","true","0","0","0"
"16K688","The Brooklyn Academy of Global Finance","High school","false","0","0","0"
"16K765","Nelson Mandela High School","High school","false","1","0","0"
"16K898","The Brooklyn Green School","Junior High-Intermediate-Middle","true","1","0","0"
"17K002","Parkside Preparatory Academy","Junior High-Intermediate-Middle","true","1","0","1"
"17K061","M.S. 061 Dr. Gladstone H. Atwell","Junior High-Intermediate-Middle","true","0","0","1"
"17K122","Pathways in Technology Early College High School (","High school","false","3","0","0"
"17K138","P.S. 138 Brooklyn","K-8","false","1","0","0"
"17K181","P.S. 181 Brooklyn","K-8","false","0","0","0"
"17K189","P.S. 189 The Bilingual Center","K-8","false","0","1","0"
"17K246","M.S. 246 Walt Whitman","Junior High-Intermediate-Middle","false","1","0","0"
"17K340","I.S. 340","Junior High-Intermediate-Middle","false","0","0","1"
"17K352","Ebbets Field Middle School","Junior High-Intermediate-Middle","false","0","0","0"
"17K353","Elijah Stroud Middle School","Junior High-Intermediate-Middle","true","0","0","0"
"17K354","The School of Integrated Learning","Junior High-Intermediate-Middle","false","0","0","0"
"17K382","Academy for College Preparation and Career Explora","Secondary School","false","0","0","0"
"17K394","M.S. K394","K-8","false","0","0","0"
"17K408","Academy of Hospitality and Tourism","High school","true","0","0","0"
"17K484","Ronald Edmonds Learning Center II","Junior High-Intermediate-Middle","false","1","0","0"
"17K524","International High School at Prospect Heights","High school","true","0","0","0"
"17K528","The High School for Global Citizenship","High school","false","0","0","0"
"17K531","School for Human Rights, The","High school","false","1","0","0"
"17K537","High School for Youth and Community Development at","High school","false","1","0","0"
"17K539","High School for Service & Learning at Erasmus","High school","false","1","0","0"
"17K543","Science, Technology and Research Early College Hig","Secondary School","false","0","2","1"
"17K546","High School for Public Service: Heroes of Tomorrow","High school","true","3","0","1"
"17K547","Brooklyn Academy of Science and the Environment","High school","false","0","1","0"
"17K548","Brooklyn School for Music & Theatre","High school","true","1","0","0"
"17K568","Brownsville Academy High School","High school","false","0","0","1"
"17K590","Medgar Evers College Preparatory School","Secondary School","false","1","0","0"
"17K600","Clara Barton High School","High school","true","2","0","1"
"17K646","Aspirations Diploma Plus High School","High school","false","0","0","0"
"17K722","New Heights Middle School","Junior High-Intermediate-Middle","false","0","0","0"
"17K745","Brooklyn Institute for Liberal Arts","High school","true","0","0","0"
"17K751","Academy for Health Careers","High school","false","0","0","0"
"18K066","P.S. 66","K-8","false","0","1","0"
"18K068","I.S. 068 Isaac Bildersee","Junior High-Intermediate-Middle","false","0","0","1"
"18K211","I.S. 211 John Wilson","Junior High-Intermediate-Middle","false","0","0","1"
"18K235","P.S. 235 Janice Marie Knight School","K-8","false","1","0","0"
"18K285","I.S. 285 Meyer Levin","Junior High-Intermediate-Middle","false","1","0","1"
"18K366","The Science And Medicine Middle School","Junior High-Intermediate-Middle","true","2","0","0"
"18K563","It Takes a Village Academy","High school","true","1","0","0"
"18K566","Brooklyn Community High School for Excellence and","High school","true","0","0","0"
"18K567","Brooklyn Theatre Arts High School","High school","false","1","0","0"
"18K569","Kurt Hahn Expeditionary Learning School","High school","true","0","0","0"
"18K576","Victory Collegiate High School","High school","false","0","0","1"
"18K578","Brooklyn Bridge Academy","High school","true","0","0","0"
"18K581","The Middle School of Media, Law and Fine Arts","Junior High-Intermediate-Middle","false","0","1","0"
"18K588","Middle School for Art and Philosophy","Junior High-Intermediate-Middle","false","0","0","0"
"18K617","High School for Innovation in Advertising and Medi","High school","true","0","1","0"
"18K629","Cultural Academy for the Arts and Sciences","High school","true","1","0","0"
"18K633","High School for Medical Professions","High school","true","2","0","2"
"18K635","Olympus Academy","High school","false","0","0","0"
"18K637","Academy for Conservation and the Environment","High school","true","0","0","0"
"18K642","Urban Action Academy","High school","false","0","0","0"
"18K673","East Brooklyn Community High School","High school","true","0","0","0"
"18K763","Brooklyn Science and Engineering Academy","Junior High-Intermediate-Middle","false","1","1","0"
"19K089","P.S. 089 Cypress Hills","K-8","true","3","1","0"
"19K171","I.S. 171 Abraham Lincoln","Junior High-Intermediate-Middle","false","0","0","0"
"19K218","J.H.S. 218 James P. Sinnott","Junior High-Intermediate-Middle","true","1","0","1"
"19K292","J.H.S. 292 Margaret S. Douglas","Junior High-Intermediate-Middle","false","2","0","0"
"19K364","I.S. 364 Gateway","Junior High-Intermediate-Middle","true","0","0","0"
"19K404","Academy for Young Writers","Secondary School","true","0","0","1"
"19K409","East New York Family Academy","Secondary School","false","0","0","0"
"19K422","Spring Creek Community School","Secondary School","false","0","0","0"
"19K452","Frederick Douglass Academy VIII Middle School","Junior High-Intermediate-Middle","false","1","0","0"
"19K502","FDNY - Captain Vernon A. Richard High School for F","High school","false","0","0","0"
"19K504","High School for Civil Rights","High school","true","0","0","0"
"19K507","Performing Arts and Technology High School","High school","false","0","0","0"
"19K510","World Academy for Total Community Health High Scho","High school","true","0","0","1"
"19K583","Multicultural High School","High school","false","1","0","0"
"19K615","Transit Tech Career and Technical Education High S","High school","false","0","0","1"
"19K618","Academy of Innovative Technology","High school","false","0","0","0"
"19K639","Brooklyn Lab School","High school","true","1","0","0"
"19K654","Van Siclen Community Middle School","Junior High-Intermediate-Middle","false","0","0","0"
"19K659","Cypress Hills Collegiate Preparatory School","High school","false","1","0","1"
"19K660","W. H. Maxwell Career and Technical Education High","High school","false","0","0","0"
"19K661","Vista Academy","Junior High-Intermediate-Middle","false","1","0","0"
"19K662","Liberty Avenue Middle School","Junior High-Intermediate-Middle","false","1","0","0"
"19K663","School of the Future Brooklyn","Junior High-Intermediate-Middle","true","0","0","0"
"19K678","East New York Middle School of Excellence","Junior High-Intermediate-Middle","true","0","0","0"
"19K683","School for Classics High School","High school","true","0","0","0"
"19K760","Highland Park Community School","Junior High-Intermediate-Middle","false","0","0","0"
"19K764","The Urban Assembly School for Collaborative Health","High school","true","0","0","0"
"19K907","Legacy School of the Arts","Junior High-Intermediate-Middle","false","3","1","1"
"19K953","The East New York Arts and Civics High School","High school","false","1","0","0"
"20K030","P.S./I.S. 30 Mary White Ovington","K-8","true","3","0","0"
"20K062","J.H.S. 062 Ditmas","Junior High-Intermediate-Middle","false","1","1","0"
"20K104","P.S./I.S. 104 The Fort Hamilton School","K-8","false","0","0","0"
"20K163","P.S. 163 Bath Beach","K-8","false","0","2","0"
"20K180","The SEEALL Academy","K-8","false","0","0","0"
"20K187","The Christa McAuliffe School\I.S. 187","Junior High-Intermediate-Middle","true","0","0","0"
"20K192","P.S. 192 - The Magnet School for Math and Science","K-8","false","0","0","0"
"20K201","J.H.S. 201 The Dyker Heights","Junior High-Intermediate-Middle","false","1","0","0"
"20K220","J.H.S. 220 John J. Pershing","Junior High-Intermediate-Middle","false","0","0","1"
"20K223","J.H.S. 223 The Montauk","Junior High-Intermediate-Middle","false","0","1","1"
"20K227","J.H.S. 227 Edward B. Shallow","Junior High-Intermediate-Middle","true","6","5","0"
"20K229","P.S. 229 Dyker","K-8","false","0","0","0"
"20K259","J.H.S. 259 William McKinley","Junior High-Intermediate-Middle","false","0","0","1"
"20K445","New Utrecht High School","High school","false","1","0","1"
"20K485","High School of Telecommunication Arts and Technolo","High school","true","3","0","0"
"20K490","Fort Hamilton High School","High school","true","1","0","0"
"20K505","Franklin Delano Roosevelt High School","High school","false","1","0","0"
"20K609","Urban Assembly School for Leadership and Empowerme","Secondary School","true","2","0","0"
"20K686","Brooklyn School of Inquiry","K-8","false","1","0","1"
"20K936","MS 936 Arts Off 3rd","Junior High-Intermediate-Middle","true","0","0","0"
"21K095","P.S. 095 The Gravesend","K-8","false","0","0","0"
"21K096","I.S. 096 Seth Low","Junior High-Intermediate-Middle","false","0","0","1"
"21K098","I.S. 98 Bay Academy","Junior High-Intermediate-Middle","false","0","0","0"
"21K099","P.S. 099 Isaac Asimov","K-8","false","0","0","0"
"21K121","P.S. 121 Nelson A. Rockefeller","K-8","false","0","0","0"
"21K209","P.S. 209 Margaret Mead","K-8","false","0","0","0"
"21K225","P.S. K225 - The Eileen E. Zaglin","K-8","false","0","0","1"
"21K226","P.S. 226 Alfred De B. Mason","K-8","false","1","0","0"
"21K228","I.S. 228 David A. Boody","Junior High-Intermediate-Middle","false","1","0","3"
"21K238","P.S. 238 Anne Sullivan","K-8","false","0","1","0"
"21K239","Mark Twain I.S. 239 for the Gifted & Talented","Junior High-Intermediate-Middle","true","0","0","1"
"21K281","I.S. 281 Joseph B Cavallaro","Junior High-Intermediate-Middle","false","1","0","0"
"21K288","P.S. 288 The Shirley Tanyhill","K-8","false","0","0","0"
"21K303","I.S. 303 Herbert S. Eisenberg","Junior High-Intermediate-Middle","false","0","0","0"
"21K337","International High School at Lafayette","High school","true","2","0","0"
"21K344","Rachel Carson High School for Coastal Studies","High school","true","1","0","1"
"21K348","High School of Sports Management","High school","true","0","0","0"
"21K410","Abraham Lincoln High School","High school","true","3","0","2"
"21K468","Kingsborough Early College School","Secondary School","true","0","0","0"
"21K525","Edward R. Murrow High School","High school","true","1","0","1"
"21K540","John Dewey High School","High school","true","2","0","2"
"21K559","Life Academy High School for Film and Music","High school","true","1","0","0"
"21K572","Leaders High School","High school","true","1","0","0"
"21K620","William E. Grady Career and Technical Education Hi","High school","false","1","0","0"
"21K690","Brooklyn Studio Secondary School","Secondary School","true","1","0","1"
"21K728","Liberation Diploma Plus","High school","false","0","0","0"
"22K014","J.H.S. 014 Shell Bank","Junior High-Intermediate-Middle","false","0","0","1"
"22K078","J.H.S. 078 Roy H. Mann","Junior High-Intermediate-Middle","false","1","0","0"
"22K109","P.S. 109","K-8","true","5","0","1"
"22K206","P.S. 206 Joseph F Lamb","K-8","true","2","0","1"
"22K207","P.S. 207 Elizabeth G. Leary","K-8","true","0","0","0"
"22K234","J.H.S. 234 Arthur W. Cunningham","Junior High-Intermediate-Middle","false","0","0","0"
"22K240","Andries Hudde","Junior High-Intermediate-Middle","false","56","3","4"
"22K278","J.H.S. 278 Marine Park","Junior High-Intermediate-Middle","false","3","1","1"
"22K381","I. S. 381","Junior High-Intermediate-Middle","false","0","0","0"
"22K405","Midwood High School","High school","true","0","0","1"
"22K425","James Madison High School","High school","true","0","0","0"
"22K535","Leon M. Goldstein High School for the Sciences","High school","true","0","0","1"
"22K555","Brooklyn College Academy","High school","false","0","0","0"
"22K611","Origins High School","High school","true","0","0","0"
"22K630","Professional Pathways High School","High school","true","0","0","0"
"22K890","M.S. 890","Junior High-Intermediate-Middle","true","0","0","0"
"23K041","P.S. 041 Francis White","K-8","false","0","0","0"
"23K155","P.S./ I.S. 155 Nicholas Herkimer","K-8","false","1","0","0"
"23K178","P.S. 178 Saint Clair Mckelway","K-8","false","1","0","0"
"23K184","P.S. 184 Newport","K-8","false","0","0","0"
"23K323","P.S./I.S. 323","K-8","false","2","0","0"
"23K363","Brownsville Collaborative Middle School","Junior High-Intermediate-Middle","false","0","1","0"
"23K392","I.S. 392","Junior High-Intermediate-Middle","false","2","0","0"
"23K493","Brooklyn Collegiate: A College Board School","High school","false","0","0","1"
"23K514","Frederick Douglass Academy VII High School","High school","false","0","0","0"
"23K518","Kappa V (Knowledge and Power Preparatory Academy)","Junior High-Intermediate-Middle","false","0","0","0"
"23K522","Mott Hall IV","Junior High-Intermediate-Middle","false","0","0","0"
"23K643","Brooklyn Democracy Academy","High school","false","0","0","0"
"23K644","Eagle Academy for Young Men II","Secondary School","true","0","0","0"
"23K647","Metropolitan Diploma Plus High School","High school","true","0","0","0"
"23K664","Brooklyn Environmental Exploration School (BEES)","Junior High-Intermediate-Middle","false","0","0","0"
"23K668","Riverdale Avenue Middle School","Junior High-Intermediate-Middle","false","1","0","1"
"23K671","Mott Hall Bridges Academy","Junior High-Intermediate-Middle","false","0","0","0"
"23K697","Teachers Preparatory High School","High school","false","2","1","2"
"24Q005","I.S. 5 - The Walter Crowley Intermediate School","Junior High-Intermediate-Middle","true","6","0","0"
"24Q049","P.S. 049 Dorothy Bonawit Kole","K-8","false","0","0","0"
"24Q061","I.S. 061 Leonardo Da Vinci","Junior High-Intermediate-Middle","true","1","0","1"
"24Q073","I.S. 73 - The Frank Sansivieri Intermediate School","Junior High-Intermediate-Middle","true","4","0","0"
"24Q077","I.S. 077","Junior High-Intermediate-Middle","false","1","0","0"
"24Q087","P.S./I.S. 087 Middle Village","K-8","false","0","0","0"
"24Q093","I.S. 093 Ridgewood","Junior High-Intermediate-Middle","true","0","0","0"
"24Q102","P.S. 102 Bayview","K-8","true","2","0","0"
"24Q113","P.S./I.S. 113 Anthony J. Pranzo","K-8","true","1","1","0"
"24Q119","P.S./I.S. 119 The Glendale","K-8","true","1","0","0"
"24Q125","I.S. 125 Thom J. McCann Woodside","Junior High-Intermediate-Middle","true","0","0","0"
"24Q128","P.S. 128 The Lorraine Tuzzo, Juniper Valley Elemen","K-8","false","0","0","0"
"24Q236","International High School for Health Sciences","High school","true","1","0","0"
"24Q264","Academy of Finance and Enterprise","High school","true","0","0","0"
"24Q267","High School of Applied Communication","High school","true","25","3","3"
"24Q293","Civic Leadership Academy","High school","true","0","0","0"
"24Q296","Pan American International High School","High school","true","0","0","0"
"24Q299","Bard High School Early College Queens","High school","true","0","0","0"
"24Q311","Corona Arts & Sciences Academy","Junior High-Intermediate-Middle","true","7","1","0"
"24Q455","Newtown High School","High school","true","2","0","1"
"24Q485","Grover Cleveland High School","High school","true","1","0","0"
"24Q520","Middle College High School at LaGuardia Community","High school","true","0","1","0"
"24Q530","International High School at LaGuardia Community C","High school","true","1","0","0"
"24Q550","High School for Arts and Business","High school","true","0","0","0"
"24Q560","Robert F. Wagner, Jr. Secondary School for Arts an","Secondary School","false","1","0","0"
"24Q585","Maspeth High School","High school","true","0","0","0"
"24Q600","Queens Technical High School","High school","true","1","0","1"
"24Q610","Aviation Career & Technical Education High School","High school","true","0","0","1"
"24Q744","VOYAGES Preparatory","High school","false","0","0","0"
"25Q025","I.S. 025 Adrien Block","Junior High-Intermediate-Middle","true","3","0","0"
"25Q164","P.S. 164 Queens Valley","K-8","true","0","0","0"
"25Q185","J.H.S. 185 Edward Bleeker","Junior High-Intermediate-Middle","false","0","0","0"
"25Q189","J.H.S. 189 Daniel Carter Beard","Junior High-Intermediate-Middle","true","3","0","0"
"25Q194","J.H.S. 194 William Carr","Junior High-Intermediate-Middle","true","0","0","0"
"25Q200","P.S./M.S. 200 - The Magnet School of Global Studie","K-8","false","0","0","0"
"25Q219","P.S. 219 Paul Klapper","K-8","true","1","0","0"
"25Q237","I.S. 237","Junior High-Intermediate-Middle","false","1","0","0"
"25Q240","Veritas Academy","High school","true","0","0","1"
"25Q241","Queens High School for Language Studies","High school","true","0","0","0"
"25Q250","I.S. 250 The Robert F. Kennedy Community Middle Sc","Junior High-Intermediate-Middle","false","0","0","0"
"25Q252","Queens School of Inquiry, The","Secondary School","true","2","0","0"
"25Q263","Flushing International High School","High school","false","0","0","0"
"25Q281","East-West School of International Studies","Secondary School","true","2","0","0"
"25Q285","World Journalism Preparatory: A College Board Scho","Secondary School","true","0","0","0"
"25Q294","BELL Academy","Junior High-Intermediate-Middle","false","1","0","0"
"25Q379","College Point Collaborative","Junior High-Intermediate-Middle","false","1","0","0"
"25Q425","John Bowne High School","High school","true","223","13","28"
"25Q460","Flushing High School","High school","true","1","0","1"
"25Q499","The Queens College School for Math, Science and Te","K-8","false","0","0","0"
"25Q525","Townsend Harris High School","High school","true","1","0","1"
"25Q540","Queens Academy High School","High school","true","0","0","0"
"25Q670","Robert F. Kennedy Community High School","High school","true","0","0","0"
"25Q792","North Queens Community High School","High school","false","0","0","0"
"26Q067","J.H.S. 067 Louis Pasteur","Junior High-Intermediate-Middle","false","0","0","1"
"26Q074","J.H.S. 074 Nathaniel Hawthorne","Junior High-Intermediate-Middle","false","1","0","1"
"26Q158","M.S. 158 Marie Curie","Junior High-Intermediate-Middle","false","0","1","0"
"26Q172","Irwin Altman Middle School 172","Junior High-Intermediate-Middle","true","1","0","0"
"26Q178","P.S./ IS 178 Holliswood","K-8","false","0","0","0"
"26Q216","J.H.S. 216 George J. Ryan","Junior High-Intermediate-Middle","false","0","0","0"
"26Q266","P.S./I.S. 266","K-8","false","0","1","0"
"26Q315","Business Technology Early College High School","High school","true","0","0","0"
"26Q415","Benjamin N. Cardozo High School","High school","true","0","0","0"
"26Q430","Francis Lewis High School","High school","true","1","0","0"
"26Q435","Martin Van Buren High School","High school","false","0","0","1"
"26Q495","Bayside High School","High school","true","0","0","0"
"26Q566","Queens High School of Teaching, Liberal Arts and t","High school","false","0","0","0"
"27Q042","P.S./M.S 042 R. Vernam","K-8","false","0","0","0"
"27Q043","P.S. 043","K-8","false","0","0","0"
"27Q047","P.S. 047 Chris Galas","K-8","false","0","0","0"
"27Q053","M.S. 053 Brian Piccolo","Junior High-Intermediate-Middle","false","0","0","0"
"27Q105","P.S. 105 The Bay School","K-8","false","0","0","0"
"27Q114","P.S./M.S. 114 Belle Harbor","K-8","false","0","0","0"
"27Q124","P.S. 124 Osmond A Church","K-8","false","2","0","0"
"27Q137","M.S. 137 America's School of Heroes","Junior High-Intermediate-Middle","false","1","1","0"
"27Q146","P.S. 146 Howard Beach","K-8","false","0","0","0"
"27Q183","P.S. 183 Dr. Richard R. Green","K-8","false","0","0","0"
"27Q202","J.H.S. 202 Robert H. Goddard","Junior High-Intermediate-Middle","false","1","0","0"
"27Q207","P.S. 207 Rockwood Park","K-8","false","1","0","0"
"27Q210","J.H.S. 210 Elizabeth Blackwell","Junior High-Intermediate-Middle","true","3","0","0"
"27Q226","J.H.S. 226 Virgil I. Grissom","Junior High-Intermediate-Middle","true","1","1","0"
"27Q232","P.S. 232 Lindenwood","K-8","false","0","1","0"
"27Q260","Frederick Douglass Academy VI High School","High school","true","2","0","0"
"27Q261","Voyages Prep - South Queens","High school","true","0","0","0"
"27Q262","Channel View School for Research","Secondary School","false","0","0","0"
"27Q282","Knowledge and Power Preparatory Academy VI","Junior High-Intermediate-Middle","false","0","0","0"
"27Q297","Hawtree Creek Middle School","Junior High-Intermediate-Middle","false","0","0","0"
"27Q302","Queens High School for Information, Research, and","High school","true","1","0","0"
"27Q308","Robert H. Goddard High School of Communication Art","High school","true","0","0","0"
"27Q309","Academy of Medical Technology: A College Board Sch","Secondary School","true","1","0","0"
"27Q314","Epic High School - South","High school","false","2","0","0"
"27Q318","Waterside School For Leadership","Junior High-Intermediate-Middle","false","1","1","0"
"27Q319","Village Academy","Junior High-Intermediate-Middle","false","0","0","0"
"27Q323","Scholars' Academy","Secondary School","true","50","4","0"
"27Q324","Rockaway Park High School for Environmental Sustai","High school","true","1","1","0"
"27Q333","Goldie Maple Academy","K-8","false","0","0","0"
"27Q334","Epic High School - North","High school","false","0","0","0"
"27Q351","Rockaway Collegiate High School","High school","true","1","0","0"
"27Q400","August Martin High School","High school","true","1","0","0"
"27Q475","Richmond Hill High School","High school","true","0","0","0"
"27Q480","John Adams High School","High school","true","1","0","1"
"27Q650","High School for Construction Trades, Engineering a","High school","true","1","0","0"
"28Q008","J.H.S. 008 Richard S. Grossley","Junior High-Intermediate-Middle","false","0","0","0"
"28Q072","Catherine & Count Basie Middle School 72","Junior High-Intermediate-Middle","false","0","0","0"
"28Q157","J.H.S. 157 Stephen A. Halsey","Junior High-Intermediate-Middle","true","3","0","0"
"28Q167","Metropolitan Expeditionary Learning School","Secondary School","true","3","0","0"
"28Q190","J.H.S. 190 Russell Sage","Junior High-Intermediate-Middle","false","1","0","0"
"28Q217","J.H.S. 217 Robert A. Van Wyck","Junior High-Intermediate-Middle","true","0","0","0"
"28Q284","York Early College Academy","Secondary School","true","0","0","0"
"28Q287","The Emerson School","Junior High-Intermediate-Middle","false","0","0","0"
"28Q310","Queens Collegiate: A College Board School","Secondary School","true","0","0","0"
"28Q325","Hillside Arts & Letters Academy","High school","true","0","0","0"
"28Q328","High School for Community Leadership","High school","true","2","0","0"
"28Q332","Redwood Middle School","Junior High-Intermediate-Middle","false","0","0","0"
"28Q338","Queens Satellite High School for Opportunity","High school","false","0","0","0"
"28Q350","Jamaica Gateway to the Sciences","High school","true","0","0","0"
"28Q358","M.S. 358","Junior High-Intermediate-Middle","false","0","0","0"
"28Q440","Forest Hills High School","High school","true","3","0","1"
"28Q505","Hillcrest High School","High school","true","2","0","1"
"28Q620","Thomas A. Edison Career and Technical Education Hi","High school","false","1","0","0"
"28Q680","Queens Gateway to Health Sciences Secondary School","Secondary School","false","0","1","0"
"28Q686","Queens Metropolitan High School","High school","true","0","0","1"
"28Q687","Queens High School for the Sciences at York Colleg","High school","true","0","0","0"
"28Q690","High School for Law Enforcement and Public Safety","High school","false","1","1","0"
"28Q896","Young Women's Leadership School, Queens","Secondary School","true","1","0","0"
"29Q059","I.S. 059 Springfield Gardens","Junior High-Intermediate-Middle","false","0","0","0"
"29Q109","Jean Nuzzi Intermediate School","Junior High-Intermediate-Middle","false","0","0","0"
"29Q116","P.S./I.S. 116 William C. Hughley","K-8","false","0","0","0"
"29Q138","P.S./M.S. 138 Sunrise","K-8","false","1","0","0"
"29Q147","P.S./M.S. 147 Ronald McNair","K-8","false","0","0","0"
"29Q192","I.S. 192 The Linden","Junior High-Intermediate-Middle","false","0","0","0"
"29Q208","P.S./I.S. 208","K-8","true","1","0","0"
"29Q238","I.S. 238 - Susan B. Anthony Academy","Junior High-Intermediate-Middle","false","0","0","0"
"29Q243","Institute for Health Professions at Cambria Height","High school","true","0","1","0"
"29Q248","Queens Preparatory Academy","High school","true","1","0","0"
"29Q259","Pathways College Preparatory School: A College Boa","Secondary School","false","0","0","0"
"29Q265","Excelsior Preparatory High School","High school","false","0","0","0"
"29Q268","P.S./I.S. 268","K-8","false","0","0","0"
"29Q270","The Gordon Parks School","K-8","false","1","0","0"
"29Q272","George Washington Carver High School for the Scien","High school","true","2","0","0"
"29Q283","Preparatory Academy for Writers: A College Board S","Secondary School","true","1","0","0"
"29Q289","Queens United Middle School","Junior High-Intermediate-Middle","false","0","0","0"
"29Q295","P.S./I.S. 295","K-8","true","0","0","1"
"29Q313","Benjamin Franklin High School for Finance & Inform","High school","true","0","0","0"
"29Q326","Cambria Heights Academy","High school","true","0","0","0"
"29Q327","Eagle Academy for Young Men III","Secondary School","true","0","0","0"
"29Q355","Collaborative Arts Middle School","Junior High-Intermediate-Middle","false","0","0","0"
"29Q356","Community Voices Middle School","Junior High-Intermediate-Middle","false","0","0","0"
"29Q492","Mathematics, Science Research and Technology Magne","High school","false","0","1","0"
"29Q498","Humanities & Arts Magnet High School","High school","true","1","0","0"
"30Q010","I.S. 010 Horace Greeley","Junior High-Intermediate-Middle","false","0","0","0"
"30Q078","P.S./I.S. 78Q","K-8","false","0","0","0"
"30Q111","P.S. 111 Jacob Blackwell","K-8","true","0","0","0"
"30Q122","P.S. 122 Mamie Fay","K-8","false","1","0","0"
"30Q126","Albert Shanker School for Visual and Performing Ar","Junior High-Intermediate-Middle","true","0","0","0"
"30Q127","P.S. 127 Aerospace Science Magnet School","K-8","false","1","0","0"
"30Q141","I.S. 141 The Steinway","Junior High-Intermediate-Middle","true","1","1","0"
"30Q145","I.S. 145 Joseph Pulitzer","Junior High-Intermediate-Middle","true","1","0","0"
"30Q204","I.S. 204 Oliver W. Holmes","Junior High-Intermediate-Middle","false","0","0","0"
"30Q227","I.S. 227 Louis Armstrong","Junior High-Intermediate-Middle","false","0","0","0"
"30Q230","I.S. 230","Junior High-Intermediate-Middle","false","0","0","0"
"30Q235","Academy for New Americans","Junior High-Intermediate-Middle","false","0","0","0"
"30Q258","Energy Tech High School","High school","true","1","1","0"
"30Q286","Young Women's Leadership School, Astoria","Secondary School","true","3","0","0"
"30Q291","Hunters Point Community Middle School","Junior High-Intermediate-Middle","true","2","0","0"
"30Q300","The 30th Avenue School (G&T Citywide)","K-8","false","0","0","0"
"30Q301","Academy for Careers in Television and Film","High school","true","0","0","0"
"30Q445","William Cullen Bryant High School","High school","true","1","0","0"
"30Q450","Long Island City High School","High school","true","1","0","0"
"30Q501","Frank Sinatra School of the Arts High School","High school","true","0","0","0"
"30Q502","Information Technology High School","High school","true","34","4","2"
"30Q555","Newcomers High School","High school","true","1","0","0"
"30Q575","Academy of American Studies","High school","false","0","0","0"
"30Q580","Baccalaureate School for Global Education","Secondary School","true","0","0","0"
"31R002","I.S. R002 George L. Egbert","Junior High-Intermediate-Middle","true","1","0","0"
"31R007","I.S. 007 Elias Bernstein","Junior High-Intermediate-Middle","false","0","0","0"
"31R024","I.S. 024 Myra S. Barnes","Junior High-Intermediate-Middle","false","0","0","0"
"31R027","I.S. 027 Anning S. Prall","Junior High-Intermediate-Middle","false","0","0","0"
"31R028","The Eagle Academy for Young Men of Staten Island","Secondary School","false","0","1","0"
"31R034","I.S. 034 Tottenville","Junior High-Intermediate-Middle","false","0","0","0"
"31R047","CSI High School for International Studies","High school","true","0","0","0"
"31R048","P.S. 048 William G. Wilcox","K-8","true","0","0","0"
"31R049","I.S. 49 Berta A. Dreyfus","Junior High-Intermediate-Middle","true","0","0","0"
"31R051","I.S. 051 Edwin Markham","Junior High-Intermediate-Middle","false","0","0","0"
"31R061","I.S. 061 William A Morris","Junior High-Intermediate-Middle","false","0","0","0"
"31R063","Marsh Avenue School for Expeditionary Learning","Junior High-Intermediate-Middle","true","1","0","0"
"31R064","Gaynor McCown Expeditionary Learning School","High school","true","0","0","0"
"31R072","I.S. 072 Rocco Laurie","Junior High-Intermediate-Middle","false","1","0","0"
"31R075","I.S. 075 Frank D. Paulo","Junior High-Intermediate-Middle","false","0","0","0"
"31R080","The Michael J. Petrides School","K-12 all grades","true","0","0","0"
"31R440","New Dorp High School","High school","true","17","6","3"
"31R445","Port Richmond High School","High school","true","1","0","0"
"31R450","Curtis High School","High school","true","0","0","0"
"31R455","Tottenville High School","High school","true","2","0","1"
"31R460","Susan E. Wagner High School","High school","true","3","0","0"
"31R470","Concord High School","High school","false","0","0","0"
"31R600","Ralph R. McKee Career and Technical Education High","High school","true","1","0","0"
"31R605","Staten Island Technical High School","High school","true","0","0","0"
"31R861","Staten Island School of Civic Leadership","K-8","false","0","0","0"
"32K045","P.S./I.S. 045 Horace E. Greene","K-8","false","1","0","0"
"32K162","J.H.S. 162 The Willoughby","Junior High-Intermediate-Middle","false","0","0","0"
"32K168","The Brooklyn School for Math and Research","High school","true","0","0","0"
"32K291","J.H.S. 291 Roland Hayes","Junior High-Intermediate-Middle","false","0","0","0"
"32K347","I.S. 347 School of Humanities","Junior High-Intermediate-Middle","false","0","0","1"
"32K349","I.S. 349 Math, Science & Tech.","Junior High-Intermediate-Middle","false","1","1","0"
"32K383","J.H.S. 383 Philippa Schuyler","Junior High-Intermediate-Middle","false","1","0","0"
"32K384","P.S. /I.S. 384 Frances E. Carter","K-8","true","1","0","0"
"32K403","Academy for Excellence in Leadership","High school","false","1","0","0"
"32K545","EBC High School for Public Service - Bushwick","High school","false","2","0","0"
"32K549","The Brooklyn School for Social Justice","High school","false","0","0","0"
"32K552","The Academy of Urban Planning and Engineering","High school","false","0","0","0"
"32K554","All City Leadership Secondary School","Secondary School","true","0","0","0"
"32K556","Bushwick Leaders High School for Academic Excellen","High school","true","1","0","0"
"32K562","Evergreen Middle School for Urban Exploration","Junior High-Intermediate-Middle","false","0","0","0"
"32K564","Bushwick Community High School","High school","false","0","1","0"
"75K036","P.S. 36","K-12 all grades","false","0","0","0"
"75K053","P.S. K053","K-12 all grades","true","0","0","0"
"75K077","P.S. K077","K-12 all grades","false","0","0","0"
"75K140","P.S. K140","K-8","false","0","0","0"
"75K141","P.S. K141","K-12 all grades","false","0","0","0"
"75K231","P.S. K231","K-8","false","0","0","0"
"75K368","P.S. 368","K-12 all grades","false","0","0","0"
"75K369","P.S. K369 - Coy L. Cox School","K-12 all grades","false","0","0","0"
"75K370","P.S. 370","K-12 all grades","false","0","0","0"
"75K371","P.S. 371 - Lillian L. Rashkis","High school","false","0","0","0"
"75K372","P.S. 372 -The Children's School","K-8","false","0","0","0"
"75K373","P.S. 373 - Brooklyn Transition Center","High school","true","0","0","0"
"75K396","P.S. K396","K-8","false","0","0","0"
"75K721","P.S. K721 - Brooklyn Occupational Training Center","K-12 all grades","false","0","0","0"
"75K753","P.S. K753 - School for Career Development","High school","true","2","0","0"
"75K771","P.S. K771","K-12 all grades","false","0","0","0"
"75K811","P.S. K811 Connie Lekas School","Secondary School","true","9","0","0"
"75M035","P.S. 035","K-12 all grades","false","2","0","0"
"75M079","P.S. M079 - Horan School","Secondary School","false","0","0","0"
"75M094","P.S. M094","K-12 all grades","false","0","0","0"
"75M138","P.S. 138","K-12 all grades","true","330","7","34"
"75M169","P.S. M169 - Robert F. Kennedy","K-12 all grades","false","0","0","0"
"75M226","P.S. M226","K-12 all grades","false","0","0","0"
"75M721","P.S. M721 - Manhattan Occupational Training Center","Secondary School","false","0","0","0"
"75M751","Manhattan School for Career Development","High school","true","0","0","0"
"75M811","P.S. M811 - Mickey Mantle School","K-8","false","0","0","0"
"75Q004","P.S. Q004","K-8","false","0","0","0"
"75Q009","P.S. 009","K-8","true","0","0","0"
"75Q023","P.S. Q023 @ Queens Children Center","K-12 all grades","false","0","0","0"
"75Q075","Robert E. Peary School","K-8","false","0","0","0"
"75Q177","P.S. Q177","K-12 all grades","true","1","0","0"
"75Q224","P.S. Q224","K-8","false","0","0","0"
"75Q233","P.S. Q233","K-12 all grades","false","0","0","0"
"75Q255","P.S. Q255","K-12 all grades","false","0","0","0"
"75Q256","P.S. Q256","K-12 all grades","true","0","0","0"
"75Q277","The Riverview School","K-12 all grades","false","0","0","0"
"75Q721","John F. Kennedy Jr. School","High school","true","2","1","0"
"75Q752","Queens Transition Center","High school","false","0","0","0"
"75Q811","P.S. Q811","K-12 all grades","false","0","0","0"
"75Q993","P.S. Q993","K-12 all grades","false","0","0","0"
"75R025","South Richmond High School I.S./P.S. 25","K-12 all grades","false","0","0","0"
"75R037","The David Marquis School of the Arts","K-12 all grades","false","0","0","0"
"75R373","P.S. R373","K-8","false","0","0","0"
"75R721","The Richard H. Hungerford School","Secondary School","false","0","0","0"
"75X010","P.S. X010","K-12 all grades","false","0","0","0"
"75X012","P.S. X012 Lewis and Clark School","Secondary School","false","0","0","0"
"75X017","P.S. X017","K-8","false","2","0","0"
"75X168","P.S. 168","K-12 all grades","false","0","0","0"
"75X176","P.S. X176","Secondary School","false","0","0","0"
"75X186","P186X Walter J. Damrosch School","K-12 all grades","true","1","0","0"
"75X188","P.S. X188","K-12 all grades","false","0","0","0"
"75X352","The Vida Bogart School for All Children","K-8","false","0","0","0"
"75X469","P469X - The Bronx School for Continuous Learners","K-8","false","0","0","0"
"75X721","P.S. X721 - Stephen McSweeney School","High school","false","0","0","0"
"75X723","P.S. 723","K-12 all grades","false","0","0","0"
"75X754","J. M. Rapport School Career Development","High school","true","2","0","0"
"75X811","P.S. X811","Secondary School","true","0","0","0"
"79M645","School for Cooperative Technical Education","High school","true","1","0","0"
