"dbn","location_name","location_category","administrative_district","ell_removals","ell_principal","ell_superintendent","ell_expulsions","non_ell_removals","non_ell_principal","non_ell_superintendent","non_ell_expulsions","sy1617_total_removals_suspensions"
"01M015","P.S. 015 Roberto Clemente","Elementary","1","R","R","R","R","R","R","R","R","0"
"01M019","P.S. 019 Asher Levy","Elementary","1","R","R","R","R","R","R","R","R","0"
"01M020","P.S. 020 Anna Silver","Elementary","1","R","R","R","R","R","R","R","R","9"
"01M034","P.S. 034 Franklin D. Roosevelt","K-8","1","R","R","R","R","R","R","R","R","R"
"01M063","The STAR Academy - P.S.63","Elementary","1","R","R","R","R","R","R","R","R","31"
"01M064","P.S. 064 Robert Simon","Elementary","1","R","R","R","R","R","R","R","R","6"
"01M110","P.S. 110 Florence Nightingale","Elementary","1","R","R","R","R","R","R","R","R","R"
"01M134","P.S. 134 Henrietta Szold","Elementary","1","R","R","R","R","R","R","R","R","42"
"01M140","P.S. 140 Nathan Straus","K-8","1","R","R","R","R","R","R","R","R","28"
"01M142","P.S. 142 Amalia Castro","Elementary","1","R","R","R","R","R","R","R","R","0"
"01M184","P.S. 184m Shuang Wen","K-8","1","R","R","R","R","R","R","R","R","0"
"01M188","P.S. 188 The Island School","K-8","1","R","R","R","R","R","R","R","R","23"
"01M292","Orchard Collegiate Academy","High school","1","R","R","R","R","R","R","R","R","11"
"01M301","Technology, Arts, and Sciences Studio","Junior High-Intermediate-Middle","1","R","R","R","R","R","R","R","R","23"
"01M315","The East Village Community School","Elementary","1","R","R","R","R","R","R","R","R","R"
"01M332","University Neighborhood Middle School","Junior High-Intermediate-Middle","1","R","R","R","R","R","R","R","R","30"
"01M361","The Children's Workshop School","Elementary","1","R","R","R","R","R","R","R","R","R"
"01M363","Neighborhood School","Elementary","1","R","R","R","R","R","R","R","R","0"
"01M364","Earth School","Elementary","1","R","R","R","R","R","R","R","R","0"
"01M378","School for Global Leaders","Junior High-Intermediate-Middle","1","R","R","R","R","R","R","R","R","19"
"01M448","University Neighborhood High School","High school","1","R","R","R","R","R","R","R","R","7"
"01M450","East Side Community School","Secondary School","1","R","R","R","R","R","R","R","R","23"
"01M458","Forsyth Satellite Academy","High school","1","R","R","R","R","R","R","R","R","0"
"01M509","Marta Valle High School","High school","1","R","R","R","R","R","R","R","R","40"
"01M515","Lower East Side Preparatory High School","High school","1","R","R","R","R","R","R","R","R","0"
"01M539","New Explorations into Science, Technology and Math","K-12 all grades","1","R","R","R","R","R","R","R","R","18"
"01M650","Cascades High School","High school","1","R","R","R","R","R","R","R","R","9"
"01M696","Bard High School Early College","High school","1","R","R","R","R","R","R","R","R","0"
"01M839","Tompkins Square Middle School","Junior High-Intermediate-Middle","1","R","R","R","R","R","R","R","R","6"
"02M001","P.S. 001 Alfred E. Smith","Elementary","2","R","R","R","R","R","R","R","R","9"
"02M002","P.S. 002 Meyer London","Elementary","2","R","R","R","R","R","R","R","R","8"
"02M003","P.S. 003 Charrette School","Elementary","2","R","R","R","R","R","R","R","R","R"
"02M006","P.S. 006 Lillie D. Blake","Elementary","2","R","R","R","R","R","R","R","R","15"
"02M011","P.S. 011 William T. Harris","Elementary","2","R","R","R","R","R","R","R","R","12"
"02M033","P.S. 033 Chelsea Prep","Elementary","2","R","R","R","R","R","R","R","R","12"
"02M040","P.S. 040 Augustus Saint-Gaudens","Elementary","2","R","R","R","R","R","R","R","R","R"
"02M041","P.S. 041 Greenwich Village","Elementary","2","R","R","R","R","R","R","R","R","0"
"02M042","P.S. 042 Benjamin Altman","Elementary","2","R","R","R","R","R","R","R","R","0"
"02M047","47 The American Sign Language and English Secondar","High school","2","R","R","R","R","R","R","R","R","16"
"02M051","P.S. 051 Elias Howe","Elementary","2","R","R","R","R","R","R","R","R","R"
"02M059","P.S. 059 Beekman Hill International","Elementary","2","R","R","R","R","R","R","R","R","R"
"02M077","P.S. 77 Lower Lab School","Elementary","2","R","R","R","R","R","R","R","R","8"
"02M089","P.S. 89","Elementary","2","R","R","R","R","R","R","R","R","0"
"02M104","J.H.S. 104 Simon Baruch","Junior High-Intermediate-Middle","2","R","R","R","R","R","R","R","R","41"
"02M111","P.S. 111 Adolph S. Ochs","Elementary","2","R","R","R","R","R","R","R","R","12"
"02M114","East Side Middle School","Junior High-Intermediate-Middle","2","R","R","R","R","R","R","R","R","10"
"02M116","P.S. 116 Mary Lindley Murray","Elementary","2","R","R","R","R","R","R","R","R","20"
"02M124","P.S. 124 Yung Wing","Elementary","2","R","R","R","R","R","R","R","R","19"
"02M126","P.S. 126 Jacob August Riis","K-8","2","R","R","R","R","R","R","R","R","12"
"02M130","P.S. 130 Hernando De Soto","Elementary","2","R","R","R","R","R","R","R","R","0"
"02M131","M.S. 131","Junior High-Intermediate-Middle","2","R","7","R","R","R","11","R","R","24"
"02M135","The Urban Assembly School for Emergency Management","High school","2","R","R","R","R","R","R","R","R","76"
"02M139","Stephen T. Mather Building Arts & Craftsmanship Hi","High school","2","R","R","R","R","R","R","R","R","49"
"02M150","P.S. 150","Elementary","2","R","R","R","R","R","R","R","R","0"
"02M151","Yorkville Community School","Elementary","2","6","R","R","R","26","R","R","R","42"
"02M158","P.S. 158 Bayard Taylor","Elementary","2","R","R","R","R","R","R","R","R","18"
"02M167","J.H.S. 167 Robert F. Wagner","Junior High-Intermediate-Middle","2","R","R","R","R","R","R","R","R","89"
"02M177","Yorkville East Middle School","Junior High-Intermediate-Middle","2","R","R","R","R","R","R","R","R","R"
"02M183","P.S. 183 Robert L. Stevenson","Elementary","2","R","R","R","R","R","R","R","R","R"
"02M198","P.S. 198 Isador E. Ida Straus","Elementary","2","R","R","R","R","R","R","R","R","9"
"02M212","P.S. 212 Midtown West","Elementary","2","R","R","R","R","R","R","R","R","0"
"02M217","P.S./I.S. 217 Roosevelt Island","K-8","2","R","R","R","R","R","R","R","R","31"
"02M225","Ella Baker School","K-8","2","R","R","R","R","R","R","R","R","0"
"02M234","P.S. 234 Independence School","Elementary","2","R","R","R","R","R","R","R","R","10"
"02M255","M.S. 255 Salk School of Science","Junior High-Intermediate-Middle","2","R","R","R","R","R","R","R","R","8"
"02M260","M.S. 260 Clinton School Writers & Artists","Secondary School","2","R","R","R","R","R","R","R","R","R"
"02M267","East Side Elementary School, PS 267","Elementary","2","R","R","R","R","R","R","R","R","0"
"02M276","Battery Park City School","K-8","2","R","R","R","R","R","R","R","R","34"
"02M280","Manhattan Early College School for Advertising","High school","2","R","R","R","R","R","R","R","R","74"
"02M281","The River School","Elementary","2","R","R","R","R","R","R","R","R","0"
"02M282","Urban Assembly Maker Academy","High school","2","R","R","R","R","R","R","R","R","14"
"02M288","Food and Finance High School","High school","2","R","R","R","R","R","R","R","R","19"
"02M289","I.S. 289","Junior High-Intermediate-Middle","2","R","R","R","R","R","R","R","R","16"
"02M290","P.S. 290 Manhattan New School","Elementary","2","R","R","R","R","R","R","R","R","R"
"02M294","Essex Street Academy","High school","2","R","R","R","R","R","R","R","R","14"
"02M296","High School of Hospitality Management","High school","2","R","10","R","R","R","64","R","R","93"
"02M298","Pace High School","High school","2","R","R","R","R","R","R","R","R","51"
"02M300","Urban Assembly School of Design and Construction,","High school","2","R","R","R","R","R","R","R","R","16"
"02M303","Facing History School, The","High school","2","R","R","R","R","R","R","R","R","40"
"02M305","Urban Assembly Academy of Government and Law, The","High school","2","R","R","R","R","R","R","R","R","86"
"02M308","Lower Manhattan Arts Academy","High school","2","R","R","R","R","R","R","R","R","37"
"02M312","New York City Lab Middle School for Collaborative","Junior High-Intermediate-Middle","2","R","R","R","R","R","R","R","R","33"
"02M313","James Baldwin School, The: A School for Expedition","High school","2","R","R","R","R","R","R","R","R","R"
"02M316","Urban Assembly School of Business for Young Women,","High school","2","R","R","R","R","R","R","R","R","69"
"02M340","Sixth Avenue Elementary School","Elementary","2","R","R","R","R","R","R","R","R","0"
"02M343","The Peck Slip School","Elementary","2","R","R","R","R","R","R","R","R","R"
"02M347","The 47 American Sign Language & English Lower Scho","K-8","2","R","R","R","R","R","R","R","R","11"
"02M374","Gramercy Arts High School","High school","2","R","R","R","R","R","R","R","R","67"
"02M376","NYC iSchool","High school","2","R","R","R","R","R","R","R","R","21"
"02M391","District 2 Pre-K Center","District Pre-K Center","2","R","R","R","R","R","R","R","R","0"
"02M392","MANHATTAN BUSINESS ACADEMY","High school","2","R","6","R","R","R","74","R","R","101"
"02M393","Business Of Sports School","High school","2","R","6","R","R","R","53","R","R","78"
"02M394","Emma Lazarus High School","High school","2","R","R","R","R","R","R","R","R","R"
"02M397","Spruce Street School","K-8","2","R","R","R","R","R","R","R","R","R"
"02M399","The High School For Language And Diplomacy","High school","2","R","R","R","R","R","R","R","R","31"
"02M400","High School for Environmental Studies","High school","2","R","7","R","R","R","98","R","R","142"
"02M407","Institute for Collaborative Education","Secondary School","2","R","R","R","R","R","R","R","R","R"
"02M408","Professional Performing Arts High School","Secondary School","2","R","R","R","R","R","R","R","R","R"
"02M411","Baruch College Campus High School","High school","2","R","R","R","R","R","R","R","R","7"
"02M412","N.Y.C. Lab School for Collaborative Studies","High school","2","R","R","R","R","R","R","R","R","19"
"02M413","School of the Future High School","Secondary School","2","R","R","R","R","R","R","R","R","76"
"02M414","N.Y.C. Museum School","High school","2","R","R","R","R","R","R","R","R","15"
"02M416","Eleanor Roosevelt High School","High school","2","R","R","R","R","R","R","R","R","R"
"02M418","Millennium High School","High school","2","R","R","R","R","R","R","R","R","13"
"02M419","Landmark High School","High school","2","R","R","R","R","R","R","R","R","14"
"02M420","High School for Health Professions and Human Servi","High school","2","R","6","R","R","R","61","R","R","81"
"02M422","Quest to Learn","Secondary School","2","R","R","R","R","R","R","R","R","90"
"02M425","Leadership and Public Service High School","High school","2","R","R","R","R","R","R","R","R","68"
"02M427","MANHATTAN ACADEMY FOR ARTS & LANGUAGE","High school","2","R","R","R","R","R","R","R","R","31"
"02M432","Murray Hill Academy","High school","2","R","R","R","R","R","R","R","R","58"
"02M437","Hudson High School of Learning Technologies","High school","2","R","R","R","R","R","R","R","R","80"
"02M438","International High School at Union Square","High school","2","R","R","R","R","R","R","R","R","15"
"02M439","Manhattan Village Academy","High school","2","R","R","R","R","R","R","R","R","7"
"02M442","Ballet Tech, NYC Public School for Dance","K-8","2","R","R","R","R","R","R","R","R","0"
"02M449","Vanguard High School","High school","2","R","R","R","R","R","R","R","R","15"
"02M459","Manhattan International High School","High school","2","R","R","R","R","R","R","R","R","9"
"02M473","Washington Irving Yabc","High school","2","R","R","R","R","R","R","R","R","R"
"02M475","Stuyvesant High School","High school","2","R","R","R","R","R","R","R","R","45"
"02M489","High School of Economics and Finance","High school","2","R","R","R","R","R","R","R","R","27"
"02M500","Unity Center for Urban Technologies","High school","2","R","R","R","R","R","R","R","R","R"
"02M507","Urban Assembly Gateway School for Technology","High school","2","R","R","R","R","R","R","R","R","25"
"02M519","Talent Unlimited High School","High school","2","R","R","R","R","R","R","R","R","R"
"02M520","Murry Bergtraum High School for Business Careers","High school","2","R","R","R","R","R","R","R","R","43"
"02M527","P.S. 527 - East Side School for Social Action","Elementary","2","R","R","R","R","R","R","R","R","0"
"02M529","Jacqueline Kennedy Onassis High School","High school","2","R","9","R","R","R","39","R","R","81"
"02M531","Repertory Company High School for Theatre Arts","High school","2","R","R","R","R","R","R","R","R","23"
"02M533","Union Square Academy for Health Sciences","High school","2","R","R","R","R","R","R","R","R","50"
"02M534","Harvest Collegiate High School","High school","2","R","R","R","R","R","R","R","R","38"
"02M542","Manhattan Bridges High School","High school","2","R","R","R","R","R","R","R","R","0"
"02M543","New Design High School","High school","2","R","R","R","R","R","R","R","R","24"
"02M544","Independence High School","High school","2","R","R","R","R","R","R","R","R","15"
"02M545","High School for Dual Language and Asian Studies","High school","2","R","R","R","R","R","R","R","R","0"
"02M546","Academy for Software Engineering","High school","2","R","R","R","R","R","R","R","R","18"
"02M550","Liberty High School Academy for Newcomers","High school","2","R","R","R","R","R","R","R","R","10"
"02M551","Urban Assembly New York Harbor School","High school","2","R","R","R","R","R","R","R","R","54"
"02M560","High School M560 - City As School","High school","2","R","R","R","R","R","R","R","R","R"
"02M565","Urban Academy Laboratory High School","High school","2","R","R","R","R","R","R","R","R","0"
"02M570","Satellite Academy High School","High school","2","R","R","R","R","R","R","R","R","10"
"02M575","Manhattan Comprehensive Night and Day High School","High school","2","R","R","R","R","R","R","R","R","R"
"02M580","Richard R. Green High School of Teaching","High school","2","R","R","R","R","R","R","R","R","43"
"02M586","Harvey Milk High School","High school","2","R","R","R","R","R","R","R","R","16"
"02M600","The High School of Fashion Industries","High school","2","R","R","R","R","R","R","R","R","34"
"02M605","Humanities Preparatory Academy","High school","2","R","R","R","R","R","R","R","R","R"
"02M615","Chelsea Career and Technical Education High School","High school","2","R","R","R","R","R","R","R","R","21"
"02M630","Art and Design High School","High school","2","R","R","R","R","R","R","R","R","38"
"02M655","Life Sciences Secondary School","Secondary School","2","R","R","R","R","R","R","R","R","48"
"02M893","Jacob Riis School","Junior High-Intermediate-Middle","2","R","R","R","R","R","R","R","R","0"
"02M896","Lower Manhattan Community Middle School","Junior High-Intermediate-Middle","2","R","R","R","R","R","R","R","R","17"
"02M902","Washington Irving Evng Hs T/R @NTHS","Ungraded","2","R","R","R","R","R","R","R","R","0"
"02M933","City Knoll Middle School","Junior High-Intermediate-Middle","2","R","R","R","R","R","R","R","R","11"
"02M972","Office of Academic Policy","Central-HQ-Citywide","2","R","R","R","R","R","R","R","R","0"
"03M009","P.S. 009 Sarah Anderson","Elementary","3","9","R","R","R","9","R","R","R","21"
"03M054","J.H.S. 054 Booker T. Washington","Junior High-Intermediate-Middle","3","R","R","R","R","R","R","R","R","46"
"03M075","P.S. 075 Emily Dickinson","Elementary","3","R","R","R","R","R","R","R","R","6"
"03M076","P.S. 076 A. Philip Randolph","K-8","3","R","R","R","R","R","R","R","R","90"
"03M084","P.S. 084 Lillian Weber","Elementary","3","R","R","R","R","R","R","R","R","32"
"03M087","P.S. 087 William Sherman","Elementary","3","R","R","R","R","R","R","R","R","R"
"03M145","P.S. 145, The Bloomingdale School","Elementary","3","R","R","R","R","R","R","R","R","R"
"03M149","P.S. 149 Sojourner Truth","K-8","3","R","R","R","R","R","R","R","R","16"
"03M163","P.S. 163 Alfred E. Smith","Elementary","3","R","R","R","R","R","R","R","R","20"
"03M165","P.S. 165 Robert E. Simon","K-8","3","7","R","R","R","27","R","R","R","63"
"03M166","P.S. 166 The Richard Rodgers School of The Arts an","Elementary","3","R","R","R","R","R","R","R","R","8"
"03M180","P.S. 180 Hugo Newman","K-8","3","R","R","R","R","R","R","R","R","21"
"03M185","P.S. 185 - The Early Childhood Discovery and Desig","Early Childhood","3","R","R","R","R","R","R","R","R","R"
"03M191","P.S. 191 Amsterdam","K-8","3","R","R","R","R","R","R","R","R","23"
"03M199","P.S. 199 Jessie Isador Straus","Elementary","3","R","R","R","R","R","R","R","R","0"
"03M208","The Alain L. Locke Magnet School for Environmental","Elementary","3","R","R","R","R","R","R","R","R","15"
"03M241","STEM Institute of Manhattan","Elementary","3","R","R","R","R","R","R","R","R","R"
"03M242","P.S. 242 - The Young Diplomats Magnet Academy","Elementary","3","R","R","R","R","R","R","R","R","13"
"03M243","M.S. 243 Center School","Junior High-Intermediate-Middle","3","R","R","R","R","R","R","R","R","0"
"03M245","M.S. M245 The Computer School","Junior High-Intermediate-Middle","3","R","R","R","R","R","R","R","R","R"
"03M247","M.S. M247 Dual Language Middle School","Junior High-Intermediate-Middle","3","8","R","R","R","23","R","R","R","36"
"03M250","M.S. 250 West Side Collaborative Middle School","Junior High-Intermediate-Middle","3","R","R","R","R","R","R","R","R","29"
"03M256","M.S. 256 Academic & Athletic Excellence","Junior High-Intermediate-Middle","3","R","R","R","R","R","R","R","R","50"
"03M258","Community Action School - MS 258","Junior High-Intermediate-Middle","3","R","R","R","R","R","R","R","R","69"
"03M291","West End Secondary School","Secondary School","3","R","R","R","R","R","R","R","R","0"
"03M299","The Maxine Greene HS for Imaginative Inquiry","High school","3","R","R","R","R","R","R","R","R","81"
"03M307","Urban Assembly School for Media Studies, The","High school","3","R","R","R","R","R","R","R","R","32"
"03M333","P.S. 333 Manhattan School for Children","K-8","3","R","R","R","R","R","R","R","R","25"
"03M334","The Anderson School","K-8","3","R","R","R","R","R","R","R","R","R"
"03M402","The Urban Assembly School for Green Careers","High school","3","6","8","R","R","44","60","R","R","130"
"03M403","The Global Learning Collaborative","High school","3","R","R","R","R","R","R","R","R","25"
"03M404","Innovation Diploma Plus","High school","3","R","R","R","R","R","R","R","R","44"
"03M415","Wadleigh Secondary School for the Performing & Vis","Secondary School","3","R","R","R","R","R","R","R","R","R"
"03M417","Frank Mccourt High School","High school","3","R","R","R","R","R","R","R","R","23"
"03M421","West Prep Academy","Junior High-Intermediate-Middle","3","R","R","R","R","R","R","R","R","47"
"03M452","P.S. 452","Elementary","3","R","R","R","R","R","R","R","R","R"
"03M479","Beacon High School","High school","3","R","R","R","R","R","R","R","R","0"
"03M485","Fiorello H. LaGuardia High School of Music & Art a","High school","3","R","R","R","R","R","R","R","R","18"
"03M492","High School for Law, Advocacy and Community Justic","High school","3","R","R","R","R","R","R","R","R","29"
"03M494","High School of Arts and Technology","High school","3","R","R","R","R","R","R","R","R","110"
"03M505","Edward A. Reynolds West Side High School","High school","3","R","R","R","R","R","R","R","R","R"
"03M541","Manhattan / Hunter Science High School","High school","3","R","R","R","R","R","R","R","R","R"
"03M859","Special Music School","K-12 all grades","3","R","R","R","R","R","R","R","R","R"
"03M860","Frederick Douglass Academy II Secondary School","Secondary School","3","R","R","R","R","R","R","R","R","160"
"03M862","Mott Hall II","Junior High-Intermediate-Middle","3","R","R","R","R","R","R","R","R","24"
"04M007","P.S. 007 Samuel Stern","K-8","4","R","R","R","R","R","R","R","R","R"
"04M012","Tag Young Scholars","K-8","4","R","R","R","R","R","R","R","R","R"
"04M037","River East Elementary","Elementary","4","R","R","R","R","R","R","R","R","6"
"04M038","P.S. 38 Roberto Clemente","Elementary","4","R","R","R","R","R","R","R","R","23"
"04M050","P.S. 050 Vito Marcantonio","K-8","4","R","R","R","R","R","R","R","R","R"
"04M057","James Weldon Johnson","K-8","4","R","R","R","R","R","R","R","R","11"
"04M072","The Lexington Academy","K-8","4","R","R","R","R","R","R","R","R","59"
"04M083","P.S. 083 Luis Munoz Rivera","Elementary","4","R","R","R","R","R","R","R","R","R"
"04M096","P.S. 096 Joseph Lanzetta","K-8","4","R","R","R","R","R","R","R","R","57"
"04M102","P.S. 102 Jacques Cartier","Elementary","4","R","R","R","R","R","R","R","R","17"
"04M108","P.S. 108 Assemblyman Angelo Del Toro Educational C","K-8","4","R","R","R","R","R","R","R","R","65"
"04M112","P.S. 112 Jose Celso Barbosa","Early Childhood","4","R","R","R","R","R","R","R","R","0"
"04M146","P.S. 146 Ann M. Short","Elementary","4","R","R","R","R","R","R","R","R","39"
"04M155","P.S. 155 William Paca","Elementary","4","R","R","R","R","R","R","R","R","9"
"04M171","P.S. 171 Patrick Henry","K-8","4","R","R","R","R","R","R","R","R","44"
"04M182","The Bilingual Bicultural School","Elementary","4","R","R","R","R","R","R","R","R","R"
"04M206","P.S. 206 Jose Celso Barbosa","K-8","4","R","R","R","R","R","R","R","R","33"
"04M224","M.S. 224 Manhattan East School for Arts & Academic","Junior High-Intermediate-Middle","4","R","R","R","R","R","R","R","R","R"
"04M372","Esperanza Preparatory Academy","Secondary School","4","10","20","R","R","18","39","R","R","93"
"04M375","Mosaic Preparatory Academy","Elementary","4","R","R","R","R","R","R","R","R","R"
"04M377","Renaissance School of the Arts","Junior High-Intermediate-Middle","4","R","R","R","R","R","R","R","R","20"
"04M406","Global Technology Preparatory","Junior High-Intermediate-Middle","4","R","R","R","R","R","R","R","R","13"
"04M409","Coalition School for Social Change","High school","4","R","R","R","R","R","R","R","R","32"
"04M435","Manhattan Center for Science and Mathematics","High school","4","R","R","R","R","R","R","R","R","30"
"04M495","Park East High School","High school","4","R","R","R","R","R","R","R","R","23"
"04M497","Central Park East I","Elementary","4","R","R","R","R","R","R","R","R","0"
"04M555","Central Park East High School","High school","4","R","R","R","R","R","R","R","R","R"
"04M610","Young Women's Leadership School","Secondary School","4","R","R","R","R","R","R","R","R","12"
"04M680","Heritage School, The","High school","4","R","R","R","R","R","R","R","R","80"
"04M825","Isaac Newton Middle School for Math & Science","Junior High-Intermediate-Middle","4","R","R","R","R","R","R","R","R","29"
"04M964","Central Park East II","K-8","4","R","R","R","R","R","R","R","R","0"
"05M030","P.S. 030 Hernandez/Hughes","Elementary","5","R","R","R","R","R","R","R","R","12"
"05M036","P.S. 036 Margaret Douglas","Elementary","5","R","R","R","R","R","R","R","R","R"
"05M046","P.S. 046 Arthur Tappan","K-8","5","R","R","R","R","R","R","R","R","100"
"05M092","P.S. 092 Mary McLeod Bethune","Elementary","5","R","R","R","R","R","R","R","R","17"
"05M123","P.S. 123 Mahalia Jackson","K-8","5","R","R","R","R","R","R","R","R","37"
"05M125","P.S. 125 Ralph Bunche","Elementary","5","R","R","R","R","R","R","R","R","7"
"05M129","P.S. 129 John H. Finley","K-8","5","R","R","R","R","R","R","R","R","14"
"05M133","P.S. 133 Fred R Moore","Elementary","5","R","R","R","R","R","R","R","R","18"
"05M148","Eagle Academy for Young Men of Harlem","Secondary School","5","R","R","R","R","R","R","R","R","14"
"05M154","P.S. 154 Harriet Tubman","Elementary","5","R","R","R","R","R","R","R","R","0"
"05M157","The Urban Assembly School for Global Commerce","High school","5","R","R","R","R","R","R","R","R","40"
"05M161","P.S. 161 Pedro Albizu Campos","K-8","5","R","R","R","R","R","R","R","R","28"
"05M175","P.S. 175 Henry H Garnet","Elementary","5","R","R","R","R","R","R","R","R","20"
"05M194","P.S. 194 Countee Cullen","Elementary","5","R","R","R","R","R","R","R","R","0"
"05M197","P.S. 197 John B. Russwurm","Elementary","5","R","R","R","R","R","R","R","R","R"
"05M200","P.S. 200- The James Mccune Smith School","Elementary","5","R","R","R","R","R","R","R","R","6"
"05M285","Harlem Renaissance High School","High school","5","R","R","R","R","R","R","R","R","26"
"05M286","Urban Assembly Academy for Future Leaders","Junior High-Intermediate-Middle","5","R","R","R","R","R","R","R","R","45"
"05M302","KAPPA IV","Junior High-Intermediate-Middle","5","R","R","R","R","R","R","R","R","20"
"05M304","Mott Hall High School","High school","5","R","R","R","R","R","R","R","R","72"
"05M318","Thurgood Marshall Academy Lower School","Elementary","5","R","R","R","R","R","R","R","R","9"
"05M362","Columbia Secondary School","Secondary School","5","R","R","R","R","R","R","R","R","13"
"05M367","Academy for Social Action","High school","5","R","R","R","R","R","R","R","R","33"
"05M369","Urban Assembly School for the Performing Arts","High school","5","R","R","R","R","R","R","R","R","31"
"05M499","Frederick Douglass Academy","Secondary School","5","R","R","R","R","R","R","R","R","22"
"05M514","New Design Middle School","Junior High-Intermediate-Middle","5","R","R","R","R","R","R","R","R","59"
"05M517","Teachers College Community School","K-8","5","R","R","R","R","R","R","R","R","R"
"05M670","Thurgood Marshall Academy for Learning and Social","Secondary School","5","R","R","R","R","R","R","R","R","50"
"05M692","High School for Mathematics, Science and Engineeri","High school","5","R","R","R","R","R","R","R","R","21"
"06M004","P.S. 004 Duke Ellington","Elementary","6","R","R","R","R","R","R","R","R","25"
"06M005","P.S. 005 Ellen Lurie","Elementary","6","R","R","R","R","R","R","R","R","9"
"06M008","P.S. 008 Luis Belliard","Elementary","6","R","R","R","R","R","R","R","R","10"
"06M018","P.S. 018 Park Terrace","K-8","6","R","R","R","R","R","R","R","R","R"
"06M028","P.S. 028 Wright Brothers","Elementary","6","6","R","R","R","19","R","R","R","28"
"06M048","P.S. 048 P.O. Michael J. Buczek","Elementary","6","8","R","R","R","6","R","R","R","15"
"06M052","J.H.S. 052 Inwood","Junior High-Intermediate-Middle","6","R","R","R","R","R","R","R","R","R"
"06M098","P.S. 098 Shorac Kappock","Elementary","6","13","R","R","R","8","R","R","R","28"
"06M103","Dos Puentes Elementary School","Elementary","6","R","R","R","R","R","R","R","R","R"
"06M115","P.S. 115 Alexander Humboldt","Elementary","6","R","R","R","R","R","R","R","R","8"
"06M128","P.S. 128 Audubon","Elementary","6","12","R","R","R","38","R","R","R","55"
"06M132","P.S. 132 Juan Pablo Duarte","Elementary","6","R","R","R","R","R","R","R","R","7"
"06M143","J.H.S. 143 Eleanor Roosevelt","Junior High-Intermediate-Middle","6","R","23","R","R","R","14","R","R","39"
"06M152","P.S. 152 Dyckman Valley","Elementary","6","R","R","R","R","R","R","R","R","8"
"06M153","P.S. 153 Adam Clayton Powell","Elementary","6","R","R","R","R","R","R","R","R","R"
"06M173","P.S. 173","Elementary","6","R","R","R","R","R","R","R","R","R"
"06M178","Professor Juan Bosch Public School","Elementary","6","R","R","R","R","R","R","R","R","R"
"06M187","P.S./I.S. 187 Hudson Cliffs","K-8","6","R","R","R","R","R","R","R","R","0"
"06M189","P.S. 189","Elementary","6","R","R","R","R","R","R","R","R","9"
"06M192","P.S. 192 Jacob H. Schiff","Elementary","6","R","R","R","R","R","R","R","R","R"
"06M209","Hamilton Grange Middle School","Junior High-Intermediate-Middle","6","R","R","R","R","R","R","R","R","R"
"06M210","P.S./I.S. 210 - Twenty-first Century Academy for C","K-8","6","R","R","R","R","R","R","R","R","R"
"06M211","Inwood Early College for Health and Information Te","High school","6","R","R","R","R","R","R","R","R","R"
"06M218","I.S. 218 Salome Urena","Junior High-Intermediate-Middle","6","R","R","R","R","R","R","R","R","R"
"06M223","The Mott Hall School","Junior High-Intermediate-Middle","6","R","R","R","R","R","R","R","R","R"
"06M278","Paula Hedbavny School","K-8","6","R","R","R","R","R","R","R","R","11"
"06M293","City College Academy of the Arts","Secondary School","6","R","R","R","R","R","R","R","R","0"
"06M311","Amistad Dual Language School","K-8","6","R","R","R","R","R","R","R","R","R"
"06M314","Muscota","Elementary","6","R","R","R","R","R","R","R","R","0"
"06M319","M.S. 319 - Maria Teresa","Junior High-Intermediate-Middle","6","8","R","7","R","7","R","11","R","39"
"06M322","Middle School 322","Junior High-Intermediate-Middle","6","R","8","9","R","R","18","8","R","59"
"06M324","M.S. 324 - Patria Mirabal","Junior High-Intermediate-Middle","6","R","R","6","R","R","R","18","R","52"
"06M325","P.S. 325","Elementary","6","R","R","R","R","R","R","R","R","7"
"06M328","Community Math & Science Prep","Junior High-Intermediate-Middle","6","R","6","R","R","R","6","R","R","26"
"06M346","Community Health Academy of the Heights","Secondary School","6","R","6","6","R","R","36","11","R","67"
"06M348","Washington Heights Expeditionary Learning School","K-12 all grades","6","R","6","R","R","R","34","R","R","51"
"06M349","Harbor Heights","Junior High-Intermediate-Middle","6","R","R","R","R","R","R","R","R","R"
"06M366","Washington Heights Academy","K-8","6","R","R","R","R","R","R","R","R","R"
"06M368","Hamilton Heights School","Elementary","6","R","R","R","R","R","R","R","R","R"
"06M423","High School for Excellence and Innovation","High school","6","R","R","R","R","R","R","R","R","R"
"06M457","George Washington Yabc","High school","6","R","R","R","R","R","R","R","R","0"
"06M462","The College Academy","High school","6","R","R","6","R","R","R","9","R","24"
"06M463","High School for Media and Communications","High school","6","R","R","R","R","R","R","R","R","22"
"06M467","High School for Law and Public Service","High school","6","R","16","R","R","R","30","R","R","55"
"06M468","High School for Health Careers and Sciences","High school","6","R","6","R","R","R","10","R","R","21"
"06M513","Castle Bridge School","Elementary","6","R","R","R","R","R","R","R","R","0"
"06M528","I.S. 528 Bea Fuller Rodgers School","Junior High-Intermediate-Middle","6","R","R","R","R","R","R","R","R","7"
"06M540","A. Philip Randolph Campus High School","High school","6","R","R","9","R","R","R","16","R","51"
"06M552","Gregorio Luperon High School for Science and Mathe","High school","6","R","R","R","R","R","R","R","R","7"
"07X001","P.S. 001 Courtlandt School","Elementary","7","R","R","R","R","R","R","R","R","R"
"07X005","P.S. 5 Port Morris","K-8","7","R","R","R","R","R","R","R","R","19"
"07X018","P.S. 018 John Peter Zenger","Elementary","7","R","R","R","R","R","R","R","R","R"
"07X025","P.S. 025 Bilingual School","Elementary","7","R","R","R","R","R","R","R","R","0"
"07X029","P.S./M.S. 029 Melrose School","K-8","7","R","R","R","R","R","R","R","R","80"
"07X030","P.S. 030 Wilton","Elementary","7","R","R","R","R","R","R","R","R","16"
"07X031","P.S./M.S. 031 The William Lloyd Garrison","K-8","7","R","R","R","R","R","R","R","R","29"
"07X043","P.S. 043 Jonas Bronck","Elementary","7","R","R","R","R","R","R","R","R","9"
"07X049","P.S. 049 Willis Avenue","Elementary","7","R","R","R","R","R","R","R","R","27"
"07X065","P.S. 065 Mother Hale Academy","Elementary","7","R","R","R","R","R","R","R","R","R"
"07X151","J.H.S. 151 Lou Gehrig","Junior High-Intermediate-Middle","7","R","R","R","R","R","R","R","R","9"
"07X154","P.S. 154 Jonathan D. Hyatt","Elementary","7","R","R","R","R","R","R","R","R","0"
"07X157","P.S. 157 Grove Hill","Elementary","7","R","R","R","R","R","R","R","R","R"
"07X161","P.S. 161 Juan Ponce De Leon School","Elementary","7","R","R","R","R","R","R","R","R","34"
"07X162","J.H.S. 162 Lola Rodriguez De Tio","Junior High-Intermediate-Middle","7","R","R","R","R","R","R","R","R","18"
"07X179","P.S. 179","Elementary","7","R","R","R","R","R","R","R","R","R"
"07X221","South Bronx Preparatory: A College Board School","Secondary School","7","R","R","R","R","R","R","R","R","28"
"07X223","M.S. 223 The Laboratory School of Finance and Tech","Secondary School","7","R","R","R","R","R","R","R","R","7"
"07X224","P.S./I.S. 224","Junior High-Intermediate-Middle","7","R","R","R","R","R","R","R","R","12"
"07X259","H.E.R.O. High (Health, Education, and Research Occ","High school","7","R","10","R","R","R","52","R","R","87"
"07X277","P.S. 277","Elementary","7","R","R","R","R","R","R","R","R","14"
"07X296","South Bronx Academy for Applied Media","Junior High-Intermediate-Middle","7","R","R","R","R","R","R","R","R","36"
"07X298","Academy of Public Relations","Junior High-Intermediate-Middle","7","7","13","R","R","35","38","R","R","102"
"07X334","International Community High School","High school","7","R","R","R","R","R","R","R","R","27"
"07X343","Academy of Applied Mathematics and Technology","Junior High-Intermediate-Middle","7","R","R","R","R","R","R","R","R","52"
"07X359","Concourse Village Elementary School","Elementary","7","R","R","R","R","R","R","R","R","0"
"07X369","Young Leaders Elementary School","Elementary","7","R","R","R","R","R","R","R","R","25"
"07X379","Jill Chaifetz Transfer High School","High school","7","R","R","R","R","R","R","R","R","6"
"07X381","Bronx Haven High School","High school","7","R","R","R","R","R","R","R","R","11"
"07X427","Community School for Social Justice","High school","7","R","R","R","R","R","R","R","R","58"
"07X456","Alfred E. Smith Campus YABC","High school","7","R","R","R","R","R","R","R","R","0"
"07X473","Mott Haven Village Preparatory High School","High school","7","R","14","R","R","R","97","R","R","139"
"07X495","University Heights Secondary School","High school","7","R","R","R","R","R","R","R","R","20"
"07X500","Hostos-Lincoln Academy of Science","Secondary School","7","R","R","R","R","R","R","R","R","12"
"07X522","Bronx Design and Construction Academy","High school","7","R","15","R","R","R","95","R","R","136"
"07X527","Bronx Leadership Academy II High School","High school","7","R","R","R","R","R","R","R","R","55"
"07X533","Learning through Play Pre-K Center","District Pre-K Center","7","R","R","R","R","R","R","R","R","0"
"07X547","New Explorers High School","High school","7","R","R","R","R","R","R","R","R","78"
"07X548","Careers in Sports High School","High school","7","R","R","R","R","R","R","R","R","35"
"07X551","The Urban Assembly Bronx Academy of Letters","Secondary School","7","R","21","8","R","R","116","28","R","237"
"07X557","Mott Haven Community High School","High school","7","R","R","R","R","R","R","R","R","R"
"07X600","Alfred E. Smith Career and Technical Education Hig","High school","7","R","8","R","R","R","44","R","R","78"
"07X670","Health Opportunities High School","High school","7","R","R","R","R","R","R","R","R","37"
"08X014","P.S. X014 Senator John Calandra","Elementary","8","R","R","R","R","R","R","R","R","R"
"08X036","P.S. 036 Unionport","Elementary","8","R","R","R","R","R","R","R","R","R"
"08X048","P.S. 048 Joseph R. Drake","Elementary","8","R","R","R","R","R","R","R","R","16"
"08X062","P.S. 062 Inocensio Casanova","Elementary","8","R","R","R","R","R","R","R","R","R"
"08X069","P.S. 069 Journey Prep School","Elementary","8","R","R","R","R","R","R","R","R","0"
"08X071","P.S. 071 Rose E. Scala","K-8","8","R","R","R","R","R","R","R","R","39"
"08X072","P.S. 072 Dr. William Dorney","Elementary","8","R","R","R","R","R","R","R","R","14"
"08X075","P.S. 75 School of Research and Discovery","Elementary","8","R","R","R","R","R","R","R","R","17"
"08X093","P.S. 093 Albert G. Oliver","Elementary","8","R","R","R","R","R","R","R","R","0"
"08X100","P.S. 100 Isaac Clason","Elementary","8","R","R","R","R","R","R","R","R","R"
"08X101","M.S. X101 Edward R. Byrne","Junior High-Intermediate-Middle","8","R","R","R","R","R","R","R","R","R"
"08X107","P.S. 107","Elementary","8","R","R","R","R","R","R","R","R","0"
"08X119","The Dr. Emmett W. Bassett School","Elementary","8","R","R","R","R","R","R","R","R","R"
"08X123","J.H.S. 123 James M. Kieran","Junior High-Intermediate-Middle","8","R","R","R","R","R","R","R","R","18"
"08X125","J.H.S. 125 Henry Hudson","Junior High-Intermediate-Middle","8","R","R","6","R","R","R","21","R","48"
"08X130","P.S. 130 Abram Stevens Hewitt","Elementary","8","R","R","R","R","R","R","R","R","12"
"08X131","J.H.S. 131 Albert Einstein","Junior High-Intermediate-Middle","8","R","R","R","R","R","R","R","R","35"
"08X138","P.S. 138 Samuel Randall","Elementary","8","R","R","R","R","R","R","R","R","0"
"08X140","P.S. X140 The Eagle School","Elementary","8","R","R","R","R","R","R","R","R","R"
"08X146","P.S. 146 Edward Collins","Elementary","8","R","R","R","R","R","R","R","R","R"
"08X152","P.S. 152 Evergreen","Elementary","8","R","R","R","R","R","R","R","R","0"
"08X182","P.S. 182","Elementary","8","R","R","R","R","R","R","R","R","8"
"08X269","Bronx Studio School for Writers and Artists","Secondary School","8","R","16","R","R","R","37","R","R","78"
"08X282","Women's Academy of Excellence","High school","8","R","R","R","R","R","R","R","R","79"
"08X293","Renaissance High School for Musical Theater & Tech","High school","8","R","6","R","R","R","43","R","R","65"
"08X301","M.S. 301 Paul L. Dunbar","Junior High-Intermediate-Middle","8","R","R","R","R","R","R","R","R","12"
"08X302","M.S. 302 Luisa Dessus Cruz","Junior High-Intermediate-Middle","8","R","R","R","R","R","R","R","R","36"
"08X304","P.S. 304 Early Childhood School","Elementary","8","R","R","R","R","R","R","R","R","0"
"08X305","Pablo Neruda Academy","High school","8","R","20","R","R","R","125","R","R","154"
"08X312","Millennium Art Academy","High school","8","R","19","R","R","R","89","R","R","117"
"08X320","Pelham Lab High School","High school","8","R","R","R","R","R","R","R","R","39"
"08X332","Holcombe L. Rucker School of Community Research","High school","8","R","R","R","R","R","R","R","R","18"
"08X333","P.S. 333 - The Museum School","Elementary","8","R","R","R","R","R","R","R","R","R"
"08X335","The Academy of the Arts","Elementary","8","R","R","R","R","R","R","R","R","R"
"08X337","The School for Inquiry and Social Justice","Junior High-Intermediate-Middle","8","R","R","R","R","R","R","R","R","64"
"08X348","Schuylerville Preparatory High School","High school","8","R","R","R","R","R","R","R","R","38"
"08X349","Bronx River High School","High school","8","R","13","R","R","R","52","R","R","74"
"08X367","Archimedes Academy for Math, Science and Technolog","Secondary School","8","R","R","R","R","R","R","R","R","104"
"08X371","Urban Institute of Mathematics","Junior High-Intermediate-Middle","8","R","R","R","R","R","R","R","R","21"
"08X375","The Bronx Mathematics Preparatory School","Junior High-Intermediate-Middle","8","R","R","R","R","R","R","R","R","51"
"08X376","Antonia Pantoja Preparatory Academy: A College Boa","Secondary School","8","R","15","R","R","R","53","R","R","72"
"08X377","Bronx Community High School","High school","8","R","R","R","R","R","R","R","R","37"
"08X392","Bronx Delta School","Elementary","8","R","R","R","R","R","R","R","R","0"
"08X405","Herbert H. Lehman High School","High school","8","R","9","R","R","R","48","R","R","69"
"08X408","Herbert H. Lehman Yabc","High school","8","R","R","R","R","R","R","R","R","0"
"08X424","The Hunts Point School","Junior High-Intermediate-Middle","8","14","R","R","R","38","R","R","R","87"
"08X432","Bronx Bridges High School","High school","8","R","R","R","R","R","R","R","R","29"
"08X448","Soundview Academy for Culture and Scholarship","Junior High-Intermediate-Middle","8","R","R","R","R","R","R","R","R","79"
"08X452","Bronx Guild","High school","8","R","R","R","R","R","R","R","R","22"
"08X467","Mott Hall Community School","Junior High-Intermediate-Middle","8","R","R","R","R","R","R","R","R","71"
"08X507","Stevenson Yabc","High school","8","R","R","R","R","R","R","R","R","0"
"08X519","Felisa Rincon de Gautier Institute for Law and Pub","High school","8","R","R","R","R","R","R","R","R","24"
"08X530","Banana Kelly High School","High school","8","R","R","R","R","R","R","R","R","13"
"08X537","Bronx Arena High School","High school","8","R","R","R","R","R","R","R","R","23"
"08X558","Westchester Square Academy","High school","8","R","14","R","R","R","54","R","R","76"
"08X559","School for Tourism and Hospitality","High school","8","R","R","R","R","R","R","R","R","87"
"08X561","Bronx Compass High School","High school","8","R","R","R","R","R","R","R","R","73"
"08X562","Blueprint Middle School","Junior High-Intermediate-Middle","8","R","R","R","R","R","R","R","R","7"
"09X004","P.S./M.S. 004 Crotona Park West","K-8","9","R","R","R","R","R","R","R","R","10"
"09X011","P.S. 011 Highbridge","Elementary","9","R","R","R","R","R","R","R","R","0"
"09X022","J.H.S. 022 Jordan L. Mott","Junior High-Intermediate-Middle","9","R","R","R","R","R","R","R","R","9"
"09X028","P.S. 028 Mount Hope","Elementary","9","R","R","R","R","R","R","R","R","19"
"09X035","P.S. 035 Franz Siegel","Elementary","9","R","R","R","R","R","R","R","R","R"
"09X042","P.S. 042 Claremont","Elementary","9","R","R","R","R","R","R","R","R","R"
"09X053","P.S. 053 Basheer Quisim","Elementary","9","R","R","R","R","R","R","R","R","R"
"09X055","P.S. 055 Benjamin Franklin","Elementary","9","R","R","R","R","R","R","R","R","0"
"09X058","P.S. 058","Elementary","9","R","R","R","R","R","R","R","R","R"
"09X063","P.S. 063 Author's Academy","Elementary","9","R","R","R","R","R","R","R","R","R"
"09X070","P.S. 070 Max Schoenfeld","Elementary","9","18","R","R","R","54","R","R","R","86"
"09X073","P.S. 073 Bronx","Elementary","9","R","R","R","R","R","R","R","R","7"
"09X088","P.S. X088 - S. Silverstein Little Sparrow School","Early Childhood","9","R","R","R","R","R","R","R","R","0"
"09X109","P.S. 109 Sedgwick","Elementary","9","R","R","R","R","R","R","R","R","11"
"09X110","P.S. 110 Theodore Schoenfeld","Elementary","9","R","R","R","R","R","R","R","R","0"
"09X114","P.S. X114 - Luis Llorens Torres Schools","Elementary","9","R","R","R","R","R","R","R","R","R"
"09X117","I.S. 117 Joseph H. Wade","Junior High-Intermediate-Middle","9","R","R","R","R","R","R","R","R","55"
"09X126","P.S. 126 Dr Marjorie H Dunbar","Elementary","9","R","R","R","R","R","R","R","R","21"
"09X128","Mott Hall III","Junior High-Intermediate-Middle","9","R","R","R","R","R","R","R","R","R"
"09X132","P.S. 132 Garret A. Morgan","Elementary","9","R","R","R","R","R","R","R","R","18"
"09X145","J.H.S. 145 Arturo Toscanini","Junior High-Intermediate-Middle","9","R","R","R","R","R","R","R","R","R"
"09X163","P.S. 163 Arthur A. Schomburg","Elementary","9","R","R","R","R","R","R","R","R","36"
"09X170","P.S. 170","Early Childhood","9","R","R","R","R","R","R","R","R","0"
"09X199","P.S. 199X - The Shakespeare School","Elementary","9","R","R","R","R","R","R","R","R","25"
"09X204","P.S. 204 Morris Heights","Elementary","9","R","R","R","R","R","R","R","R","R"
"09X215","Kappa","Junior High-Intermediate-Middle","9","R","R","R","R","R","R","R","R","34"
"09X218","P.S./I.S. 218 Rafael Hernandez Dual Language Magne","K-8","9","R","R","R","R","R","R","R","R","17"
"09X219","I.S. 219 New Venture School","Junior High-Intermediate-Middle","9","R","R","R","R","R","R","R","R","19"
"09X227","Bronx Collegiate Academy","High school","9","R","R","R","R","R","R","R","R","R"
"09X229","I.S. 229 Roland Patterson","Junior High-Intermediate-Middle","9","R","R","R","R","R","R","R","R","20"
"09X231","Eagle Academy for Young Men","Secondary School","9","R","R","R","R","R","R","R","R","22"
"09X232","I.S. 232","Junior High-Intermediate-Middle","9","R","R","R","R","R","R","R","R","51"
"09X236","P.S. 236 Langston Hughes","Elementary","9","R","R","R","R","R","R","R","R","0"
"09X241","Urban Assembly School for Applied Math and Science","Secondary School","9","R","R","R","R","R","R","R","R","37"
"09X250","Eximius College Preparatory Academy: A College Boa","High school","9","R","R","R","R","R","R","R","R","23"
"09X252","Mott Hall Bronx High School","High school","9","6","11","R","R","20","66","R","R","117"
"09X260","Bronx Center for Science and Mathematics","High school","9","R","R","R","R","R","R","R","R","6"
"09X263","Validus Preparatory Academy","High school","9","R","R","R","R","R","R","R","R","75"
"09X274","The New American Academy at Roberto Clemente State","Elementary","9","R","R","R","R","R","R","R","R","16"
"09X276","Leadership Institute","High school","9","R","R","R","R","R","R","R","R","23"
"09X294","The Walton Avenue School","Elementary","9","R","R","R","R","R","R","R","R","R"
"09X297","Morris Academy for Collaborative Studies","High school","9","R","R","R","R","R","R","R","R","38"
"09X303","I.S. X303 Leadership & Community Service","Junior High-Intermediate-Middle","9","R","R","R","R","R","R","R","R","R"
"09X311","Lucero Elementary School","Elementary","9","R","R","R","R","R","R","R","R","0"
"09X313","I.S. 313 School of Leadership Development","Junior High-Intermediate-Middle","9","R","R","R","R","R","R","R","R","8"
"09X323","Bronx Writing Academy","Junior High-Intermediate-Middle","9","R","6","R","R","R","10","R","R","39"
"09X324","Bronx Early College Academy for Teaching & Learnin","Secondary School","9","12","R","R","R","46","R","R","R","112"
"09X325","Urban Science Academy","Junior High-Intermediate-Middle","9","R","R","R","R","R","R","R","R","6"
"09X327","Comprehensive Model School Project M.S. 327","Secondary School","9","R","12","R","R","R","77","R","R","109"
"09X328","New Millennium Business Academy Middle School","Junior High-Intermediate-Middle","9","R","R","R","R","R","R","R","R","12"
"09X329","DreamYard Preparatory School","High school","9","R","R","R","R","R","R","R","R","10"
"09X339","I.S. 339","Junior High-Intermediate-Middle","9","R","R","R","R","R","R","R","R","22"
"09X350","New Directions Secondary School","Secondary School","9","R","15","R","R","R","24","R","R","60"
"09X361","The Highbridge Green School","Junior High-Intermediate-Middle","9","R","R","R","R","R","R","R","R","10"
"09X365","Academy for Language and Technology","High school","9","R","R","R","R","R","R","R","R","32"
"09X403","Bronx International High School","High school","9","R","R","R","R","R","R","R","R","40"
"09X404","School for Excellence","High school","9","R","R","R","R","R","R","R","R","56"
"09X412","Bronx High School of Business","High school","9","R","7","R","R","R","31","R","R","49"
"09X413","Bronx High School for Medical Science","Secondary School","9","R","R","R","R","R","R","R","R","28"
"09X443","The Family School","Elementary","9","R","R","R","R","R","R","R","R","12"
"09X449","Grant Avenue Elementary School","Elementary","9","R","R","R","R","R","R","R","R","R"
"09X454","Science and Technology Academy: A Mott Hall School","Junior High-Intermediate-Middle","9","R","R","R","R","R","R","R","R","0"
"09X457","Sheridan Academy for Young Leaders","Elementary","9","R","R","R","R","R","R","R","R","9"
"09X505","Bronx School for Law, Government and Justice","Secondary School","9","R","11","R","R","R","51","R","R","75"
"09X517","Frederick Douglass Academy III Secondary School","High school","9","R","R","R","R","R","R","R","R","23"
"09X525","Bronx Leadership Academy High School","High school","9","R","R","R","R","R","R","R","R","6"
"09X543","High School for Violin and Dance","High school","9","R","R","R","R","R","R","R","R","R"
"09X555","Mount Eden Children's Academy","Elementary","9","R","R","R","R","R","R","R","R","14"
"09X564","Claremont International HS","High school","9","R","10","R","R","R","6","R","R","20"
"09X568","Young Women's Leadership School of the Bronx","Secondary School","9","R","R","R","R","R","R","R","R","32"
"09X582","Garden of Learning and Discovery Pre-K Center","District Pre-K Center","9","R","R","R","R","R","R","R","R","0"
"10X003","P.S. 3 Raul Julia Micro Society","K-8","10","R","R","R","R","R","R","R","R","6"
"10X007","Milton Fein School","Elementary","10","R","R","R","R","R","R","R","R","0"
"10X008","P.S. 008 Isaac Varian","Elementary","10","R","R","R","R","R","R","R","R","21"
"10X009","P.S. 9 Ryer Avenue Elementary School","Elementary","10","R","6","R","R","R","6","R","R","20"
"10X015","P.S. X015 Institute for Environmental Learning","K-8","10","R","R","R","R","R","R","R","R","0"
"10X020","P.S./M.S. 20 P.O.George J. Werdann, III","K-8","10","R","R","R","R","R","R","R","R","20"
"10X023","P.S. 023 The New Children's School","Elementary","10","R","R","R","R","R","R","R","R","0"
"10X024","P.S. 024 Spuyten Duyvil","Elementary","10","R","R","R","R","R","R","R","R","R"
"10X032","P.S. 032 Belmont","Elementary","10","R","R","R","R","R","R","R","R","R"
"10X033","P.S. 033 Timothy Dwight","Elementary","10","R","R","R","R","R","R","R","R","R"
"10X037","P.S. X037 - Multiple Intelligence School","K-8","10","R","R","R","R","R","R","R","R","23"
"10X045","Thomas C. Giordano Middle School 45","Junior High-Intermediate-Middle","10","R","6","R","R","R","42","R","R","133"
"10X046","P.S. 046 Edgar Allan Poe","Elementary","10","7","R","R","R","31","R","R","R","48"
"10X051","P.S. 051 Bronx New School","Elementary","10","R","R","R","R","R","R","R","R","R"
"10X054","P.S./I.S. 54","Elementary","10","R","R","R","R","R","R","R","R","R"
"10X056","P.S. 056 Norwood Heights","Elementary","10","R","R","R","R","R","R","R","R","R"
"10X059","P.S. 059 The Community School of Technology","Elementary","10","R","R","R","R","R","R","R","R","R"
"10X077","Bedford Park Elementary School","Elementary","10","R","R","R","R","R","R","R","R","R"
"10X080","J.H.S. 080 The Mosholu Parkway","Junior High-Intermediate-Middle","10","R","R","R","R","R","R","R","R","15"
"10X081","P.S. 081 Robert J. Christen","Elementary","10","R","R","R","R","R","R","R","R","0"
"10X085","P.S. 085 Great Expectations","Elementary","10","R","R","R","R","R","R","R","R","32"
"10X086","P.S. 086 Kingsbridge Heights","Elementary","10","R","R","R","R","R","R","R","R","R"
"10X091","P.S. 091 Bronx","Elementary","10","R","R","R","R","R","R","R","R","48"
"10X094","P.S. 094 Kings College School","Elementary","10","11","R","R","R","79","R","R","R","94"
"10X095","P.S. 095 Sheila Mencher","K-8","10","R","R","R","R","R","R","R","R","131"
"10X118","J.H.S. 118 William W. Niles","Junior High-Intermediate-Middle","10","R","12","7","R","R","116","41","R","306"
"10X141","Riverdale / Kingsbridge Academy (Middle School / H","Secondary School","10","R","6","R","R","R","64","R","R","83"
"10X159","P.S. 159 Luis Munoz Marin Biling","Elementary","10","R","R","R","R","R","R","R","R","0"
"10X205","P.S. 205 Fiorello Laguardia","Elementary","10","R","R","R","R","R","R","R","R","8"
"10X206","I.S. 206 Ann Mersereau","Junior High-Intermediate-Middle","10","R","R","R","R","R","R","R","R","11"
"10X207","P.S. 207","Early Childhood","10","R","R","R","R","R","R","R","R","0"
"10X209","P.S. 209","Early Childhood","10","R","R","R","R","R","R","R","R","0"
"10X213","Bronx Engineering and Technology Academy","High school","10","R","R","R","R","R","R","R","R","11"
"10X225","Theatre Arts Production Company School","Secondary School","10","R","R","R","R","R","R","R","R","126"
"10X226","P.S. 226","Elementary","10","R","R","R","R","R","R","R","R","0"
"10X228","Jonas Bronck Academy","Junior High-Intermediate-Middle","10","R","R","R","R","R","R","R","R","12"
"10X237","The Marie Curie School for Medicine, Nursing, and","High school","10","R","R","R","R","R","R","R","R","51"
"10X243","West Bronx Academy for the Future","Secondary School","10","R","R","R","R","R","R","R","R","39"
"10X244","The New School for Leadership and Journalism","Junior High-Intermediate-Middle","10","R","R","R","R","R","R","R","R","54"
"10X246","P.S. 246 Poe Center","Elementary","10","R","R","R","R","R","R","R","R","0"
"10X254","I.S. 254","Junior High-Intermediate-Middle","10","R","R","6","R","R","R","19","R","55"
"10X264","Bronx Academy for Software Engineering (BASE)","High school","10","R","R","R","R","R","R","R","R","75"
"10X268","Kingsbridge International High School","High school","10","R","R","R","R","R","R","R","R","22"
"10X279","P.S. 279 Captain Manuel Rivera, Jr.","K-8","10","13","R","R","R","55","R","R","R","77"
"10X280","P.S./M.S. 280 Mosholu Parkway","K-8","10","R","R","R","R","R","R","R","R","19"
"10X284","Bronx School of Law and Finance","High school","10","R","R","R","R","R","R","R","R","18"
"10X291","P.S. 291","Elementary","10","R","R","R","R","R","R","R","R","R"
"10X306","P.S. 306","Elementary","10","R","R","R","R","R","R","R","R","R"
"10X307","Luisa Pineiro Fuentes School of Science and Discov","Elementary","10","R","R","R","R","R","R","R","R","14"
"10X308","Bronx Dance Academy School","Junior High-Intermediate-Middle","10","R","R","R","R","R","R","R","R","45"
"10X310","P.S. 310 Marble Hill","Elementary","10","R","R","R","R","R","R","R","R","12"
"10X315","P.S. 315 Lab School","K-8","10","R","R","R","R","R","R","R","R","12"
"10X319","Providing Urban Learners Success In Education High","High school","10","R","R","R","R","R","R","R","R","R"
"10X331","The Bronx School of Young Leaders","Junior High-Intermediate-Middle","10","R","6","R","R","R","22","R","R","39"
"10X340","P.S. 340","Elementary","10","12","R","R","R","34","R","R","R","72"
"10X342","International School for Liberal Arts","Secondary School","10","R","27","R","R","R","7","R","R","40"
"10X344","Ampark Neighborhood","Elementary","10","R","R","R","R","R","R","R","R","R"
"10X351","Bronx Collaborative High School","High school","10","R","R","R","R","R","R","R","R","28"
"10X353","World View High School","High school","10","R","R","R","R","R","R","R","R","30"
"10X360","P.S. 360","Elementary","10","R","R","R","R","R","R","R","R","12"
"10X363","Academy For Personal Leadership And Excellence","Junior High-Intermediate-Middle","10","R","R","6","R","R","R","15","R","32"
"22K109","P.S. 109","K-8","22","R","R","R","R","R","R","R","R","131"
"10X368","In-Tech Academy (M.S. / High School 368)","Secondary School","10","R","8","R","R","R","28","R","R","63"
"10X374","Knowledge and Power Preparatory Academy Internatio","High school","10","R","R","R","R","R","R","R","R","19"
"10X382","Elementary School for Math, Science, and Technolog","Elementary","10","R","R","R","R","R","R","R","R","10"
"10X386","School for Environmental Citizenship","Elementary","10","R","R","R","R","R","R","R","R","12"
"10X390","M.S. 390","Junior High-Intermediate-Middle","10","R","10","R","R","R","15","R","R","55"
"10X391","The Angelo Patri Middle School","Junior High-Intermediate-Middle","10","R","R","R","R","R","R","R","R","35"
"10X396","P.S. 396","Elementary","10","R","R","R","R","R","R","R","R","0"
"10X397","English Language Learners and International Suppor","High school","10","R","R","R","R","R","R","R","R","26"
"10X433","High School for Teaching and the Professions","High school","10","R","7","R","R","R","9","R","R","31"
"10X434","Belmont Preparatory High School","High school","10","R","R","R","R","R","R","R","R","14"
"10X437","Fordham High School for the Arts","High school","10","R","R","R","R","R","R","R","R","R"
"10X438","Fordham Leadership Academy for Business and Techno","High school","10","R","11","R","R","R","38","R","R","77"
"10X439","Bronx High School for Law and Community Service","High school","10","R","R","R","R","R","R","R","R","15"
"10X440","DeWitt Clinton High School","High school","10","R","11","R","R","R","98","R","R","137"
"10X442","Celia Cruz Bronx High School of Music, The","High school","10","R","R","R","R","R","R","R","R","11"
"10X445","Bronx High School of Science","High school","10","R","R","R","R","R","R","R","R","20"
"10X447","Creston Academy","Junior High-Intermediate-Middle","10","R","R","R","R","R","R","R","R","8"
"10X459","East Fordham Academy for the Arts","Junior High-Intermediate-Middle","10","R","R","R","R","R","R","R","R","50"
"10X477","Marble Hill High School for International Studies","High school","10","R","R","R","R","R","R","R","R","25"
"10X503","Walton Yabc","High school","10","R","R","R","R","R","R","R","R","R"
"10X504","Kennedy Yabc","High school","10","R","R","R","R","R","R","R","R","0"
"10X524","Crotona International High School","High school","10","R","R","R","R","R","R","R","R","34"
"10X535","Rose Hill Pre-K Center","District Pre-K Center","10","R","R","R","R","R","R","R","R","0"
"10X546","Bronx Theatre High School","High school","10","R","R","R","R","R","R","R","R","54"
"10X549","Discovery High School","High school","10","R","R","R","R","R","R","R","R","9"
"10X565","High School for Energy and Technology","High school","10","R","R","R","R","R","R","R","R","34"
"10X668","Dewitt Clinton Campus YABC","High school","10","R","R","R","R","R","R","R","R","R"
"10X696","High School of American Studies at Lehman College","High school","10","R","R","R","R","R","R","R","R","R"
"10X903","T. Roosevelt Evening Hs M/W","Ungraded","10","R","R","R","R","R","R","R","R","0"
"10X904","T. Roosevelt Evening Hs T/R","Ungraded","10","R","R","R","R","R","R","R","R","0"
"11X016","P.S. 016 Wakefield","Elementary","11","R","R","R","R","R","R","R","R","35"
"11X019","P.S. 019 Judith K. Weiss","K-8","11","R","R","R","R","R","R","R","R","11"
"11X021","P.S. 021 Philip H. Sheridan","Elementary","11","R","R","R","R","R","R","R","R","18"
"11X041","P.S. 041 Gun Hill Road","Elementary","11","R","R","R","R","R","R","R","R","10"
"11X068","P.S. 068 Bronx","Elementary","11","R","R","R","R","R","R","R","R","23"
"11X076","P.S. 076 The Bennington School","Elementary","11","R","R","R","R","R","R","R","R","81"
"11X078","P.S. 078 Anne Hutchinson","Elementary","11","R","R","R","R","R","R","R","R","18"
"11X083","P.S. 083 Donald Hertz","K-8","11","R","R","R","R","R","R","R","R","45"
"11X087","P.S. 087 Bronx","Elementary","11","R","R","R","R","R","R","R","R","8"
"11X089","P.S. 089 Bronx","K-8","11","R","R","R","R","R","R","R","R","28"
"11X096","P.S. 096 Richard Rodgers","Elementary","11","R","R","R","R","R","R","R","R","0"
"11X097","P.S. 097 Bronx","Elementary","11","R","R","R","R","R","R","R","R","R"
"11X103","P.S. 103 Hector Fontanez","Elementary","11","R","R","R","R","R","R","R","R","69"
"11X105","P.S. 105 Sen Abraham Bernstein","Elementary","11","R","R","R","R","R","R","R","R","R"
"11X106","P.S. 106 Parkchester","Elementary","11","R","R","R","R","R","R","R","R","8"
"11X108","P.S. 108 Philip J. Abinanti","Elementary","11","R","R","R","R","R","R","R","R","16"
"11X111","P.S. 111 Seton Falls","Elementary","11","R","R","R","R","R","R","R","R","38"
"11X112","P.S. 112 Bronxwood","Elementary","11","R","R","R","R","R","R","R","R","R"
"11X121","P.S. 121 Throop","Elementary","11","R","R","R","R","R","R","R","R","0"
"11X127","J.H.S. 127 The Castle Hill","Junior High-Intermediate-Middle","11","9","7","R","R","77","25","R","R","138"
"11X144","J.H.S. 144 Michelangelo","Junior High-Intermediate-Middle","11","R","R","R","R","R","R","R","R","23"
"11X153","P.S. 153 Helen Keller","Elementary","11","R","R","R","R","R","R","R","R","20"
"11X160","P.S. 160 Walt Disney","Elementary","11","R","R","R","R","R","R","R","R","R"
"11X169","Baychester Academy","Elementary","11","R","R","R","R","R","R","R","R","33"
"11X175","P.S. 175 City Island","K-8","11","R","R","R","R","R","R","R","R","R"
"11X178","P.S. 178 - Dr. Selman Waksman","Elementary","11","R","R","R","R","R","R","R","R","0"
"11X180","M.S. 180 Dr. Daniel Hale Williams","Junior High-Intermediate-Middle","11","R","R","R","R","R","R","R","R","82"
"11X181","I.S. 181 Pablo Casals","Junior High-Intermediate-Middle","11","R","R","R","R","R","R","R","R","50"
"11X189","Cornerstone Academy for Social Action","Elementary","11","R","R","R","R","R","R","R","R","8"
"11X194","P.S./M.S. 194","K-8","11","R","R","R","R","R","R","R","R","89"
"11X249","Bronx Health Sciences High School","High school","11","R","R","R","R","R","R","R","R","R"
"11X253","Bronx High School for Writing and Communication Ar","High school","11","R","R","R","R","R","R","R","R","62"
"11X265","Bronx Lab School","High school","11","R","16","R","R","R","106","R","R","155"
"11X270","Academy for Scholarship and Entrepreneurship: A Co","High school","11","R","8","R","R","R","46","R","R","63"
"11X275","High School of Computers and Technology","High school","11","R","R","R","R","R","R","R","R","86"
"11X287","North Bronx School of Empowerment","Junior High-Intermediate-Middle","11","R","R","R","R","R","R","R","R","37"
"11X288","Collegiate Institute for Math and Science","High school","11","R","R","R","R","R","R","R","R","43"
"11X289","The Young Scholars Academy of The Bronx","Junior High-Intermediate-Middle","11","R","R","R","R","R","R","R","R","76"
"11X290","Bronx Academy of Health Careers","High school","11","R","R","R","R","R","R","R","R","58"
"11X299","Astor Collegiate Academy","High school","11","R","R","R","R","R","R","R","R","73"
"11X326","Bronx Green Middle School","Junior High-Intermediate-Middle","11","R","R","R","R","R","R","R","R","9"
"11X355","Bronx Alliance Middle School","Junior High-Intermediate-Middle","11","R","R","R","R","R","R","R","R","39"
"11X357","Young Voices Academy of the Bronx","Elementary","11","R","R","R","R","R","R","R","R","0"
"11X370","Leaders of Tomorrow","Junior High-Intermediate-Middle","11","R","R","R","R","R","R","R","R","58"
"11X417","C Columbus Hs Yabc","High school","11","R","R","R","R","R","R","R","R","0"
"11X418","Bronx High School for the Visual Arts","High school","11","R","R","R","R","R","R","R","R","68"
"11X455","Harry S Truman High School","High school","11","R","R","R","R","R","R","R","R","38"
"11X462","Cornerstone Academy for Social Action Middle Schoo","Junior High-Intermediate-Middle","11","R","R","R","R","R","R","R","R","12"
"11X468","Pelham Academy of Academics and Community Engageme","Junior High-Intermediate-Middle","11","R","R","R","R","R","R","R","R","16"
"11X481","The STEAM Bridge School","Elementary","11","R","R","R","R","R","R","R","R","0"
"11X483","The Matilda Avenue School","Elementary","11","R","R","R","R","R","R","R","R","0"
"11X498","P.S./M.S. 11X498 - VAN NEST ACADEMY","K-8","11","R","R","R","R","R","R","R","R","61"
"11X508","Bronxdale High School","High school","11","R","R","R","R","R","R","R","R","6"
"11X509","High School of Language and Innovation","High school","11","R","R","R","R","R","R","R","R","34"
"11X513","New World High School","High school","11","R","R","R","R","R","R","R","R","16"
"11X514","The Bronxwood Preparatory Academy","High school","11","R","R","R","R","R","R","R","R","55"
"11X529","One World Middle School at Edenwald","Junior High-Intermediate-Middle","11","R","R","R","R","R","R","R","R","22"
"11X532","Baychester Middle School","Junior High-Intermediate-Middle","11","R","R","R","R","R","R","R","R","39"
"11X534","District 11 Pre-K Center","District Pre-K Center","11","R","R","R","R","R","R","R","R","0"
"11X542","Pelham Preparatory Academy","High school","11","R","R","R","R","R","R","R","R","42"
"11X544","High School for Contemporary Arts","High school","11","R","R","R","R","R","R","R","R","27"
"11X545","Bronx Aerospace High School","High school","11","R","20","R","R","R","85","R","R","130"
"11X556","Bronx Park Middle School","Junior High-Intermediate-Middle","11","R","R","R","R","R","R","R","R","11"
"11X566","Pelham Gardens Middle School","Junior High-Intermediate-Middle","11","R","R","R","R","R","R","R","R","50"
"11X567","Linden Tree Elementary School","Elementary","11","R","R","R","R","R","R","R","R","R"
"11X901","Evander Childs Evening H.S.","Ungraded","11","R","R","R","R","R","R","R","R","0"
"12X006","P.S. 006 West Farms","Elementary","12","R","R","R","R","R","R","R","R","33"
"12X044","P.S. 044 David C. Farragut","Elementary","12","R","R","R","R","R","R","R","R","R"
"12X047","P.S. 047 John Randolph","Elementary","12","R","R","R","R","R","R","R","R","16"
"12X057","P.S. 057 Crescent","Elementary","12","R","R","R","R","R","R","R","R","R"
"12X061","P.S. 061 Francisco Oller","Elementary","12","R","R","R","R","R","R","R","R","0"
"12X066","P.S. 066 School of Higher Expectations","Elementary","12","R","R","R","R","R","R","R","R","6"
"12X067","P.S. 067 Mohegan School","Elementary","12","R","R","R","R","R","R","R","R","37"
"12X092","P.S. 092 Bronx","Elementary","12","R","R","R","R","R","R","R","R","6"
"12X098","J.H.S. 098 Herman Ridder","Junior High-Intermediate-Middle","12","R","R","R","R","R","R","R","R","18"
"12X129","M.S. 129 Academy for Independent Learning and Lead","Junior High-Intermediate-Middle","12","R","R","R","R","R","R","R","R","32"
"12X134","P.S. 134 George F. Bristow","Elementary","12","R","R","R","R","R","R","R","R","R"
"12X150","P.S. 150 Charles James Fox","Elementary","12","6","R","R","R","94","R","R","R","117"
"12X190","E.S.M.T- I.S. 190","Junior High-Intermediate-Middle","12","R","R","R","R","R","R","R","R","7"
"12X195","P.S. 195","Elementary","12","R","R","R","R","R","R","R","R","31"
"12X196","P.S. 196","Elementary","12","R","R","R","R","R","R","R","R","19"
"12X211","P.S. 211","K-8","12","16","R","R","R","18","R","R","R","47"
"12X212","P.S. 212","K-8","12","R","R","R","R","R","R","R","R","R"
"12X214","P.S. 214","K-8","12","R","R","R","R","R","R","R","R","95"
"12X217","School of Performing Arts","Junior High-Intermediate-Middle","12","R","R","R","R","R","R","R","R","17"
"12X242","Mott Hall V","Secondary School","12","R","8","R","R","R","83","R","R","117"
"12X248","Metropolitan High School, The","High school","12","R","28","R","R","R","123","R","R","171"
"12X251","Explorations Academy","High school","12","R","R","R","R","R","R","R","R","56"
"12X267","Bronx Latin","Secondary School","12","R","31","R","R","R","162","R","R","222"
"12X271","East Bronx Academy for the Future","Secondary School","12","9","R","R","R","214","R","R","R","306"
"12X273","Frederick Douglass Academy V. Middle School","Junior High-Intermediate-Middle","12","R","R","R","R","R","R","R","R","40"
"12X286","Fannie Lou Hamer Middle School","Junior High-Intermediate-Middle","12","R","R","R","R","R","R","R","R","19"
"12X300","The School of Science and Applied Learning","Elementary","12","R","R","R","R","R","R","R","R","14"
"12X314","Fairmont Neighborhood School","Elementary","12","R","R","R","R","R","R","R","R","R"
"12X316","Kappa III","Junior High-Intermediate-Middle","12","R","R","R","R","R","R","R","R","16"
"12X318","I.S. X318 Math, Science & Technology Through Arts","Junior High-Intermediate-Middle","12","R","R","R","R","R","R","R","R","124"
"12X321","Crotona Academy High School","High school","12","R","R","R","R","R","R","R","R","10"
"12X341","Accion Academy","Junior High-Intermediate-Middle","12","R","R","R","R","R","R","R","R","R"
"12X372","Urban Assembly School for Wildlife Conservation","Secondary School","12","R","R","R","R","R","R","R","R","91"
"12X383","Emolior Academy","Junior High-Intermediate-Middle","12","R","R","R","R","R","R","R","R","16"
"12X384","Entrada Academy","Junior High-Intermediate-Middle","12","16","R","6","R","19","R","10","R","60"
"12X388","Pan American International High School at Monroe","High school","12","R","R","R","R","R","R","R","R","26"
"12X428","Learning To Work Yabc At Monroe Academy","High school","12","R","R","R","R","R","R","R","R","R"
"12X446","Arturo A. Schomburg Satellite Academy Bronx","High school","12","R","R","R","R","R","R","R","R","23"
"12X458","Samara Community School","Elementary","12","R","R","R","R","R","R","R","R","R"
"12X463","Urban Scholars Community School","Elementary","12","R","R","R","R","R","R","R","R","0"
"12X478","The Cinema School","High school","12","R","R","R","R","R","R","R","R","11"
"12X479","Bronx Career and College Preparatory High School","High school","12","R","R","R","R","R","R","R","R","88"
"12X480","Bronx Regional High School","High school","12","R","R","R","R","R","R","R","R","42"
"12X511","Bronx Envision Academy","High school","12","R","12","R","R","R","42","R","R","64"
"12X521","The Metropolitan Soundview High School","High school","12","R","R","R","R","R","R","R","R","43"
"12X531","Archer Elementary School","Elementary","12","R","R","R","R","R","R","R","R","11"
"12X536","P.S. 536","Elementary","12","R","R","R","R","R","R","R","R","R"
"12X550","High School of World Cultures","High school","12","R","R","R","R","R","R","R","R","28"
"12X682","Fannie Lou Hamer Freedom High School","High school","12","R","8","R","R","R","91","R","R","124"
"12X684","Wings Academy","High school","12","R","R","R","R","R","R","R","R","67"
"12X691","Bronx Little School","Elementary","12","R","R","R","R","R","R","R","R","14"
"12X692","Monroe Academy for Visual Arts & Design","High school","12","R","42","R","R","R","65","R","R","125"
"13K003","P.S. 003 The Bedford Village","Elementary","13","R","R","R","R","R","R","R","R","R"
"13K008","P.S. 008 Robert Fulton","K-8","13","R","R","R","R","R","R","R","R","6"
"13K009","P.S. 009 Teunis G. Bergen","Elementary","13","R","R","R","R","R","R","R","R","R"
"13K011","P.S. 011 Purvis J. Behan","Elementary","13","R","R","R","R","R","R","R","R","20"
"13K020","P.S. 020 Clinton Hill","Elementary","13","R","R","R","R","R","R","R","R","13"
"13K044","P.S. 044 Marcus Garvey","Elementary","13","R","R","R","R","R","R","R","R","R"
"13K046","P.S. 046 Edward C. Blum","Elementary","13","R","R","R","R","R","R","R","R","R"
"13K054","P.S. 054 Samuel C. Barnes","Elementary","13","R","R","R","R","R","R","R","R","9"
"13K056","P.S. 056 Lewis H. Latimer","Elementary","13","R","R","R","R","R","R","R","R","R"
"13K067","P.S. 067 Charles A. Dorsey","Elementary","13","R","R","R","R","R","R","R","R","R"
"13K093","P.S. 093 William H. Prescott","Elementary","13","R","R","R","R","R","R","R","R","R"
"13K113","M.S. 113 Ronald Edmonds Learning Center","Junior High-Intermediate-Middle","13","R","R","R","R","R","R","R","R","24"
"13K133","P.S. 133 William A. Butler","Elementary","13","R","R","R","R","R","R","R","R","R"
"13K256","P.S. 256 Benjamin Banneker","Elementary","13","R","R","R","R","R","R","R","R","R"
"13K265","Dr. Susan S. McKinney Secondary School of the Arts","Secondary School","13","R","R","R","R","R","R","R","R","36"
"13K266","M.S. K266 - Park Place Community Middle School","Junior High-Intermediate-Middle","13","R","R","R","R","R","R","R","R","12"
"13K270","P.S. 270 Johann DeKalb","Elementary","13","R","R","R","R","R","R","R","R","7"
"13K282","P.S. 282 Park Slope","K-8","13","8","R","R","R","67","R","R","R","111"
"13K287","P.S. 287 Bailey K. Ashford","Elementary","13","R","R","R","R","R","R","R","R","7"
"13K301","Satellite East Middle School","Junior High-Intermediate-Middle","13","R","R","R","R","R","R","R","R","12"
"13K305","P.S. 305 Dr. Peter Ray","Elementary","13","R","R","R","R","R","R","R","R","R"
"13K307","P.S. 307 Daniel Hale Williams","Elementary","13","R","R","R","R","R","R","R","R","12"
"13K313","Dock Street School for STEAM Studies","Junior High-Intermediate-Middle","13","R","R","R","R","R","R","R","R","8"
"13K350","Urban Assembly School for Music and Art","High school","13","R","R","R","R","R","R","R","R","51"
"13K351","The Urban Assembly Unison School","Junior High-Intermediate-Middle","13","R","R","R","R","R","R","R","R","37"
"13K412","Brooklyn Community High School of Communication, A","High school","13","R","R","R","R","R","R","R","R","11"
"13K419","Science Skills Center High School for Science, Tec","High school","13","R","R","R","R","R","R","R","R","33"
"13K430","Brooklyn Technical High School","High school","13","R","R","R","R","R","R","R","R","88"
"13K439","Brooklyn International High School","High school","13","R","R","R","R","R","R","R","R","7"
"13K483","The Urban Assembly School for Law and Justice","High school","13","R","R","R","R","R","R","R","R","55"
"13K492","Academy of Arts and Letters","K-8","13","R","R","R","R","R","R","R","R","R"
"13K499","ACORN Community High School","High school","13","R","R","R","R","R","R","R","R","16"
"13K527","Urban Assembly Institute of Math and Science for Y","Secondary School","13","R","R","R","R","R","R","R","R","45"
"13K553","Brooklyn Academy High School","High school","13","R","R","R","R","R","R","R","R","8"
"13K575","Bedford Stuyvesant Preparatory High School","High school","13","R","R","R","R","R","R","R","R","R"
"13K595","Bedford Academy High School","High school","13","R","R","R","R","R","R","R","R","16"
"13K605","George Westinghouse Career and Technical Education","High school","13","R","R","R","R","R","R","R","R","136"
"13K616","Brooklyn High School for Leadership and Community","High school","13","R","R","R","R","R","R","R","R","24"
"13K657","Downtown Brooklyn Yabc","High school","13","R","R","R","R","R","R","R","R","R"
"13K670","Benjamin Banneker Academy","High school","13","R","R","R","R","R","R","R","R","92"
"13K674","City Polytechnic High School of Engineering, Archi","High school","13","R","R","R","R","R","R","R","R","30"
"13K691","Fort Greene Preparatory Academy","Junior High-Intermediate-Middle","13","R","R","R","R","R","R","R","R","29"
"13K869","District 13 PRE-K Center","District Pre-K Center","13","R","R","R","R","R","R","R","R","0"
"13K901","G. Westinghouse Evening H.S.","Ungraded","13","R","R","R","R","R","R","R","R","0"
"13K902","Westinghouse Evening Hs T/R","Ungraded","13","R","R","R","R","R","R","R","R","0"
"14K016","P.S. 016 Leonard Dunkly","Elementary","14","R","R","R","R","R","R","R","R","0"
"14K017","P.S. 017 Henry D. Woodworth","Elementary","14","R","R","R","R","R","R","R","R","0"
"14K018","P.S. 018 Edward Bush","Elementary","14","R","R","R","R","R","R","R","R","6"
"14K023","P.S. 023 Carter G. Woodson","Elementary","14","R","R","R","R","R","R","R","R","6"
"14K031","P.S. 031 Samuel F. Dupont","Elementary","14","R","R","R","R","R","R","R","R","0"
"14K034","P.S. 034 Oliver H. Perry","Elementary","14","R","R","R","R","R","R","R","R","R"
"14K050","J.H.S. 050 John D. Wells","Junior High-Intermediate-Middle","14","R","R","R","R","R","R","R","R","34"
"14K059","P.S. 059 William Floyd","Elementary","14","R","R","R","R","R","R","R","R","8"
"14K071","Juan Morel Campos Secondary School","Secondary School","14","12","R","R","R","156","R","R","R","269"
"14K084","P.S. 084 Jose De Diego","K-8","14","R","R","R","R","R","R","R","R","15"
"14K110","P.S. 110 The Monitor","Elementary","14","R","R","R","R","R","R","R","R","0"
"14K120","P.S. 120 Carlos Tapia","Elementary","14","R","R","R","R","R","R","R","R","0"
"14K126","John Ericsson Middle School 126","Junior High-Intermediate-Middle","14","R","R","R","R","R","R","R","R","77"
"14K132","P.S. 132 The Conselyea School","Elementary","14","R","R","R","R","R","R","R","R","37"
"14K147","P.S. 147 Isaac Remsen","Elementary","14","R","R","R","R","R","R","R","R","R"
"14K157","P.S./I.S. 157 The Benjamin Franklin Health & Scien","K-8","14","R","R","R","R","R","R","R","R","23"
"14K196","P.S. 196 Ten Eyck","Elementary","14","R","R","R","R","R","R","R","R","9"
"14K250","P.S. 250 George H. Lindsay","Elementary","14","R","R","R","R","R","R","R","R","R"
"14K257","P.S. 257 John F. Hylan","Elementary","14","R","R","R","R","R","R","R","R","7"
"14K297","P.S. 297 Abraham Stockton","Elementary","14","R","R","R","R","R","R","R","R","R"
"14K318","I.S. 318 Eugenio Maria De Hostos","Junior High-Intermediate-Middle","14","R","R","R","R","R","R","R","R","180"
"14K319","P.S. 319","Early Childhood","14","R","R","R","R","R","R","R","R","0"
"14K380","P.S. 380 John Wayne Elementary","Elementary","14","R","R","R","R","R","R","R","R","R"
"14K414","Brooklyn Arbor Elementary School","Elementary","14","R","R","R","R","R","R","R","R","19"
"14K449","Brooklyn Latin School, The","High school","14","R","R","R","R","R","R","R","R","10"
"14K454","Green School: An Academy for Environmental Careers","High school","14","R","R","R","R","R","R","R","R","10"
"14K474","PROGRESS High School for Professional Careers","High school","14","R","R","R","R","R","R","R","R","72"
"14K477","School for Legal Studies","High school","14","R","R","R","R","R","R","R","R","29"
"14K478","The High School for Enterprise, Business and Techn","High school","14","R","R","R","R","R","R","R","R","91"
"14K488","Brooklyn Preparatory High School","High school","14","R","R","R","R","R","R","R","R","61"
"14K558","Williamsburg High School for Architecture and Desi","High school","14","R","R","R","R","R","R","R","R","124"
"14K561","Williamsburg Preparatory School","High school","14","R","R","R","R","R","R","R","R","37"
"14K577","Conselyea Preparatory School","Junior High-Intermediate-Middle","14","R","R","R","R","R","R","R","R","13"
"14K582","M.S. 582","Junior High-Intermediate-Middle","14","R","R","R","R","R","R","R","R","16"
"14K586","Lyons Community School","Secondary School","14","R","R","R","R","R","R","R","R","46"
"14K610","Automotive High School","High school","14","R","R","R","R","R","R","R","R","59"
"14K614","Young Women's Leadership School of Brooklyn","Secondary School","14","R","R","R","R","R","R","R","R","27"
"14K632","Frances Perkins Academy","High school","14","R","R","R","R","R","R","R","R","37"
"14K685","El Puente Academy for Peace and Justice","High school","14","R","R","R","R","R","R","R","R","15"
"14K923","Automotive High School Yabc","High school","14","R","R","R","R","R","R","R","R","0"
"15K001","P.S. 001 The Bergen","Elementary","15","R","R","R","R","R","R","R","R","6"
"15K010","Magnet School of Math, Science and Design Technolo","Elementary","15","R","R","R","R","R","R","R","R","9"
"15K015","P.S. 015 Patrick F. Daly","Elementary","15","R","R","R","R","R","R","R","R","7"
"15K024","P.S. 024","Elementary","15","R","R","R","R","R","R","R","R","0"
"15K029","P.S. 029 John M. Harrigan","Elementary","15","R","R","R","R","R","R","R","R","26"
"15K032","P.S. 032 Samuel Mills Sprole","Elementary","15","R","R","R","R","R","R","R","R","8"
"15K038","P.S. 038 The Pacific","Elementary","15","R","R","R","R","R","R","R","R","10"
"15K039","P.S. 039 Henry Bristow","Elementary","15","R","R","R","R","R","R","R","R","R"
"15K051","M.S. 51 William Alexander","Junior High-Intermediate-Middle","15","R","R","R","R","R","R","R","R","19"
"15K058","P.S. 058 The Carroll","Elementary","15","R","R","R","R","R","R","R","R","R"
"15K088","J.H.S. 088 Peter Rouget","Junior High-Intermediate-Middle","15","R","R","R","R","R","R","R","R","28"
"15K094","P.S. 094 The Henry Longfellow","Elementary","15","R","R","R","R","R","R","R","R","15"
"15K107","P.S. 107 John W. Kimball","Elementary","15","R","R","R","R","R","R","R","R","0"
"15K118","The Maurice Sendak Community School","Elementary","15","R","R","R","R","R","R","R","R","0"
"15K124","P.S. 124 Silas B. Dutcher","Elementary","15","R","R","R","R","R","R","R","R","0"
"15K130","P.S. 130 The Parkside","Elementary","15","R","R","R","R","R","R","R","R","12"
"15K131","P.S. 131 Brooklyn","Elementary","15","R","R","R","R","R","R","R","R","0"
"15K136","I.S. 136 Charles O. Dewey","Junior High-Intermediate-Middle","15","R","R","R","R","R","R","R","R","20"
"15K146","The Brooklyn New School, P.S. 146","Elementary","15","R","R","R","R","R","R","R","R","R"
"15K154","The Windsor Terrace School","Elementary","15","R","R","R","R","R","R","R","R","0"
"15K169","P.S. 169 Sunset Park","Elementary","15","R","R","R","R","R","R","R","R","16"
"15K172","P.S. 172 Beacon School of Excellence","Elementary","15","R","R","R","R","R","R","R","R","0"
"15K230","P.S. 230 Doris L. Cohen","Elementary","15","R","R","R","R","R","R","R","R","R"
"15K261","P.S. 261 Philip Livingston","Elementary","15","R","R","R","R","R","R","R","R","R"
"15K295","P.S. 295","Elementary","15","R","R","R","R","R","R","R","R","0"
"15K321","P.S. 321 William Penn","Elementary","15","R","R","R","R","R","R","R","R","R"
"15K418","The Children's School","Elementary","15","R","R","R","R","R","R","R","R","0"
"15K423","Brooklyn Frontiers High School","High school","15","R","R","R","R","R","R","R","R","44"
"15K429","Digital Arts and Cinema Technology High School","Secondary School","15","R","R","R","R","R","R","R","R","67"
"15K442","M.S. 442 Carroll Gardens School for Innovation","Junior High-Intermediate-Middle","15","R","R","R","R","R","R","R","R","12"
"15K443","New Voices School of Academic & Creative Arts","Junior High-Intermediate-Middle","15","R","R","R","R","R","R","R","R","0"
"15K447","The Math & Science Exploratory School","Junior High-Intermediate-Middle","15","R","R","R","R","R","R","R","R","10"
"15K448","Brooklyn Secondary School for Collaborative Studie","Secondary School","15","R","R","R","R","R","R","R","R","110"
"15K462","John Jay School for Law","High school","15","R","R","R","R","R","R","R","R","25"
"15K463","Secondary School for Journalism","High school","15","R","R","R","R","R","R","R","R","20"
"15K464","Park Slope Collegiate","Secondary School","15","R","R","R","R","R","R","R","R","12"
"15K497","The Boerum Hill School for International Studies","Secondary School","15","R","R","R","R","R","R","R","R","29"
"15K516","Sunset Park Avenues Elementary School","Elementary","15","R","R","R","R","R","R","R","R","R"
"15K519","Cobble Hill School of American Studies","High school","15","R","R","R","R","R","R","R","R","49"
"15K529","West Brooklyn Community High School","High school","15","R","R","R","R","R","R","R","R","R"
"15K592","Khalil Gibran International Academy","High school","15","R","R","R","R","R","R","R","R","R"
"15K656","Brooklyn High School of the Arts","High school","15","R","R","R","R","R","R","R","R","70"
"15K667","Sunset Park High School","High school","15","R","13","R","R","R","46","R","R","65"
"15K676","Red Hook Neighborhood School","Elementary","15","R","R","R","R","R","R","R","R","18"
"15K684","Millennium Brooklyn HS","High school","15","R","R","R","R","R","R","R","R","8"
"15K698","South Brooklyn Community High School","High school","15","R","R","R","R","R","R","R","R","10"
"15K767","The Little Brooklyn Pre-K Center","District Pre-K Center","15","R","R","R","R","R","R","R","R","0"
"15K821","Sunset Park Prep","Junior High-Intermediate-Middle","15","R","9","R","R","R","50","R","R","66"
"15K839","M.S. 839","Junior High-Intermediate-Middle","15","R","R","R","R","R","R","R","R","15"
"15K863","Pre-K Center at Bishop Ford School Site","District Pre-K Center","15","R","R","R","R","R","R","R","R","0"
"16K005","P.S. 005 Dr. Ronald Mcnair","Elementary","16","R","R","R","R","R","R","R","R","13"
"16K021","P.S. 021 Crispus Attucks","Elementary","16","R","R","R","R","R","R","R","R","R"
"16K025","P.S. 025 Eubie Blake School","Elementary","16","R","R","R","R","R","R","R","R","0"
"16K026","P.S. 026 Jesse Owens","Elementary","16","R","R","R","R","R","R","R","R","R"
"16K028","P.S. 028 The Warren Prep Academy","Elementary","16","R","R","R","R","R","R","R","R","R"
"16K035","M.S. 035 Stephen Decatur","Junior High-Intermediate-Middle","16","R","R","R","R","R","R","R","R","R"
"16K040","P.S. 040 George W. Carver","Elementary","16","R","R","R","R","R","R","R","R","R"
"16K057","J.H.S. 057 Whitelaw Reid","Junior High-Intermediate-Middle","16","R","R","R","R","R","R","R","R","11"
"16K081","P.S. 081 Thaddeus Stevens","Elementary","16","R","R","R","R","R","R","R","R","R"
"16K243","P.S. 243K- The Weeksville School","Elementary","16","R","R","R","R","R","R","R","R","R"
"16K262","P.S. 262 El Hajj Malik El Shabazz Elementary Schoo","K-8","16","R","R","R","R","R","R","R","R","9"
"16K267","M.S. 267 Math, Science & Technology","Junior High-Intermediate-Middle","16","R","R","R","R","R","R","R","R","6"
"16K308","P.S. 308 Clara Cardwell","K-8","16","R","R","R","R","R","R","R","R","24"
"16K309","P.S. 309 The George E. Wibecan Preparatory Academy","Elementary","16","R","R","R","R","R","R","R","R","R"
"16K335","P.S. 335 Granville T. Woods","Elementary","16","R","R","R","R","R","R","R","R","19"
"16K393","Frederick Douglass Academy IV Secondary School","High school","16","R","R","R","R","R","R","R","R","6"
"16K455","Boys and Girls High School","High school","16","R","R","R","R","R","R","R","R","67"
"16K498","Brooklyn High School for Law and Technology","High school","16","R","R","R","R","R","R","R","R","68"
"16K584","M.S. 584","Junior High-Intermediate-Middle","16","R","R","R","R","R","R","R","R","21"
"16K594","Gotham Professional Arts Academy","High school","16","R","R","R","R","R","R","R","R","57"
"16K627","Brighter Choice Community School","Elementary","16","R","R","R","R","R","R","R","R","0"
"16K628","Brooklyn Brownstone School","Elementary","16","R","R","R","R","R","R","R","R","0"
"16K669","Research and Service High School","High school","16","R","R","R","R","R","R","R","R","8"
"16K681","Madiba Prep Middle School","Junior High-Intermediate-Middle","16","R","R","R","R","R","R","R","R","R"
"16K688","The Brooklyn Academy of Global Finance","High school","16","R","R","R","R","R","R","R","R","21"
"16K765","Nelson Mandela High School","High school","16","R","R","R","R","R","R","R","R","44"
"16K959","BOYS AND GIRLS YABC","High school","16","R","R","R","R","R","R","R","R","0"
"17K002","Parkside Preparatory Academy","Junior High-Intermediate-Middle","17","R","R","R","R","R","R","R","R","79"
"17K006","Norma Adams Clemons Academy","Elementary","17","R","R","R","R","R","R","R","R","R"
"17K012","Dr. Jacqueline Peek-Davis School","Elementary","17","R","R","R","R","R","R","R","R","R"
"17K061","M.S. 061 Dr. Gladstone H. Atwell","Junior High-Intermediate-Middle","17","R","R","R","R","R","R","R","R","38"
"17K091","P.S. 091 The Albany Avenue School","Elementary","17","R","R","R","R","R","R","R","R","10"
"17K092","P.S. 092 Adrian Hegeman","Elementary","17","R","R","R","R","R","R","R","R","R"
"17K122","Pathways in Technology Early College High School (","High school","17","R","R","R","R","R","R","R","R","16"
"17K138","P.S. 138 Brooklyn","K-8","17","R","R","R","R","R","R","R","R","6"
"17K161","P.S. 161 The Crown","Elementary","17","R","R","R","R","R","R","R","R","R"
"17K181","P.S. 181 Brooklyn","K-8","17","R","R","R","R","R","R","R","R","19"
"17K189","P.S. 189 The Bilingual Center","K-8","17","R","R","R","R","R","R","R","R","14"
"17K191","P.S. 191 Paul Robeson","Elementary","17","R","R","R","R","R","R","R","R","12"
"17K221","P.S. 221 Toussaint L'Ouverture","Elementary","17","R","R","R","R","R","R","R","R","R"
"17K241","P.S. 241 Emma L. Johnston","Elementary","17","R","R","R","R","R","R","R","R","R"
"17K246","M.S. 246 Walt Whitman","Junior High-Intermediate-Middle","17","R","R","R","R","R","R","R","R","R"
"17K249","P.S. 249 The Caton","Elementary","17","R","R","R","R","R","R","R","R","7"
"17K289","P.S. 289 George V. Brower","Elementary","17","R","R","R","R","R","R","R","R","0"
"17K316","P.S. 316 Elijah Stroud","Elementary","17","R","R","R","R","R","R","R","R","0"
"17K340","I.S. 340","Junior High-Intermediate-Middle","17","R","R","R","R","R","R","R","R","10"
"17K352","Ebbets Field Middle School","Junior High-Intermediate-Middle","17","R","R","R","R","R","R","R","R","43"
"17K353","Elijah Stroud Middle School","Junior High-Intermediate-Middle","17","R","R","R","R","R","R","R","R","R"
"17K354","The School of Integrated Learning","Junior High-Intermediate-Middle","17","R","R","R","R","R","R","R","R","22"
"17K375","P.S. 375 Jackie Robinson School","Elementary","17","R","R","R","R","R","R","R","R","15"
"17K382","Academy for College Preparation and Career Explora","Secondary School","17","R","R","R","R","R","R","R","R","95"
"17K394","M.S. K394","K-8","17","R","R","R","R","R","R","R","R","9"
"17K397","P.S. 397 Foster-Laurie","Elementary","17","R","R","R","R","R","R","R","R","0"
"17K398","P.S. 398 Walter Weaver","Elementary","17","R","R","R","R","R","R","R","R","R"
"17K399","P.S. 399 Stanley Eugene Clark","Elementary","17","R","R","R","R","R","R","R","R","R"
"17K408","Academy of Hospitality and Tourism","High school","17","R","R","R","R","R","R","R","R","28"
"17K467","Erasmus Yabc","High school","17","R","R","R","R","R","R","R","R","R"
"17K484","Ronald Edmonds Learning Center II","Junior High-Intermediate-Middle","17","R","R","R","R","R","R","R","R","20"
"17K489","W.E.B. Dubois Academic High School","High school","17","R","R","R","R","R","R","R","R","R"
"17K524","International High School at Prospect Heights","High school","17","R","R","R","R","R","R","R","R","11"
"17K528","The High School for Global Citizenship","High school","17","R","R","R","R","R","R","R","R","29"
"17K531","School for Human Rights, The","Secondary School","17","R","R","R","R","R","R","R","R","10"
"17K532","New Bridges Elementary","Elementary","17","R","R","R","R","R","R","R","R","R"
"17K533","School for Democracy and Leadership","Secondary School","17","R","R","R","R","R","R","R","R","55"
"17K537","High School for Youth and Community Development at","High school","17","R","R","R","R","R","R","R","R","51"
"17K539","High School for Service & Learning at Erasmus","High school","17","R","R","R","R","R","R","R","R","60"
"17K543","Science, Technology and Research Early College Hig","Secondary School","17","R","R","R","R","R","R","R","R","32"
"17K546","High School for Public Service: Heroes of Tomorrow","High school","17","R","R","R","R","R","R","R","R","16"
"17K547","Brooklyn Academy of Science and the Environment","High school","17","R","R","R","R","R","R","R","R","58"
"17K548","Brooklyn School for Music & Theatre","High school","17","R","R","R","R","R","R","R","R","81"
"17K568","Brownsville Academy High School","High school","17","R","R","R","R","R","R","R","R","23"
"17K590","Medgar Evers College Preparatory School","Secondary School","17","R","R","R","R","R","R","R","R","55"
"17K600","Clara Barton High School","High school","17","R","R","R","R","R","R","R","R","142"
"17K705","Brooklyn Arts and Science Elementary School","Elementary","17","R","R","R","R","R","R","R","R","61"
"17K722","New Heights Middle School","Junior High-Intermediate-Middle","17","R","R","R","R","R","R","R","R","14"
"17K745","Brooklyn Institute for Liberal Arts","High school","17","R","R","R","R","R","R","R","R","10"
"17K751","Academy for Health Careers","High school","17","R","R","R","R","R","R","R","R","47"
"17K770","P.S. 770 New American Academy","Elementary","17","R","R","R","R","R","R","R","R","8"
"18K066","P.S. 66","K-8","18","R","R","R","R","R","R","R","R","25"
"18K068","I.S. 068 Isaac Bildersee","Junior High-Intermediate-Middle","18","R","R","R","R","R","R","R","R","43"
"18K114","P.S. 114 Ryder Elementary","Elementary","18","R","R","R","R","R","R","R","R","10"
"18K115","P.S. 115 Daniel Mucatel School","Elementary","18","R","R","R","R","R","R","R","R","28"
"18K135","P.S. 135 Sheldon A. Brookner","Elementary","18","R","R","R","R","R","R","R","R","27"
"18K208","P.S. 208 Elsa Ebeling","Elementary","18","R","R","R","R","R","R","R","R","R"
"18K211","I.S. 211 John Wilson","Junior High-Intermediate-Middle","18","R","R","R","R","R","R","R","R","24"
"18K219","P.S. 219 Kennedy-King","Elementary","18","R","R","R","R","R","R","R","R","13"
"18K233","P.S. 233 Langston Hughes","Elementary","18","R","R","R","R","R","R","R","R","16"
"18K235","P.S. 235 Janice Marie Knight School","K-8","18","R","R","R","R","R","R","R","R","14"
"18K244","P.S. 244 Richard R. Green","Elementary","18","R","R","R","R","R","R","R","R","14"
"18K268","P.S. 268 Emma Lazarus","Elementary","18","R","R","R","R","R","R","R","R","14"
"18K272","P.S. 272 Curtis Estabrook","Elementary","18","R","R","R","R","R","R","R","R","30"
"18K276","P.S. 276 Louis Marshall","Elementary","18","R","R","R","R","R","R","R","R","7"
"18K279","P.S. 279 Herman Schreiber","Elementary","18","R","R","R","R","R","R","R","R","19"
"18K285","I.S. 285 Meyer Levin","Junior High-Intermediate-Middle","18","R","R","R","R","R","R","R","R","97"
"18K366","The Science And Medicine Middle School","Junior High-Intermediate-Middle","18","R","R","R","R","R","R","R","R","97"
"18K563","It Takes a Village Academy","High school","18","R","11","R","R","R","43","R","R","64"
"18K566","Brooklyn Generation School","High school","18","R","R","R","R","R","R","R","R","27"
"18K567","Brooklyn Theatre Arts High School","High school","18","R","R","R","R","R","R","R","R","107"
"18K569","Kurt Hahn Expeditionary Learning School","High school","18","R","R","R","R","R","R","R","R","67"
"18K576","Victory Collegiate High School","High school","18","R","R","R","R","R","R","R","R","23"
"18K578","Brooklyn Bridge Academy","High school","18","R","R","R","R","R","R","R","R","0"
"18K581","East Flatbush Community Research School","Junior High-Intermediate-Middle","18","R","R","R","R","R","R","R","R","20"
"18K588","Middle School for Art and Philosophy","Junior High-Intermediate-Middle","18","R","R","R","R","R","R","R","R","56"
"18K589","Arts & Media Preparatory Academy","High school","18","R","R","R","R","R","R","R","R","22"
"18K598","Middle School of Marketing and Legal Studies","Junior High-Intermediate-Middle","18","R","R","R","R","R","R","R","R","R"
"18K617","High School for Innovation in Advertising and Medi","High school","18","R","R","R","R","R","R","R","R","115"
"18K629","Cultural Academy for the Arts and Sciences","High school","18","R","R","R","R","R","R","R","R","89"
"18K633","High School for Medical Professions","High school","18","R","R","R","R","R","R","R","R","62"
"18K635","Olympus Academy","High school","18","R","R","R","R","R","R","R","R","30"
"18K637","Academy for Conservation and the Environment","High school","18","R","R","R","R","R","R","R","R","29"
"18K642","Urban Action Academy","High school","18","R","R","R","R","R","R","R","R","95"
"18K673","East Brooklyn Community High School","High school","18","R","R","R","R","R","R","R","R","19"
"18K763","Brooklyn Science and Engineering Academy","Junior High-Intermediate-Middle","18","R","R","R","R","R","R","R","R","0"
"18K922","South Shore Educational Complex Yabc","High school","18","R","R","R","R","R","R","R","R","0"
"19K007","P.S. 007 Abraham Lincoln","Elementary","19","R","R","R","R","R","R","R","R","13"
"19K013","P.S. 013 Roberto Clemente","Elementary","19","R","R","R","R","R","R","R","R","R"
"19K065","P.S. 065","Elementary","19","R","R","R","R","R","R","R","R","0"
"19K089","P.S. 089 Cypress Hills","K-8","19","R","11","R","R","R","8","R","R","38"
"19K108","P.S. 108 Sal Abbracciamento","Elementary","19","R","R","R","R","R","R","R","R","10"
"19K149","P.S. 149 Danny Kaye","Elementary","19","R","R","R","R","R","R","R","R","11"
"19K158","P.S. 158 Warwick","Elementary","19","R","R","R","R","R","R","R","R","8"
"19K159","P.S. 159 Isaac Pitkin","Elementary","19","R","R","R","R","R","R","R","R","73"
"19K171","I.S. 171 Abraham Lincoln","Junior High-Intermediate-Middle","19","R","11","R","R","R","32","R","R","64"
"19K190","P.S. 190 Sheffield","Elementary","19","R","R","R","R","R","R","R","R","0"
"19K202","P.S. 202 Ernest S. Jenkyns","Elementary","19","R","R","R","R","R","R","R","R","30"
"19K213","P.S. 213 New Lots","Elementary","19","R","R","R","R","R","R","R","R","15"
"19K214","P.S. 214 Michael Friedsam","Elementary","19","R","R","R","R","R","R","R","R","42"
"19K218","J.H.S. 218 James P. Sinnott","Junior High-Intermediate-Middle","19","R","R","R","R","R","R","R","R","46"
"19K224","P.S. 224 Hale A. Woodruff","Elementary","19","R","R","R","R","R","R","R","R","R"
"19K273","P.S. 273 Wortman","Elementary","19","R","R","R","R","R","R","R","R","R"
"19K290","P.S. 290 Juan Morel Campos","Elementary","19","R","R","R","R","R","R","R","R","6"
"20K112","P.S. 112 Lefferts Park","Elementary","20","R","R","R","R","R","R","R","R","R"
"19K292","J.H.S. 292 Margaret S. Douglas","Junior High-Intermediate-Middle","19","R","R","R","R","R","R","R","R","36"
"19K306","P.S. 306 Ethan Allen","K-8","19","R","R","R","R","R","R","R","R","18"
"19K311","Essence School","Junior High-Intermediate-Middle","19","R","R","R","R","R","R","R","R","16"
"19K325","The Fresh Creek School","Elementary","19","R","R","R","R","R","R","R","R","R"
"19K328","P.S. 328 Phyllis Wheatley","Elementary","19","R","R","R","R","R","R","R","R","R"
"19K345","P.S. 345 Patrolman Robert Bolden","Elementary","19","R","R","R","R","R","R","R","R","R"
"19K346","P.S. 346 Abe Stark","Elementary","19","R","R","R","R","R","R","R","R","24"
"19K364","I.S. 364 Gateway","Junior High-Intermediate-Middle","19","R","R","R","R","R","R","R","R","13"
"19K404","Academy for Young Writers","Secondary School","19","R","R","R","R","R","R","R","R","44"
"19K409","East New York Family Academy","Secondary School","19","R","R","R","R","R","R","R","R","141"
"19K422","Spring Creek Community School","Secondary School","19","R","R","R","R","R","R","R","R","40"
"19K431","Thomas Jefferson Yabc","High school","19","R","R","R","R","R","R","R","R","R"
"19K452","Frederick Douglass Academy VIII Middle School","Junior High-Intermediate-Middle","19","R","R","R","R","R","R","R","R","44"
"19K501","Franklin K. Lane Campus YABC","High school","19","R","R","R","R","R","R","R","R","R"
"19K502","FDNY - Captain Vernon A. Richards High School for","High school","19","R","R","R","R","R","R","R","R","60"
"19K504","High School for Civil Rights","High school","19","R","R","R","R","R","R","R","R","37"
"19K507","Performing Arts and Technology High School","High school","19","R","R","R","R","R","R","R","R","67"
"19K510","World Academy for Total Community Health High Scho","High school","19","R","R","R","R","R","R","R","R","48"
"19K557","Brooklyn Gardens Elementary School","Elementary","19","R","R","R","R","R","R","R","R","0"
"19K583","Multicultural High School","High school","19","R","R","R","R","R","R","R","R","16"
"19K615","Transit Tech Career and Technical Education High S","High school","19","R","R","R","R","R","R","R","R","68"
"19K618","Academy of Innovative Technology","High school","19","R","10","R","R","R","25","R","R","47"
"19K639","Brooklyn Lab School","High school","19","R","R","R","R","R","R","R","R","73"
"19K654","Van Siclen Community Middle School","Junior High-Intermediate-Middle","19","R","R","R","R","R","R","R","R","35"
"19K659","Cypress Hills Collegiate Preparatory School","High school","19","R","R","R","R","R","R","R","R","14"
"19K660","W. H. Maxwell Career and Technical Education High","High school","19","R","R","R","R","R","R","R","R","67"
"19K661","Vista Academy","Junior High-Intermediate-Middle","19","R","R","R","R","R","R","R","R","66"
"19K662","Liberty Avenue Middle School","Junior High-Intermediate-Middle","19","R","R","R","R","R","R","R","R","R"
"19K663","School of the Future Brooklyn","Junior High-Intermediate-Middle","19","R","R","R","R","R","R","R","R","37"
"19K677","East New York Elementary School of Excellence","Elementary","19","R","R","R","R","R","R","R","R","11"
"19K678","East New York Middle School of Excellence","Junior High-Intermediate-Middle","19","R","R","R","R","R","R","R","R","37"
"19K683","The School for Classics: An Academy of Thinkers, W","High school","19","R","R","R","R","R","R","R","R","45"
"19K760","Highland Park Community School","Junior High-Intermediate-Middle","19","R","R","R","R","R","R","R","R","11"
"19K764","The Urban Assembly School for Collaborative Health","High school","19","R","R","R","R","R","R","R","R","18"
"20K030","P.S./I.S. 30 Mary White Ovington","K-8","20","R","R","R","R","R","R","R","R","25"
"20K048","P.S. 048 Mapleton","Elementary","20","R","R","R","R","R","R","R","R","9"
"20K062","J.H.S. 062 Ditmas","Junior High-Intermediate-Middle","20","R","7","R","R","R","33","R","R","64"
"20K069","P.S. 69 Vincent D. Grippo School","Elementary","20","R","R","R","R","R","R","R","R","6"
"20K102","P.S. 102 The Bayview","Elementary","20","R","R","R","R","R","R","R","R","R"
"20K104","P.S./I.S. 104 The Fort Hamilton School","K-8","20","R","R","R","R","R","R","R","R","35"
"20K105","P.S. 105 The Blythebourne","Elementary","20","R","R","R","R","R","R","R","R","R"
"20K127","P.S. 127 Mckinley Park","Elementary","20","R","R","R","R","R","R","R","R","0"
"20K160","P.S. 160 William T. Sampson","Elementary","20","R","R","R","R","R","R","R","R","6"
"20K163","P.S. 163 Bath Beach","K-8","20","R","R","R","R","R","R","R","R","9"
"20K164","P.S. 164 Caesar Rodney","Elementary","20","R","R","R","R","R","R","R","R","0"
"20K170","Ralph A. Fabrizio School","Elementary","20","R","R","R","R","R","R","R","R","11"
