"date","league_name","borough","asset_number"
"2017-03-23T00:00:00.000","w.o.r.ks Little League","Q","AED - 1538"
"2017-02-28T00:00:00.000","78th Precinct Youth Council","B","AED - 1339"
"2017-04-21T00:00:00.000","Harlem RBI","X","AED - 0280"
"2017-03-23T00:00:00.000","Forest Hills Pony League - The Cage","Q","AED - 0568"
"2017-02-28T00:00:00.000","St. Columba Youth Council","B","AED - 0522"
"2017-03-02T00:00:00.000","West Side Little League","M","AED - 0233"
"2017-04-04T00:00:00.000","Bulldog Ball Club","M","AED - 0234"
"2017-03-02T00:00:00.000","West Side Little League","M","AED - 1310"
"2017-03-02T00:00:00.000","West Side Little League","M","AED - 0226"
"2017-03-03T00:00:00.000","Yorkville Youth Athletic Association Inc.","M","AED - 0023"
"2017-03-03T00:00:00.000","Yorkville Youth Athletic Association Inc.","M","AED - 0199"
"2017-03-03T00:00:00.000","Yorkville Youth Athletic Association Inc.","M","AED - 0115"
"2017-02-28T00:00:00.000","Gravesend Athletic Association","B","AED - 0907"
"2017-03-01T00:00:00.000","NYC Middle School Baseball League","Q","AED - 0470"
"2017-03-23T00:00:00.000","w.o.r.ks Little League","Q","AED - 0415"
"2017-03-02T00:00:00.000","NYC Middle School Baseball League","Q","AED - 1495"
"2017-03-08T00:00:00.000","New York Empire Baseball","M","AED - 0046"
"2017-04-27T00:00:00.000","Good Shepherd Sports","B","AED - 0117"
"2017-03-01T00:00:00.000","Dwarf Giraffe Athletic League","Q","AED - 1264"
"2017-02-28T00:00:00.000","St. Columba Youth Council","B","AED - 0477"
"2017-03-01T00:00:00.000","College Point Little League","Q","AED - 0393"
"2017-03-03T00:00:00.000","Yorkville Youth Athletic Association Inc.","M","AED - 0220"
"2017-03-01T00:00:00.000","NYC Middle School Baseball League","Q","AED - 0437"
"2017-03-03T00:00:00.000","Yorkville Youth Athletic Association Inc.","M","AED - 0052"
"2017-04-21T00:00:00.000","Downtown Manhattan Little League","M","AED - 0050"
"2017-03-02T00:00:00.000","West Side Little League","M","AED - 0047"
"2017-03-02T00:00:00.000","West Side Little League","M","AED - 0061"
"2017-01-03T00:00:00.000","RGMVM LL","Q","AED - 0399"
"2017-03-01T00:00:00.000","NYC Middle School Baseball League","Q","AED - 0404"
"2017-03-23T00:00:00.000","w.o.r.ks Little League","Q","AED - 0418"
"2017-02-28T00:00:00.000","SFX Youth Sports","B","AED - 0466"
"2017-03-27T00:00:00.000","SLAA CYO","Q","AED - 1223"
"2017-03-23T00:00:00.000","OLBS CYO","Q","AED - 1525"
"2017-05-11T00:00:00.000","CYO Baseball - St. Nicholas of Tolentine","Q","AED - 1351-S"
"2017-03-01T00:00:00.000","College Point Little League","Q","AED - 0413"
"2017-02-28T00:00:00.000","Camp Friendship","B","AED - 0479"
"2017-03-01T00:00:00.000","Mets Sandlot Baseball League","Q","AED - 0464"
"2017-02-28T00:00:00.000","Joe Torre East Highway Little League","B","AED - 0497"
"2017-03-01T00:00:00.000","NYC Middle School Baseball League","Q","AED - 0389"
"2017-05-01T00:00:00.000","Our Lady of Solace Baseball","B","AED - 1506"
"2017-03-01T00:00:00.000","Jamaica Estates Holliswood Briarwood Little League","Q","AED - 1496"
"2017-02-28T00:00:00.000","BROOKLYN/QUEENS CYO (ST. STANS)","B","AED - 0469"
"2017-02-28T00:00:00.000","Camp Friendship","B","AED - 0476"
"2017-03-30T00:00:00.000","Harlem Little League","M","AED - 0066"
"2017-02-28T00:00:00.000","St. Columba Youth Council","B","AED - 0523"
"2017-04-04T00:00:00.000","Bulldog Ball Club","M","AED - 0069"
"2017-03-03T00:00:00.000","Yorkville Youth Athletic Association Inc.","M","AED - 0120"
"2017-02-28T00:00:00.000","68th Precinct Youth Council","B","AED - 0516"
"2017-04-04T00:00:00.000","Bulldog Ball Club","M","AED - 1954"
"2017-03-01T00:00:00.000","Dwarf Giraffe Athletic League","Q","AED - 0592"
"2017-02-28T00:00:00.000","Blue Storm athletics Inc","B","AED - 0546"
"2017-03-10T00:00:00.000","NY Dodgers All Sports Org.","X","AED - 1435"
"2017-02-28T00:00:00.000","St. Columba Youth Council","B","AED - 0474"
"2017-03-23T00:00:00.000","w.o.r.ks Little League","Q","AED - 1537"
"2017-03-23T00:00:00.000","w.o.r.ks Little League","Q","AED - 1531"
"2017-03-23T00:00:00.000","w.o.r.ks Little League","Q","AED - 0392"
"2017-03-01T00:00:00.000","Rosedale Little League Baseball Inc","Q","AED - 0414"
"2017-03-03T00:00:00.000","Yorkville Youth Athletic Association Inc.","M","AED - 1475"
"2017-03-23T00:00:00.000","Dwarf Giraffe Athletic League","Q","AED - 1240"
"1900-01-03T00:00:00.000","RGMVM LL","Q","AED - 0390"
"2017-03-01T00:00:00.000","Diamond Pros","Q","AED - 1502"
"2017-03-02T00:00:00.000","Our Lady Of Sorrows Kids Sparkle Little League","M","AED - 1365"
"2017-03-23T00:00:00.000","Dwarf Giraffe Athletic League","Q","AED - 1534"
"2017-03-27T00:00:00.000","SLAA CYO","Q","AED - 1528"
"2017-03-01T00:00:00.000","Edge Little League","Q","AED - 1557"
"2017-04-21T00:00:00.000","Dodgers Elite","Q","AED - 1708-S"
"2017-03-03T00:00:00.000","Yorkville Youth Athletic Association Inc.","M","AED - 0008"
"2017-03-01T00:00:00.000","Diamond Pros","Q","AED - 0424"
"2017-03-03T00:00:00.000","Yorkville Youth Athletic Association Inc.","M","AED - 0036"
"2017-03-01T00:00:00.000","NYC Middle School Baseball League","Q","AED - 1514"
"2017-02-28T00:00:00.000","St Anselms","B","AED - 0449"
"1900-01-03T00:00:00.000","RGMVM LL","Q","AED - 0440"
"2017-04-04T00:00:00.000","Bulldog Ball Club","M","AED - 1963"
"2017-03-01T00:00:00.000","Diamond Pros","Q","AED - 0423"
"2017-03-02T00:00:00.000","Hector ONeal Sport","M","AED - 1596"
"2017-03-23T00:00:00.000","Bayside Little League","Q","AED - 1554"
"2017-03-02T00:00:00.000","West Side Little League","M","AED - 1494"
"2017-04-15T00:00:00.000","St Athanasius Youth Program","B","AED - 1957"
"2017-03-01T00:00:00.000","Mets Sandlot Baseball League","Q","AED - 1504"
"2017-02-28T00:00:00.000","78th Precinct Youth Council","B","AED - 1636"
"2017-03-03T00:00:00.000","Yorkville Youth Athletic Association Inc.","M","AED - 0219"
"2017-03-23T00:00:00.000","La Javilla LL Baseball","Q","AED - 0597"
"2017-02-28T00:00:00.000","St Anselms","B","AED - 0487"
"2017-03-23T00:00:00.000","Little Neck Douglaston Little League","Q","AED - 1241"
"2017-03-23T00:00:00.000","St. Kevin Youth Guild CYO","Q","AED - 1226"
"2017-03-02T00:00:00.000","NYC Middle School Baseball League","Q","AED - 1233"
"2017-03-01T00:00:00.000","OLBS CYO","Q","AED - 1595"
"2017-03-23T00:00:00.000","Little Neck Douglaston Little League","Q","AED - 1536"
"2017-03-01T00:00:00.000","NYC Middle School Baseball League","Q","AED - 1559"
"2017-03-23T00:00:00.000","Little Neck Douglaston Little League","Q","AED - 1244"
"2017-03-01T00:00:00.000","Ozone Howard ll","Q","AED - 1591"
"2017-03-01T00:00:00.000","St. Adalbert CYO baseball league","Q","AED - 1583"
"2017-03-23T00:00:00.000","St Gregory The Great Athletic CYO","Q","AED - 1246"
"2017-03-04T00:00:00.000","Our Lady of Guadalupe Youth Program","B","AED - 1454"
"2017-03-02T00:00:00.000","The Baseball Center NYC","M","AED - 0003"
"2017-03-23T00:00:00.000","St Gregory The Great Athletic CYO","Q","AED - 0606"
"2017-03-27T00:00:00.000","SLAA CYO","Q","AED - 1920"
"2017-03-23T00:00:00.000","Little Neck Douglaston Little League","Q","AED - 1546"
"2017-03-23T00:00:00.000","w.o.r.ks Little League","Q","AED - 1523"
"2017-02-28T00:00:00.000","78th Precinct Youth Council","B","AED - 1316"
"2017-03-30T00:00:00.000","Harlem Little League","M","AED - 1297"
"2017-03-02T00:00:00.000","West Side Little League","M","AED - 1618"
"2017-03-02T00:00:00.000","West Side Little League","M","AED - 1610"
"2017-02-28T00:00:00.000","78th Precinct Youth Council","B","AED - 1284"
"2017-03-02T00:00:00.000","West Side Little League","M","AED - 1285"
"2017-02-28T00:00:00.000","78th Precinct Youth Council","B","AED - 0951"
"2017-02-28T00:00:00.000","78th Precinct Youth Council","B","AED - 1652"
"2017-02-28T00:00:00.000","78th Precinct Youth Council","B","AED - 1090"
"2017-02-28T00:00:00.000","78th Precinct Youth Council","B","AED - 0894"
"2017-03-01T00:00:00.000","Edge Little League","Q","AED - 0598"
"2017-03-02T00:00:00.000","West Side Little League","M","AED - 1492"
"2017-06-16T00:00:00.000","Inwood-Manhattan Little League","M","AED - 0292"
"2017-03-03T00:00:00.000","Yorkville Youth Athletic Association Inc.","M","AED - 1478"
"2017-03-02T00:00:00.000","West Side Little League","M","AED -  0160"
"2017-02-28T00:00:00.000","78th Precinct Youth Council","B","AED - 1642"
"2017-04-15T00:00:00.000","Youth Service League, Inc.","B","AED - 0165"
"2017-03-01T00:00:00.000","Ozone Howard ll","Q","AED - 0608"
"2017-08-15T00:00:00.000","PPBA/Holy Name Father's Guild","B","AED - 0338"
"2017-02-28T00:00:00.000","78th Precinct Youth Council","B","AED - 0863"
"2017-04-15T00:00:00.000","St Athanasius Youth Program","B","AED - 0129"
"2017-03-03T00:00:00.000","Yorkville Youth Athletic Association Inc.","M","AED - 0209"
"2017-03-03T00:00:00.000","Greenwich Village Little League","M","AED - 0135"
"2017-03-23T00:00:00.000","Little Neck Douglaston Little League","Q","AED - 1235"
"2017-03-03T00:00:00.000","Yorkville Youth Athletic Association Inc.","M","AED - 0214"
"2017-03-03T00:00:00.000","Yorkville Youth Athletic Association Inc.","M","AED - 0147"
"2017-02-28T00:00:00.000","78th Precinct Youth Council","B","AED - 1299"
"2017-05-12T00:00:00.000","Richmond Amatuer Sports Associacion","Q","AED - 0377"
"2017-03-03T00:00:00.000","Yorkville Youth Athletic Association Inc.","M","AED - 0207"
"2017-03-08T00:00:00.000","New York Empire Baseball","M","MISSING"
"2017-03-31T00:00:00.000","South Riverdale Little League","X","AED - 1342"
"2017-04-06T00:00:00.000","Great Kills Little League","R","AED - 0026"
"2017-03-02T00:00:00.000","West Side Little League","M","AED - 0173"
"2017-02-02T00:00:00.000","Crossover Sports","M","AED - 0157"
"2017-06-01T00:00:00.000","Parade Ground League","B","AED - 0275"
"2017-03-02T00:00:00.000","West Side Little League","M","AED - 0133"
"2017-03-02T00:00:00.000","West Side Little League","M","AED - 0017"
"2017-03-03T00:00:00.000","Yorkville Youth Athletic Association Inc.","M","AED - 0163"
"2017-03-02T00:00:00.000","West Side Little League","M","AED - 0015"
"2017-03-30T00:00:00.000","Harlem Little League","M","AED - 0301"
"2017-02-28T00:00:00.000","78th Precinct Youth Council","B","AED - 0900"
"2017-03-31T00:00:00.000","TM BASEBALL ACADEMY","X","AED - 0271"
"2017-03-03T00:00:00.000","Yorkville Youth Athletic Association Inc.","M","AED - 0201"
"2017-04-04T00:00:00.000","Bulldog Ball Club","M","AED - 1286"
"2017-03-29T00:00:00.000","Harlem RBI","M","AED - 1306"
"2017-04-06T00:00:00.000","Jewish Community Little League, Inc.","Q","AED - 1555"
"2017-03-03T00:00:00.000","NY Sluggers","X","AED - 1725-S"
"2017-03-01T00:00:00.000","NYC Middle School Baseball League","Q","AED - 1566"
"2017-04-15T00:00:00.000","St Athanasius Youth Program","B","AED - 1616"
"2017-06-01T00:00:00.000","Parade Ground League","B","AED - 0063"
"2017-03-01T00:00:00.000","NYC Middle School Baseball League","Q","AED - 0595"
"2017-03-02T00:00:00.000","West Side Little League","M","AED - 1263"
"2017-03-01T00:00:00.000","OLBS CYO","Q","AED - 1253"
"2017-02-28T00:00:00.000","78th Precinct Youth Council","B","AED - 1293"
"2017-02-28T00:00:00.000","78th Precinct Youth Council","B","AED - 1325"
"2017-02-28T00:00:00.000","78th Precinct Youth Council","B","AED - 1086"
"2017-02-28T00:00:00.000","78th Precinct Youth Council","B","AED - 0912"
"2017-02-28T00:00:00.000","78th Precinct Youth Council","B","AED - 1632"
"2017-02-28T00:00:00.000","78th Precinct Youth Council","B","AED - 1331"
"2017-02-28T00:00:00.000","God Loves Baseball Inc","B","AED - 1261"
"2017-03-01T00:00:00.000","NYC Middle School Baseball League","Q","AED - 1221"
"2017-03-01T00:00:00.000","Dwarf Giraffe Athletic League","Q","AED - 1269"
"2017-03-02T00:00:00.000","NYC Middle School Baseball League","Q","AED - 1279"
"2017-03-02T00:00:00.000","West Side Little League","M","AED - 0155"
"2017-03-02T00:00:00.000","West Side Little League","M","AED - 1303"
"2017-03-10T00:00:00.000","Bonnie Youth Club","B","AED - 1450"
"2017-03-04T00:00:00.000","SFX Youth Sports","B","AED - 1448"
"2017-02-28T00:00:00.000","78th Precinct Youth Council","B","AED - 0898"
"2017-03-01T00:00:00.000","Ozone Howard ll","Q","AED - 1571"
"2017-02-28T00:00:00.000","78th Precinct Youth Council","B","AED - 1656"
"2017-02-28T00:00:00.000","78th Precinct Youth Council","B","AED - 0866"
"2017-02-28T00:00:00.000","78th Precinct Youth Council","B","AED - 1353"
"2017-02-28T00:00:00.000","SFX Youth Sports","B","AED - 1648"
"2017-02-28T00:00:00.000","78th Precinct Youth Council","B","AED - 1359"
"2017-02-28T00:00:00.000","78th Precinct Youth Council","B","AED - 1659"
"2017-02-28T00:00:00.000","78th Precinct Youth Council","B","AED - 1340"
"2017-03-02T00:00:00.000","West Side Little League","M","AED - 1600"
"2017-03-01T00:00:00.000","NYC Middle School Baseball League","Q","AED - 1259"
"2017-03-02T00:00:00.000","West Side Little League","M","AED - 0551"
"2017-02-28T00:00:00.000","St. Patrick Baseball","B","AED - 0532"
"2017-02-28T00:00:00.000","78th Precinct Youth Council","B","AED - 1662"
"2017-03-04T00:00:00.000","Blue Storm Athletics Inc","B","AED - 1456"
"2017-03-01T00:00:00.000","Ozone Howard ll","Q","AED - 1255"
"2017-02-28T00:00:00.000","78th Precinct Youth Council","B","AED - 1092"
"2017-02-28T00:00:00.000","78th Precinct Youth Council","B","AED - 1093"
"2017-03-01T00:00:00.000","NYC Middle School Baseball League","Q","AED - 1594"
"2017-03-04T00:00:00.000","St Ephrems Baseball/Softball","B","AED - 1436"
"2017-02-28T00:00:00.000","78th Precinct Youth Council","B","AED - 0897"
"2017-03-01T00:00:00.000","Dwarf Giraffe Athletic League","Q","AED - 0613"
"2017-06-12T00:00:00.000","Kings County Baseball","B","AED - 0257"
"2017-03-02T00:00:00.000","West Side Little League","M","AED - 0542"
"2017-02-28T00:00:00.000","78th Precinct Youth Council","B","AED - 1633"
"2017-03-01T00:00:00.000","NYC Middle School Baseball League","Q","AED - 1569"
"2017-02-28T00:00:00.000","78th Precinct Youth Council","B","AED - 0915"
"2017-02-28T00:00:00.000","78th Precinct Youth Council","B","AED - 1657"
"2017-02-28T00:00:00.000","SFX Youth Sports","B","AED - 1302"
"2017-02-28T00:00:00.000","78th Precinct Youth Council","B","AED - 1098"
"2017-02-28T00:00:00.000","78th Precinct Youth Council","B","AED - 1660"
"2017-02-28T00:00:00.000","78th Precinct Youth Council","B","AED - 1096"
"2017-02-28T00:00:00.000","78th Precinct Youth Council","B","AED - 1631"
"2017-03-23T00:00:00.000","St. Kevin Youth Guild CYO","Q","AED - 1537"
"2017-02-28T00:00:00.000","78th Precinct Youth Council","B","AED - 1287"
"2017-02-28T00:00:00.000","78th Precinct Youth Council","B","AED - 0910"
"2017-03-01T00:00:00.000","GNYSSA","Q","AED - 1273"
"2017-03-01T00:00:00.000","GNYSSA","Q","AED - 1593"
"2017-02-28T00:00:00.000","78th Precinct Youth Council","B","AED - 1089"
"2017-02-28T00:00:00.000","78th Precinct Youth Council","B","AED - 1296"
"2017-02-28T00:00:00.000","78th Precinct Youth Council","B","AED - 1337"
"2017-02-28T00:00:00.000","78th Precinct Youth Council","B","AED - 0909"
"2017-02-28T00:00:00.000","78th Precinct Youth Council","B","AED - 1095"
"2017-02-28T00:00:00.000","78th Precinct Youth Council","B","AED - 1281"
"2017-02-28T00:00:00.000","78th Precinct Youth Council","B","AED - 1347"
"2017-02-28T00:00:00.000","78th Precinct Youth Council","B","AED - 1350"
"2017-03-02T00:00:00.000","NYC Middle School Baseball League","Q","AED - 1252"
"2017-02-28T00:00:00.000","78th Precinct Youth Council","B","AED - 0869"
"2017-02-28T00:00:00.000","78th Precinct Youth Council","B","AED - 1334"
"2017-02-28T00:00:00.000","78th Precinct Youth Council","B","AED - 0906"
"2017-02-28T00:00:00.000","78th Precinct Youth Council","B","AED - 1630"
"2017-04-15T00:00:00.000","St Athanasius Youth Program","B","AED - 0559"
"2017-02-28T00:00:00.000","78th Precinct Youth Council","B","AED - 1341"
"2017-04-29T00:00:00.000","Interparish Sports Association, Inc","B","AED - 1626"
"2017-02-28T00:00:00.000","78th Precinct Youth Council","B","AED - 1658"
"2017-03-04T00:00:00.000","Brooklyn Bandits/Williamsburg Sports League","B","AED - 1441"
"2017-02-28T00:00:00.000","78th Precinct Youth Council","B","AED - 0913"
"2017-03-30T00:00:00.000","Harlem Little League","M","AED - 0261"
"2017-03-04T00:00:00.000","Sports For Kids","B","AED - 1445"
"2017-02-28T00:00:00.000","St Anselms","B","AED - 1099"
"2017-02-28T00:00:00.000","78th Precinct Youth Council","B","AED - 1344"
,"NYC PARKS","X",
"2017-03-31T00:00:00.000","Hank Greenberg Little League","X","AED - 0260"
"2017-02-28T00:00:00.000","78th Precinct Youth Council","B","AED - 1087"
"2017-02-28T00:00:00.000","78th Precinct Youth Council","B","AED - 1083"
"2017-02-28T00:00:00.000","78th Precinct Youth Council","B","AED - 0895"
"2017-03-01T00:00:00.000","Dwarf Giraffe Athletic League","Q","AED - 1568"
"2017-05-03T00:00:00.000","NY Giants Youth Baseball Club","M","AED-0286"
"2017-05-12T00:00:00.000","UNION Little League","X","AED - 2053"
"2017-06-16T00:00:00.000","Inwood-Manhattan Little League","M","AED - 0316"
"2017-03-31T00:00:00.000","TM BASEBALL ACADEMY","X","AED - 0378"
"2017-03-31T00:00:00.000","TM BASEBALL ACADEMY","X","AED - 0357"
"2017-03-31T00:00:00.000","Hank Greenberg Little League","X","AED - 0355"
"2017-03-02T00:00:00.000","West Side Little League","M","AED - 0178"
"2017-05-30T00:00:00.000","Kingsbridge Little League","B","AED - 0369"
"2017-05-22T00:00:00.000","Castle Hill Little League","X","AED - 0373"
"2017-03-31T00:00:00.000","Carballo Youth Baseball League","X","AED - 2060"
"2017-05-15T00:00:00.000","Caribe Baseball Little League","X","AED - 0408"
"2018-04-02T00:00:00.000","Westerleigh LL","R","AED - 2081"
"2017-03-31T00:00:00.000","TM BASEBALL ACADEMY","X","AED - 0336"
"2017-05-08T00:00:00.000","Far Rockaway RBI","Q","AED - 0284"
"2017-05-30T00:00:00.000","Kingsbridge Little League","B","AED - 0331"
"2017-05-14T00:00:00.000","Bayside Little League","Q","AED - 0287"
"2017-08-15T00:00:00.000","PPBA/Holy Name Father's Guild","B","AED - 0206"
"2017-03-01T00:00:00.000","NYC Middle School Baseball League","Q","AED - 0374"
"2017-03-31T00:00:00.000","Hank Greenberg Little League","X","AED - 0380"
"2017-03-31T00:00:00.000","TM BASEBALL ACADEMY","X","AED - 2049"
"2017-05-30T00:00:00.000","Kingsbridge Little League","B","AED - 0370"
"2017-05-30T00:00:00.000","Kingsbridge Little League","B","AED - 0367"
"1900-01-03T00:00:00.000","RGMVM LL","Q","AED - 1511"
"2017-03-23T00:00:00.000","w.o.r.ks Little League","Q","AED - 1551"
"2018-03-19T00:00:00.000","St. Joseph CYO","Q","AED - 0294"
"2017-03-01T00:00:00.000","College Point Little League","Q","AED - 0381"
"2017-03-31T00:00:00.000","Hank Greenberg Little League","X","AED - 0273"
"2017-03-01T00:00:00.000","College Point Little League","Q","AED - 0382"
"2017-05-15T00:00:00.000","Caribe Baseball Little League","X","AED - 0410"
"2017-04-07T00:00:00.000","East Harlem Little League","M","AED - 0062"
"2017-03-31T00:00:00.000","TM BASEBALL ACADEMY","X","AED - 0325"
"2017-03-01T00:00:00.000","NYC Middle School Baseball League","Q","AED - 0361"
"2017-05-22T00:00:00.000","Castle Hill Little League","X","AED - 0200"
"2017-05-15T00:00:00.000","Oval Community Youth Program","X","AED - 0375"
"2017-03-02T00:00:00.000","West Side Little League","M","AED - 0049"
"2017-05-30T00:00:00.000","Kingsbridge Little League","B","AED - 0351"
"2017-05-19T00:00:00.000","New York Grays Baseball Club","X","AED - 0321"
"2017-04-29T00:00:00.000","Interparish Sports Association, Inc","B","AED - 0224"
"2017-05-30T00:00:00.000","Kingsbridge Little League","B","AED - 2050"
"2017-05-25T00:00:00.000","Mosholu Mostefiore C.C.","X","AED - 0372"
"2017-05-22T00:00:00.000","Castle Hill Little League","X","AED - 0406"
"2017-05-12T00:00:00.000","Richmond Amatuer Sports Associacion","Q","AED - 0368"
"2017-05-15T00:00:00.000","Caribe Baseball Little League","X","AED - 0365"
"2017-08-15T00:00:00.000","PPBA/Holy Name Father's Guild","B","AED - 0337"
"2017-05-25T00:00:00.000","Mosholu Mostefiore C.C.","X","AED - 0363"
"2017-03-01T00:00:00.000","College Point Little League","Q","AED - 0388"
"2017-07-12T00:00:00.000","Bronx Elite","X","AED - 0334"
"2017-05-30T00:00:00.000","Kingsbridge Little League","B","AED - 0332"
"2017-05-30T00:00:00.000","Kingsbridge Little League","B","AED - 0327"
"2017-03-01T00:00:00.000","NYC Middle School Baseball League","Q","AED - 0409"
"2017-03-30T00:00:00.000","Harlem Little League","M","AED - 0283"
"2017-03-27T00:00:00.000","Peter Stuyvesant Little League","M","AED - 0146"
"2017-05-01T00:00:00.000","Our Lady of Solace Baseball","B","AED - 0556"
"2017-05-30T00:00:00.000","Kingsbridge Little League","B","AED - 0320"
"2017-03-31T00:00:00.000","Carballo Youth Baseball League","X","AED - 0339"
"2017-03-31T00:00:00.000","Carballo Youth Baseball League","X","AED - 0326"
"2017-03-30T00:00:00.000","Harlem Little League","M","AED - 0314"
"2017-03-31T00:00:00.000","Carballo Youth Baseball League","X","AED - 0359"
"2017-03-30T00:00:00.000","Harlem Little League","M","AED - 0221"
"2017-03-02T00:00:00.000","West Side Little League","M","AED - 1491"
"2017-03-31T00:00:00.000","Carballo Youth Baseball League","X","AED - 0288"
"2017-05-01T00:00:00.000","Our Lady of Solace Baseball","B","AED - 0266"
"2017-03-01T00:00:00.000","OLBS CYO","Q","AED - 1587"
"2017-05-12T00:00:00.000","Richmond Amatuer Sports Associacion","Q","AED - 0316"
"2017-03-01T00:00:00.000","Jamaica Estates Holliswood Briarwood Little League","Q","AED - 0616"
"2017-03-29T00:00:00.000","Harlem RBI","M","AED - 0152"
"2017-03-31T00:00:00.000","TM BASEBALL ACADEMY","X","AED - 0329"
"2017-03-31T00:00:00.000","Carballo Youth Baseball League","X","AED - 2056"
,"NYC PARKS","R","AED - 2078"
"2017-05-30T00:00:00.000","Kingsbridge Little League","B","AED - 2047"
"2017-05-12T00:00:00.000","Richmond Amatuer Sports Associacion","Q","AED - 0371"
"2017-03-31T00:00:00.000","Hank Greenberg Little League","X","AED - 0354"
"2017-03-02T00:00:00.000","West Side Little League","M","AED - 0181"
"2017-03-31T00:00:00.000","Jaws Little League","X","AED - 0333"
"2017-05-14T00:00:00.000","Bayside Little League","Q","AED - 0313"
"2017-03-02T00:00:00.000","Hector ONeal Sport","M","AED - 0182"
"2017-06-13T00:00:00.000","Bedford Stuyvesant Sluggers Baseball League","B","AED - 0293"
"2017-05-30T00:00:00.000","Kingsbridge Little League","B","AED - 2046"
"2017-05-14T00:00:00.000","Bayside Little League","Q","AED - 0282"
"2017-05-15T00:00:00.000","Caribe Baseball Little League","X","AED - 0197"
"2017-05-14T00:00:00.000","Bayside Little League","Q","AED - 0317"
"2017-05-08T00:00:00.000","Far Rockaway RBI","Q","AED - 0315"
"2017-03-31T00:00:00.000","Carballo Youth Baseball League","X","AED - 0360"
"2017-03-31T00:00:00.000","TM BASEBALL ACADEMY","X","AED - 0203"
"2017-08-15T00:00:00.000","PPBA/Holy Name Father's Guild","B","AED - 0318"
"2017-04-15T00:00:00.000","Youth Service League, Inc.","B","AED - 0145"
"2017-05-30T00:00:00.000","Kingsbridge Little League","B","AED - 0340"
"2017-05-30T00:00:00.000","Kingsbridge Little League","B","AED - 0330"
"2017-03-03T00:00:00.000","Yorkville Youth Athletic Association Inc.","M","AED - 0208"
"2017-03-31T00:00:00.000","Jaws Little League","X","AED - 0362"
"2017-05-22T00:00:00.000","Liga Juan Mendozu","M","AED - 2068"
"2017-03-31T00:00:00.000","Jaws Little League","X","AED - 0353"
"2017-02-28T00:00:00.000","78th Precinct Youth Council","B","AED - 0872"
"2017-06-16T00:00:00.000","Inwood-Manhattan Little League","M","AED - 0285"
"2017-05-12T00:00:00.000","UNION Little League","X","AED - 0383"
"2017-03-03T00:00:00.000","Yorkville Youth Athletic Association Inc.","M","AED - 0189"
"2017-03-08T00:00:00.000","New York Empire Baseball","M","AED - 1969"
"2017-03-23T00:00:00.000","w.o.r.ks Little League","Q","AED - 1245"
"2017-03-01T00:00:00.000","NYC Middle School Baseball League","Q","AED - 1592"
"2017-03-23T00:00:00.000","Dwarf Giraffe Athletic League","Q","AED - 1225"
"2017-03-23T00:00:00.000","Little Neck Douglaston Little League","Q","AED - 1234"
"2017-03-27T00:00:00.000","Peter Stuyvesant Little League","M","AED - 0128"
"2017-02-28T00:00:00.000","78th Precinct Youth Council","B","AED - 0903"
"2017-04-04T00:00:00.000","Bulldog Ball Club","M","AED - 0025"
"2017-04-27T00:00:00.000","Good Shepherd Sports","B","AED - 0139"
"2017-03-02T00:00:00.000","West Side Little League","M","AED - 0183"
"1900-01-03T00:00:00.000","RGMVM LL","Q","AED - 0376"
"2017-02-28T00:00:00.000","78th Precinct Youth Council","B","AED - 1637"
"2017-03-01T00:00:00.000","St. Adalbert CYO baseball league","Q","AED - 1572"
"2017-02-28T00:00:00.000","78th Precinct Youth Council","B","AED - 1661"
"2017-03-23T00:00:00.000","Bayside Little League","Q","AED - 1248"
"2017-03-04T00:00:00.000","Amity Little League","B","AED - 1447"
"2017-03-02T00:00:00.000","West Side Little League","M","AED - 1266"
"2017-03-01T00:00:00.000","Dwarf Giraffe Athletic League","Q","AED - 1082"
"2017-04-21T00:00:00.000","Downtown Manhattan Little League","M","AED - 0148"
"2017-03-31T00:00:00.000","Good Shepherd Sports","B","AED - 1442"
,"NYC PARKS","M",
"2017-03-01T00:00:00.000","Glen Oaks Little League","Q","AED - 0429"
"2017-05-30T00:00:00.000","Kingsbridge Little League","B","AED - 0335"
"2017-03-08T00:00:00.000","New York Empire Baseball","M","AED - 1622"
"2017-05-19T00:00:00.000","New York Grays Baseball Club","X","AED - 0358"
"2017-05-30T00:00:00.000","Kingsbridge Little League","B","AED - 0366"
"2017-02-28T00:00:00.000","78th Precinct Youth Council","B","AED - 1313"
"2017-03-01T00:00:00.000","Dwarf Giraffe Athletic League","Q","AED - 1270"
"2017-02-28T00:00:00.000","St. Patrick Baseball","B","AED - 0531"
"2017-03-08T00:00:00.000","New York Empire Baseball","M","AED - 1503"
"2017-02-28T00:00:00.000","Joe Torre East Highway Little League","B","AED - 1322"
"2017-03-02T00:00:00.000","West Side Little League","M","AED - 1611"
"2017-03-02T00:00:00.000","West Side Little League","M","AED - 0919"
"2017-03-03T00:00:00.000","Greenwich Village Little League","M","AED - 1691-S"
"2017-04-07T00:00:00.000","East Harlem Little League","M","AED - 1295"
"2017-03-23T00:00:00.000","Little Neck Douglaston Little League","Q","AED - 0575"
,"NYC PARKS","M","AED - 1364-S"
"2017-03-23T00:00:00.000","Dwarf Giraffe Athletic League","Q","AED - 0579"
"2017-03-02T00:00:00.000","West Side Little League","M","AED - 0536"
"2017-02-28T00:00:00.000","St. Columba Youth Council","B","AED - 0527"
"2017-02-28T00:00:00.000","St Anselms","B","AED - 0471"
"2017-03-23T00:00:00.000","w.o.r.ks Little League","Q","AED - 0576"
"2017-05-14T00:00:00.000","Bayside Little League","Q","AED - 0305"
"2017-02-28T00:00:00.000","SFX Youth Sports","B","AED - 0490"
"2017-02-28T00:00:00.000","St. Columba Youth Council","B","AED - 0530"
"2017-03-23T00:00:00.000","Little Neck Douglaston Little League","Q","AED - 0578"
"2017-03-03T00:00:00.000","Yorkville Youth Athletic Association Inc.","M","AED - 0198"
"2017-03-23T00:00:00.000","w.o.r.ks Little League","Q","AED - 1550"
"2017-03-03T00:00:00.000","Yorkville Youth Athletic Association Inc.","M","AED - 0020"
"2017-03-23T00:00:00.000","St Gregory The Great Athletic CYO","Q","AED - 0581"
"2017-03-03T00:00:00.000","Yorkville Youth Athletic Association Inc.","M","AED - 0044"
"2017-02-28T00:00:00.000","St. Patrick Baseball","B","AED - 0525"
"2017-03-23T00:00:00.000","w.o.r.ks Little League","Q","AED - 0571"
"2017-04-06T00:00:00.000","Great Kills Little League","R","AED - 0125"
"2017-03-03T00:00:00.000","Yorkville Youth Athletic Association Inc.","M","AED - 0011"
"2017-04-06T00:00:00.000","Great Kills Little League","R","AED - 0029"
"2017-04-27T00:00:00.000","Good Shepherd Sports","B","AED - 0154"
"2017-02-28T00:00:00.000","St. Patrick Baseball","B","AED - 0540"
"2017-03-31T00:00:00.000","Jaws Little League","X","AED - 2057"
,"NYC PARKS","M","AED - 0018"
"2017-03-03T00:00:00.000","Yorkville Youth Athletic Association Inc.","M","AED - 0132"
"2017-02-28T00:00:00.000","St. Columba Youth Council","B","AED - 0524"
"2017-03-03T00:00:00.000","Yorkville Youth Athletic Association Inc.","M","AED - 0021"
"2017-03-01T00:00:00.000","Dwarf Giraffe Athletic League","Q","AED - 1267"
"2017-03-02T00:00:00.000","West Side Little League","M","AED - 1251"
"2017-03-23T00:00:00.000","St Gregory The Great Athletic CYO","Q","AED - 0587"
"2017-03-27T00:00:00.000","Peter Stuyvesant Little League","M","AED - 1078"
"2017-03-15T00:00:00.000","District 11","M","AED - 0153"
"2017-03-08T00:00:00.000","New York Empire Baseball","M","AED - 0222"
"2017-02-28T00:00:00.000","78th Precinct Youth Council","B","AED - 0456"
"2017-03-03T00:00:00.000","Greenwich Village Little League","M","AED - 1283"
"2017-03-08T00:00:00.000","New York Empire Baseball","M","AED - 0174"
"2017-03-02T00:00:00.000","Hector ONeal Sport","M","AED - 0122"
"2017-03-27T00:00:00.000","SLAA CYO","Q","AED - 1935"
"2017-04-04T00:00:00.000","Downtown Manhattan Little League","M","AED - 0188"
"2017-03-28T00:00:00.000","CHSAA -  Regis HS","M","AED - 0013"
"2017-02-28T00:00:00.000","68th Precinct Youth Council","B","AED - 0501"
"2017-03-02T00:00:00.000","West Side Little League","M","AED - 0232"
"2017-03-02T00:00:00.000","NYC Middle School Baseball League","Q","AED - 1272"
"2017-02-28T00:00:00.000","St. Columba Youth Council","B","AED - 0507"
"2017-02-28T00:00:00.000","Camp Friendship","B","AED - 0518"
"2017-04-15T00:00:00.000","Youth Service League, Inc.","B","AED - 0796"
,"NYC PARKS",,
"2017-03-23T00:00:00.000","Glen Oaks Little League","Q","AED - 1532"
"2017-02-28T00:00:00.000","Gravesend Athletic Association","B","AED - 0499"
"2017-03-23T00:00:00.000","Charter School Athletic Association","Q","AED - 1542"
"2017-02-28T00:00:00.000","St. Columba Youth Council","B","AED - 0514"
"2017-03-23T00:00:00.000","w.o.r.ks Little League","Q","AED - 0615"
"2017-02-28T00:00:00.000","78th Precinct Youth Council","B","AED - 0904"
"2017-03-23T00:00:00.000","w.o.r.ks Little League","Q","AED - 0582"
"2017-03-23T00:00:00.000","Christ the King HS","Q","AED - 0577"
"2017-04-06T00:00:00.000","Staten Island Orioles","R","AED - 1914"
"2017-03-03T00:00:00.000","Yorkville Youth Athletic Association Inc.","M","AED - 0190"
"2017-02-28T00:00:00.000","78th Precinct Youth Council","B","AED - 0918"
"2017-02-28T00:00:00.000","St. Columba Youth Council","B","AED - 0517"
"2017-03-03T00:00:00.000","Yorkville Youth Athletic Association Inc.","M","AED - 0141"
"2017-02-28T00:00:00.000","78th Precinct Youth Council","B","AED - 1643"
"2017-02-28T00:00:00.000","78th Precinct Youth Council","B","AED - 0441"
"2017-02-28T00:00:00.000","SFX Youth Sports","B","AED - 0495"
"2017-03-08T00:00:00.000","New York Empire Baseball","M","AED - 0123"
"2017-02-28T00:00:00.000","St. Columba Youth Council","B","AED - 0563"
"2017-03-03T00:00:00.000","Yorkville Youth Athletic Association Inc.","M","AED - 0016"
"2017-04-27T00:00:00.000","Good Shepherd Sports","B","AED - 0171"
"2017-03-23T00:00:00.000","Dwarf Giraffe Athletic League","Q","AED - 1539"
"2017-02-28T00:00:00.000","78th Precinct Youth Council","B","AED - 1655"
"2017-03-01T00:00:00.000","Edge Little League","Q","AED - 1558"
"2017-02-28T00:00:00.000","SFX Youth Sports","B","AED - 0494"
"2017-03-03T00:00:00.000","Yorkville Youth Athletic Association Inc.","M","AED - 0019"
"2017-03-23T00:00:00.000","Charter School Athletic Association","Q","AED - 0594"
"2017-02-28T00:00:00.000","St. Columba Youth Council","B","AED - 0503"
"2017-02-28T00:00:00.000","St. Columba Youth Council","B","AED - 0519"
"2017-02-28T00:00:00.000","68th Precinct Youth Council","B","AED - 0537"
"2017-03-15T00:00:00.000","District 11","M","AED - 1619"
"2017-02-28T00:00:00.000","St. Patrick Baseball","B","AED - 0543"
"2017-04-06T00:00:00.000","Great Kills Little League","R","AED - 0126"
"2017-03-03T00:00:00.000","Yorkville Youth Athletic Association Inc.","M","AED - 0022"
"2017-02-28T00:00:00.000","68th Precinct Youth Council","B","AED - 0504"
"2017-03-02T00:00:00.000","West Side Little League","M","AED - 0161"
"2017-03-02T00:00:00.000","West Side Little League","M","AED - 1612"
"2017-03-03T00:00:00.000","Yorkville Youth Athletic Association Inc.","M","AED - 0184"
"2017-05-04T00:00:00.000","NY Bluebirds Youth Baseball","M","AED - 0896"
"2017-02-28T00:00:00.000","St. Columba Youth Council","B","AED - 0428"
"2017-03-03T00:00:00.000","Greenwich Village Little League","M","AED - 0892"
"2017-02-28T00:00:00.000","SFX Youth Sports","B","AED - 0506"
"2017-02-28T00:00:00.000","St. Columba Youth Council","B","AED - 0485"
"2017-03-04T00:00:00.000","Blue Storm Athletics Inc","B","AED - 1439"
"2017-03-23T00:00:00.000","w.o.r.ks Little League","Q","AED - 0567"
"2017-02-28T00:00:00.000","SFX Youth Sports","B","AED - 0462"
"2017-03-23T00:00:00.000","Bayside Little League","Q","AED - 1229"
"2017-02-28T00:00:00.000","SFX Youth Sports","B","AED - 0492"
"2017-02-28T00:00:00.000","St. Patrick Baseball","B","AED - 0555"
"2017-03-03T00:00:00.000","Yorkville Youth Athletic Association Inc.","M","AED - 0158"
"2017-02-28T00:00:00.000","St. Columba Youth Council","B","AED - 0532"
"2017-02-28T00:00:00.000","SFX Youth Sports","B","AED - 0512"
"2017-03-23T00:00:00.000","Christ the King HS","Q","AED - 0584"
"2017-02-28T00:00:00.000","78th Precinct Youth Council","B","AED - 1635"
"2017-02-28T00:00:00.000","78th Precinct Youth Council","B","AED - 0448"
"2017-02-28T00:00:00.000","St Anselms","B","AED - 0493"
"2017-02-28T00:00:00.000","78th Precinct Youth Council","B","AED - 0496"
"2017-06-01T00:00:00.000","Parade Ground League","B","AED - 0289"
"2017-03-23T00:00:00.000","Bayside Little League","Q","AED - 1938"
"2017-03-23T00:00:00.000","w.o.r.ks Little League","Q","AED - 0586"
"2017-03-04T00:00:00.000","Brooklyn Bandits/Williamsburg Sports League","B","AED - 1444"
"2017-03-23T00:00:00.000","Little Neck Douglaston Little League","Q","AED - 0569"
"2017-03-31T00:00:00.000","International Baseball Little League","X","AED - 2054"
"2017-03-23T00:00:00.000","w.o.r.ks Little League","Q","AED - 0573"
"2017-02-28T00:00:00.000","SFX Youth Sports","B","AED - 0498"
"2017-03-01T00:00:00.000","Dwarf Giraffe Athletic League","Q","AED - 1510"
"2017-03-14T00:00:00.000","Dyker Heights Athletic Association","B","AED - 0528"
"2017-03-23T00:00:00.000","w.o.r.ks Little League","Q","AED - 1929"
"2017-03-23T00:00:00.000","Little Neck Douglaston Little League","Q","AED - 1231"
"2017-03-23T00:00:00.000","Christ the King HS","Q","AED - 1549"
"2017-03-23T00:00:00.000","w.o.r.ks Little League","Q","AED - 1540"
"2017-03-01T00:00:00.000","NYC Middle School Baseball League","Q","AED - 1079"
"2017-03-23T00:00:00.000","St Gregory The Great Athletic CYO","Q","AED - 0564"
"2017-03-01T00:00:00.000","NYC Middle School Baseball League","Q","AED - 1236"
"2017-03-23T00:00:00.000","w.o.r.ks Little League","Q","AED - 1239"
"2017-03-04T00:00:00.000","Our Future youth","B","AED - 0561"
"2017-02-28T00:00:00.000","St. Columba Youth Council","B","AED - 0486"
"2017-03-23T00:00:00.000","Forest Hills Pony League - The Cage","Q","AED - 0588"
"2017-03-01T00:00:00.000","NYC Middle School Baseball League","Q","AED - 0407"
"2017-02-28T00:00:00.000","Brooklyn Wrath Baseball","B","AED - 0538"
"2017-03-23T00:00:00.000","St Gregory The Great Athletic CYO","Q","AED - 0600"
"2017-02-28T00:00:00.000","78th Precinct Youth Council","B","AED - 1644"
"2017-03-03T00:00:00.000","Yorkville Youth Athletic Association Inc.","M","AED - 0043"
"2017-03-04T00:00:00.000","St Ephrems Baseball/Softball","B","AED - 1438"
"2017-03-23T00:00:00.000","Little Neck Douglaston Little League","Q","AED - 1522"
"2017-02-28T00:00:00.000","St. Columba Youth Council","B","AED - 0489"
"2017-02-28T00:00:00.000","68th Precinct Youth Council","B","AED - 0529"
"2017-03-23T00:00:00.000","La Javilla LL Baseball","Q","AED - 0154-S"
"2017-04-06T00:00:00.000","Jewish Community Little League, Inc.","Q","AED - 1543"
"2017-02-28T00:00:00.000","SFX Youth Sports","B","AED - 0251"
"2017-03-23T00:00:00.000","Glen Oaks Little League","Q","AED - 0612"
"2017-02-28T00:00:00.000","St. Columba Youth Council","B","AED - 0505"
"2017-01-28T00:00:00.000","High Heat Sports Academy","Q","AED - 1524"
"2017-03-23T00:00:00.000","Little Neck Douglaston Little League","Q","AED - 1923"
"2017-02-28T00:00:00.000","St. Columba Youth Council","B","AED - 0475"
"2017-03-23T00:00:00.000","Bayside Little League","Q","AED - 1932"
"2017-02-28T00:00:00.000","68th Precinct Youth Council","B","AED - 0533"
"2017-03-23T00:00:00.000","w.o.r.ks Little League","Q","AED - 0591"
"2017-02-28T00:00:00.000","St. Columba Youth Council","B","AED - 0511"
"2017-03-23T00:00:00.000","Bayside Little League","Q","AED - 1247"
"2017-03-23T00:00:00.000","Dwarf Giraffe Athletic League","Q","AED - 1238"
"2017-03-23T00:00:00.000","ASOPEC Baseball League","Q","AED - 1228"
"2017-04-10T00:00:00.000","Los Brillantes","Q","AED - 2072"
"2017-03-23T00:00:00.000","Little Neck Douglaston Little League","Q","AED - 1237"
"2017-03-02T00:00:00.000","NYC Middle School Baseball League","Q","AED - 1585"
"2017-03-23T00:00:00.000","w.o.r.ks Little League","Q","AED - 1526"
"2017-03-23T00:00:00.000","Lpfams Youth Organization","Q","AED - 1527"
"2017-03-02T00:00:00.000","NYC Middle School Baseball League","Q","AED - 1088"
"2017-03-03T00:00:00.000","Yorkville Youth Athletic Association Inc.","M","AED - 1469"
"2017-03-23T00:00:00.000","Bayside Little League","Q","AED - 1242"
"2017-03-01T00:00:00.000","NYC Middle School Baseball League","Q","AED - 1275"
"2017-03-01T00:00:00.000","Martin Luther School","Q","AED - 1085"
"2017-02-28T00:00:00.000","78th Precinct Youth Council","B","AED - 0862"
"2017-03-01T00:00:00.000","Diamond Pros","Q","AED - 1499"
"2017-03-01T00:00:00.000","NYC Middle School Baseball League","Q","AED - 0405"
"2018-03-02T00:00:00.000","Cadet Baseball Inc.","R","AED - 2075"
"2017-05-12T00:00:00.000","UNION Little League","X","AED - 0364"
"2017-02-28T00:00:00.000","78th Precinct Youth Council","B","AED - 1663"
"2017-05-12T00:00:00.000","Richmond Amatuer Sports Associacion","Q","AED - 0312"
"2017-03-02T00:00:00.000","NYC Middle School Baseball League","Q","AED - 1507"
"2017-03-01T00:00:00.000","NYC Middle School Baseball League","Q","AED - 1564"
"2017-03-23T00:00:00.000","Little Neck Douglaston Little League","Q","AED - 0609"
"2017-03-02T00:00:00.000","West Side Little League","M","AED - 0170"
"2017-02-28T00:00:00.000","78th Precinct Youth Council","B","AED - 1641"
"2017-05-08T00:00:00.000","Far Rockaway RBI","Q","AED - 0302"
"2017-03-02T00:00:00.000","West Side Little League","M","AED - 0142"
,"NYC PARKS","X",
"2017-03-01T00:00:00.000","NYC Middle School Baseball League","Q","AED - 1575"
"2017-02-28T00:00:00.000","78th Precinct Youth Council","B","AED - 1649"
"2017-05-14T00:00:00.000","Bayside Little League","Q","AED - 0272"
"2017-02-28T00:00:00.000","68th Precinct Youth Council","B","AED - 0552"
"2017-03-31T00:00:00.000","TM BASEBALL ACADEMY","X","AED - 2051"
"2017-03-04T00:00:00.000","Bonnie Youth Club","B","AED - 1459"
"2017-03-03T00:00:00.000","NY Bandits","Q","AED - 1628"
"2017-05-12T00:00:00.000","UNION Little League","X","AED - 0324"
"2017-04-15T00:00:00.000","Youth Service League, Inc.","B","AED - 1094"
,"NYC PARKS",,
"2017-03-03T00:00:00.000","Yorkville Youth Athletic Association Inc.","M","AED - 0149"
"2017-03-03T00:00:00.000","Yorkville Youth Athletic Association Inc.","M","AED - 1472"
"2017-02-28T00:00:00.000","Gravesend Athletic Association","B","AED - 1653"
"2017-02-28T00:00:00.000","78th Precinct Youth Council","B","AED - 1356"
"2017-03-23T00:00:00.000","St Gregory The Great Athletic CYO","Q","AED - 1232"
"2017-03-01T00:00:00.000","NYC Middle School Baseball League","Q","AED - 0396"
"2017-03-04T00:00:00.000","Brooklyn Bandits/Williamsburg Sports League","B","AED - 1432"
"2017-03-23T00:00:00.000","Dwarf Giraffe Athletic League","Q","AED - 0570"
"2017-02-02T00:00:00.000","Turn 2 Us @ New York Presbyterian Hospital","M","AED - 0560"
"2017-03-03T00:00:00.000","Yorkville Youth Athletic Association Inc.","M","AED - 0216"
"2017-05-14T00:00:00.000","Bayside Little League","Q","AED - 0290"
"2017-03-02T00:00:00.000","NYC Middle School Baseball League","Q","AED - 0614"
"2017-04-06T00:00:00.000","Great Kills Little League","R","AED - 0028"
"2017-03-02T00:00:00.000","West Side Little League","M","AED - 0192"
"2017-03-01T00:00:00.000","OLBS CYO","Q","AED - 1278"
"2017-03-02T00:00:00.000","West Side Little League","M","AED - 0136"
"2017-06-01T00:00:00.000","Parade Ground League","B","AED - 0267"
"2017-03-04T00:00:00.000","Our Future youth","B","AED - 1804"
"2017-03-29T00:00:00.000","Harlem RBI","M","AED - 0159"
"2017-03-01T00:00:00.000","Dwarf Giraffe Athletic League","Q","AED - 1582"
"2017-03-01T00:00:00.000","OLBS CYO","Q","AED - 1567"
"2017-03-04T00:00:00.000","Our Lady of Guadalupe Youth Program","B","AED - 1457"
"2017-05-14T00:00:00.000","Bayside Little League","Q","AED - 2066"
"2017-02-28T00:00:00.000","St. Columba Youth Council","B","AED - 0508"
"2017-03-03T00:00:00.000","Yorkville Youth Athletic Association Inc.","M","AED - 0138"
"2017-03-02T00:00:00.000","West Side Little League","M","AED - 0186"
"2017-02-28T00:00:00.000","St. Columba Youth Council","B","AED - 0515"
"2017-02-28T00:00:00.000","St. Patrick Baseball","B","AED - 0535"
"2017-02-28T00:00:00.000","68th Precinct Youth Council","B","AED - 0549"
"2017-02-28T00:00:00.000","St. Columba Youth Council","B","AED - 0520"
"2017-02-28T00:00:00.000","St. Columba Youth Council","B","AED - 0510"
"2017-05-12T00:00:00.000","Richmond Amatuer Sports Associacion","Q","AED - 0281"
"2017-03-03T00:00:00.000","Yorkville Youth Athletic Association Inc.","M","AED - 0124"
"2017-02-28T00:00:00.000","78th Precinct Youth Council","B","AED - 1665"
"2017-02-28T00:00:00.000","St. Columba Youth Council","B","AED - 0513"
"2017-03-23T00:00:00.000","Little Neck Douglaston Little League","Q","AED - 0565"
"2017-02-28T00:00:00.000","68th Precinct Youth Council","B","AED - 0534"
"2017-02-28T00:00:00.000","St Anselms","B","AED - 0491"
"2017-02-28T00:00:00.000","St. Columba Youth Council","B","AED - 0509"
"2017-05-30T00:00:00.000","Kingsbridge Little League","B","AED - 0322"
"2017-03-31T00:00:00.000","Carballo Youth Baseball League","X","AED - 0379"
"2017-05-30T00:00:00.000","Kingsbridge Little League","B","AED - 0328"
"2017-05-14T00:00:00.000","Bayside Little League","Q","AED - 0311"
"2017-03-02T00:00:00.000","West Side Little League","M","AED - 0548"
"2017-03-01T00:00:00.000","Dwarf Giraffe Athletic League","Q","AED - 0601"
"2017-03-01T00:00:00.000","Dwarf Giraffe Athletic League","Q","AED - 1274"
"2017-03-01T00:00:00.000","Dwarf Giraffe Athletic League","Q","AED - 0602"
"2017-02-28T00:00:00.000","78th Precinct Youth Council","B","AED - 1644"
"2017-02-28T00:00:00.000","78th Precinct Youth Council","B","AED - 1638"
"2017-03-01T00:00:00.000","Dwarf Giraffe Athletic League","Q","AED - 1224"
"2017-03-01T00:00:00.000","Edge Little League","Q","AED - 1230"
"2017-03-01T00:00:00.000","NYC Middle School Baseball League","Q","AED - 0611"
"2017-03-02T00:00:00.000","NYC Middle School Baseball League","Q","AED - 1561"
"2017-03-01T00:00:00.000","Edge Little League","Q","AED - 0620"
"2017-03-01T00:00:00.000","Ozone Howard ll","Q","AED - 1584"
"2017-04-06T00:00:00.000","Staten Island Orioles","R","AED - 0027"
"2017-03-03T00:00:00.000","Yorkville Youth Athletic Association Inc.","M","AED - 0009"
"2017-03-03T00:00:00.000","Yorkville Youth Athletic Association Inc.","M","AED - 0185"
"2017-05-30T00:00:00.000","Kingsbridge Little League","B","AED - 2048"
"2017-03-02T00:00:00.000","West Side Little League","M","AED - 1091"
"2017-03-15T00:00:00.000","District 11","M","AED - 0210"
"2017-03-03T00:00:00.000","Yorkville Youth Athletic Association Inc.","M","AED - 0204"
"2017-03-30T00:00:00.000","Harlem Little League","M","AED - 0309"
"2017-03-03T00:00:00.000","Yorkville Youth Athletic Association Inc.","M","AED - 0127"
"2017-03-03T00:00:00.000","Yorkville Youth Athletic Association Inc.","M","AED - 0194"
"2017-03-03T00:00:00.000","Yorkville Youth Athletic Association Inc.","M","AED - 0187"
"2017-03-02T00:00:00.000","The Baseball Center NYC","M","AED - 1601"
"2017-03-03T00:00:00.000","Yorkville Youth Athletic Association Inc.","M","AED - 0162"
"2017-03-02T00:00:00.000","West Side Little League","M","AED - 0156"
"2017-03-23T00:00:00.000","Charter School Athletic Association","Q","AED - 0590"
"2017-03-15T00:00:00.000","District 11","M","AED - 0195"
"2017-03-01T00:00:00.000","NYC Middle School Baseball League","Q","AED - 1265"
"2017-03-23T00:00:00.000","w.o.r.ks Little League","Q","AED - 1530"
"2017-03-29T00:00:00.000","Harlem RBI","M","AED - 0169"
"2017-03-02T00:00:00.000","NYC Middle School Baseball League","Q","AED - 1562"
"2017-03-03T00:00:00.000","Yorkville Youth Athletic Association Inc.","M","AED - 0175"
"2017-03-02T00:00:00.000","West Side Little League","M","AED - 1605"
"2017-03-02T00:00:00.000","Bronx Warrior","X","AED - 1307"
"2017-03-27T00:00:00.000","Peter Stuyvesant Little League","M","AED - 1289"
"2017-05-01T00:00:00.000","Our Lady of Solace Baseball","B","AED - 0914"
"2017-03-03T00:00:00.000","NY Bandits","Q","AED - 1294"
"2017-04-27T00:00:00.000","Good Shepherd Sports","B","AED - 0268"
"2017-03-03T00:00:00.000","Yorkville Youth Athletic Association Inc.","M","AED - 0134"
"2017-03-03T00:00:00.000","Yorkville Youth Athletic Association Inc.","M","AED - 0193"
"2017-03-03T00:00:00.000","Yorkville Youth Athletic Association Inc.","M","AED - 1484"
"2017-04-15T00:00:00.000","St Athanasius Youth Program","B","AED - 0131"
"2017-06-16T00:00:00.000","NY Vipers","B","AED - 0253"
"2017-04-15T00:00:00.000","St Athanasius Youth Program","B","AED - 0176"
"2017-03-02T00:00:00.000","West Side Little League","M","AED -  0231"
"2017-03-03T00:00:00.000","Yorkville Youth Athletic Association Inc.","M","AED - 0172"
"2017-03-03T00:00:00.000","Yorkville Youth Athletic Association Inc.","M","AED - 0150"
"2017-03-03T00:00:00.000","Greenwich Village Little League","M","AED - 0014"
"2017-04-06T00:00:00.000","Staten Island Orioles","R","AED - 1917"
,"NYC PARKS","R","AED - 0024"
"2017-03-03T00:00:00.000","Yorkville Youth Athletic Association Inc.","M","AED - 0202"
"2017-03-02T00:00:00.000","West Side Little League","M","AED - 1599"
"2017-03-03T00:00:00.000","Yorkville Youth Athletic Association Inc.","M","AED - 0196"
"2017-03-30T00:00:00.000","Harlem Little League","M","AED - 0240"
"2017-05-10T00:00:00.000","MOVE INC","Q","AED - 0258"
"2017-03-23T00:00:00.000","Ny Lions","Q","AED - 0585"
"2017-03-03T00:00:00.000","Yorkville Youth Athletic Association Inc.","M","AED - 0213"
"2017-03-03T00:00:00.000","Yorkville Youth Athletic Association Inc.","M","AED - 0144"
"2017-03-03T00:00:00.000","NY Bandits","Q","AED - 0143"
"2017-03-02T00:00:00.000","Our Lady Of Sorrows Kids Sparkle Little League","M","AED - 1685"
"2017-05-01T00:00:00.000","Our Lady of Solace Baseball","B","AED - 0140"
"2017-03-01T00:00:00.000","St. Adalbert CYO baseball league","Q","AED - 1581"
"2017-03-01T00:00:00.000","Ozone Howard ll","Q","AED - 1573"
"2017-03-01T00:00:00.000","St. Adalbert CYO baseball league","Q","AED - 0617"
"2017-03-31T00:00:00.000","Rolando Paulino","X","AED - 0777"
"2017-03-08T00:00:00.000","New York Empire Baseball","M","AED - 1615"
"2017-04-27T00:00:00.000","Good Shepherd Sports","B","AED - 0179"
"2017-04-07T00:00:00.000","East Harlem Little League","M","AED - 1367"
"2017-03-01T00:00:00.000","Dwarf Giraffe Athletic League","Q","AED - 1262"
"2017-03-03T00:00:00.000","Yorkville Youth Athletic Association Inc.","M","AED - 0205"
"2017-03-02T00:00:00.000","The Baseball Center NYC","M","AED - 0130"
"2017-03-02T00:00:00.000","West Side Little League","M","AED - 0151"
"2017-03-23T00:00:00.000","OLBS CYO","Q","AED - 0583"
"2017-03-02T00:00:00.000","West Side Little League","M","AED - 0237"
"2017-03-27T00:00:00.000","Peter Stuyvesant Little League","M","AED - 1081"
"2017-03-01T00:00:00.000","Edge Little League","Q","AED - 1597"
"2017-03-02T00:00:00.000","NYC Middle School Baseball League","Q","AED - 1578"
"2017-03-01T00:00:00.000","Ozone Howard ll","Q","AED - 1574"
"2017-03-01T00:00:00.000","NYC Middle School Baseball League","Q","AED - 0619"
"2017-03-31T00:00:00.000","Caribe Baseball Little League","X","AED - 0352"
"2017-03-01T00:00:00.000","Edge Little League","Q","AED - 1576"
"2017-03-23T00:00:00.000","Little Neck Douglaston Little League","Q","AED - 0580"
,"NYC PARKS","X",
"2017-03-01T00:00:00.000","NYC Middle School Baseball League","Q","AED - 1271"
"2017-03-31T00:00:00.000","TM BASEBALL ACADEMY","X","AED - 0356"
"2017-03-31T00:00:00.000","Caribe Baseball Little League","X","AED - 0323"
"2017-03-01T00:00:00.000","Edge Little League","Q","AED - 1258"
"2017-03-01T00:00:00.000","Dwarf Giraffe Athletic League","Q","AED - 0604"
"2017-03-01T00:00:00.000","Dwarf Giraffe Athletic League","Q","AED - 0599"
"2017-03-02T00:00:00.000","NYC Middle School Baseball League","Q","AED - 1590"
"2017-02-28T00:00:00.000","NY Diamond Mom","B","AED - 1647"
"2017-03-01T00:00:00.000","Dwarf Giraffe Athletic League","Q","AED - 1513"
"2017-03-01T00:00:00.000","NYC Middle School Baseball League","Q","AED - 0596"
"2017-03-03T00:00:00.000","Yorkville Youth Athletic Association Inc.","M","AED - 0168"
"2017-02-28T00:00:00.000","78th Precinct Youth Council","B","AED - 1646"
"2017-02-02T00:00:00.000","Nelvin Taveras Little League","M","AED - 0544"
"2017-03-02T00:00:00.000","West Side Little League","M","AED - 1614"
"2017-03-02T00:00:00.000","West Side Little League","M","AED - 1075"
"2017-03-02T00:00:00.000","West Side Little League","M","AED - 1100"
"2017-03-02T00:00:00.000","West Side Little League","M","AED - 1466"
"2017-03-01T00:00:00.000","Ozone Howard ll","Q","AED - 1493"
"2017-03-02T00:00:00.000","Hector ONeal Sport","M","AED - 1257"
"2017-03-01T00:00:00.000","Dwarf Giraffe Athletic League","Q","AED - 1519"
"2017-03-03T00:00:00.000","Greenwich Village Little League","M","AED - 0917"
"2017-02-28T00:00:00.000","78th Precinct Youth Council","B","AED - 1654"
"2017-03-02T00:00:00.000","Fundacion Dominicana de Deportes en NY","X","AED - 1515"
"2017-03-03T00:00:00.000","Greenwich Village Little League","M","AED - 1305"
"2017-03-02T00:00:00.000","West Side Little League","M","AED - 1308"
"2017-05-01T00:00:00.000","Our Lady of Solace Baseball","B","AED - 1606"
"2017-04-15T00:00:00.000","Youth Service League, Inc.","B","AED - 1072"
"2017-04-15T00:00:00.000","Youth Service League, Inc.","B","AED - 1097"
"2017-04-06T00:00:00.000","Great Kills Little League","R","AED - 0030"
"2017-03-02T00:00:00.000","West Side Little League","M","AED - 0916"
"2017-03-01T00:00:00.000","Edge Little League","Q","AED - 1277"
"2017-03-01T00:00:00.000","Dwarf Giraffe Athletic League","Q","AED - 1268"
"2017-03-23T00:00:00.000","Dwarf Giraffe Athletic League","Q","AED - 0618"
"2017-03-04T00:00:00.000","Amity Little League","B","AED - 1453"
"2017-03-23T00:00:00.000","w.o.r.ks Little League","Q","AED - 0572"
"2017-02-28T00:00:00.000","78th Precinct Youth Council","B","AED - 1651"
"1900-01-03T00:00:00.000","RGMVM LL","Q","AED - 1579"
"2017-03-03T00:00:00.000","Yorkville Youth Athletic Association Inc.","M","AED - 0164"
"2017-03-27T00:00:00.000","Peter Stuyvesant Little League","M","AED - 2058"
"2017-02-28T00:00:00.000","78th Precinct Youth Council","B","AED - 1640"
"2017-03-02T00:00:00.000","Our Lady Of Sorrows Kids Sparkle Little League","M","AED - 1260"
"2017-02-28T00:00:00.000","78th Precinct Youth Council","B","AED - 1336"
"2017-02-02T00:00:00.000","Crossover Sports","M","AED - 0166"
"2017-03-23T00:00:00.000","Bayside Little League","Q","AED - 1256"
"2017-03-03T00:00:00.000","Greenwich Village Little League","M","AED - 0177"
"2017-02-28T00:00:00.000","SFX Youth Sports","B","AED - 1650"
"2017-03-03T00:00:00.000","Yorkville Youth Athletic Association Inc.","M","AED - 1481"
"2017-03-02T00:00:00.000","West Side Little League","M","AED - 0541"
"2017-03-02T00:00:00.000","NYC Middle School Baseball League","Q","AED - 1076"
"2017-03-01T00:00:00.000","Dwarf Giraffe Athletic League","Q","AED - 1516"
"2017-03-02T00:00:00.000","NYC Middle School Baseball League","Q","AED - 1276"
"2017-02-28T00:00:00.000","78th Precinct Youth Council","B","AED - 1328"
"2017-03-23T00:00:00.000","w.o.r.ks Little League","Q","AED - 1545"
"2017-03-03T00:00:00.000","Greenwich Village Little League","M","AED - 0553"
"2017-03-03T00:00:00.000","Greenwich Village Little League","M","AED - 0554"
"2017-03-29T00:00:00.000","Harlem RBI","M","AED - 0547"
"2017-05-01T00:00:00.000","Our Lady of Solace Baseball","B","AED - 0893"
"2017-03-27T00:00:00.000","Peter Stuyvesant Little League","M","AED - 1309"
"2017-03-02T00:00:00.000","West Side Little League","M","AED - 0550"
"2017-03-02T00:00:00.000","West Side Little League","M","AED - 0902"
"2017-03-02T00:00:00.000","Our Lady Of Sorrows Kids Sparkle Little League","M","AED - 1074"
"2017-04-10T00:00:00.000","Victor Lebron Little League","M","AED-0905"
"2017-02-28T00:00:00.000","NY Diamond Mom","B","AED - 1629"
"2017-04-15T00:00:00.000","Youth Service League, Inc.","B","AED - 1071"
"2017-03-02T00:00:00.000","West Side Little League","M","AED - 1077"
"2017-04-15T00:00:00.000","Youth Service League, Inc.","B","AED - 1613"
"2017-03-01T00:00:00.000","NYC Middle School Baseball League","Q","AED - 0607"
"2017-04-04T00:00:00.000","Bulldog Ball Club","M","AED - 0891"
"2017-04-07T00:00:00.000","East Harlem Little League","M","AED - 1608"
"2017-06-01T00:00:00.000","Parade Ground League","B","AED - 0557"
"2017-02-28T00:00:00.000","SFX Youth Sports","B","AED - 1634"
"2017-02-28T00:00:00.000","HEROS","Q","AED - 1586"
"2017-02-28T00:00:00.000","SFX Youth Sports","B","AED - 1319"
"2017-03-03T00:00:00.000","Greenwich Village Little League","M","AED - 1291"
"2017-03-08T00:00:00.000","New York Empire Baseball","M","AED - 1282"
"2017-02-28T00:00:00.000","God Loves Baseball Inc","B","AED - 1589"
"2017-03-02T00:00:00.000","West Side Little League","M","AED - 1292"
"2017-03-23T00:00:00.000","w.o.r.ks Little League","Q","AED - 0589"
"2017-03-30T00:00:00.000","Harlem Little League","M","AED - 0012"
"2017-03-01T00:00:00.000","Jamaica Estates Holliswood Briarwood Little League","Q","AED - 1570"
"2017-03-15T00:00:00.000","District 11","M","AED - 1300"
"2017-04-27T00:00:00.000","Good Shepherd Sports","B","AED - 0539"
"2017-03-27T00:00:00.000","Peter Stuyvesant Little League","M","AED - 1621"
"2017-03-01T00:00:00.000","Ozone Howard ll","Q","AED - 0605"
"2017-03-02T00:00:00.000","West Side Little League","M","AED - 1609"
"2017-04-15T00:00:00.000","Youth Service League, Inc.","B","AED - 0545"
"2017-03-03T00:00:00.000","NY Bandits","Q","AED - 1627"
"2017-03-02T00:00:00.000","West Side Little League","M","AED - 1304"
"2017-03-02T00:00:00.000","West Side Little League","M","AED - 1254"
"2017-03-02T00:00:00.000","West Side Little League","M","AED - 1080"
"2017-02-28T00:00:00.000","78th Precinct Youth Council","B","AED - 1639"
"2017-03-02T00:00:00.000","West Side Little League","M","AED - 1608"
"2017-02-02T00:00:00.000","Turn 2 Us @ New York Presbyterian Hospital","M","AED - 1620"
"2017-03-04T00:00:00.000","Williamsburg Sports League","B","AED - 1891"
"2017-03-02T00:00:00.000","West Side Little League","M","AED - 1617"
"2017-03-08T00:00:00.000","New York Empire Baseball","M","AED - 0920"
"2017-03-02T00:00:00.000","West Side Little League","M","AED - 1288"
"2017-03-02T00:00:00.000","West Side Little League","M","AED - 1298"
"2017-04-15T00:00:00.000","Youth Service League, Inc.","B","AED - 1603"
"2017-03-02T00:00:00.000","West Side Little League","M","AED - 1624"
"2017-02-28T00:00:00.000","SFX Youth Sports","B","AED - 1084"
"2017-03-01T00:00:00.000","Dwarf Giraffe Athletic League","Q","AED - 1580"
"2017-04-04T00:00:00.000","Bulldog Ball Club","M","AED - 0625"
"2017-03-02T00:00:00.000","West Side Little League","M","AED - 1948"
"2017-03-01T00:00:00.000","Martin Luther School","Q","AED - 1598"
"2017-03-01T00:00:00.000","NYC Middle School Baseball League","Q","AED - 1565"
"2017-03-01T00:00:00.000","GNYSSA","Q","AED - 1577"
"2017-03-01T00:00:00.000","NYC Middle School Baseball League","Q","AED - 1520"
"2017-03-02T00:00:00.000","West Side Little League","M","AED - 0167"
"2017-03-02T00:00:00.000","NYC Middle School Baseball League","Q","AED - 1280"
"2017-03-01T00:00:00.000","Edge Little League","Q","AED - 0610"
"2017-03-01T00:00:00.000","Dwarf Giraffe Athletic League","Q","AED - 1517"
"2017-03-01T00:00:00.000","GNYSSA","Q","AED - 1560"
"2017-03-01T00:00:00.000","NYC Middle School Baseball League","Q","AED - 1563"
"2017-03-01T00:00:00.000","Ozone Howard ll","Q","AED - 1588"
"2017-02-28T00:00:00.000","78th Precinct Youth Council","B","AED - 1645"
"2017-03-01T00:00:00.000","Jamaica Estates Holliswood Briarwood Little League","Q","AED - 1227"
"2017-04-04T00:00:00.000","Downtown Manhattan Little League","M","AED - 1623"
"2017-03-02T00:00:00.000","West Side Little League","M","AED - 0558"
"2017-03-02T00:00:00.000","Hector ONeal Sport","M","AED - 1301"
"2017-03-01T00:00:00.000","Mets Sandlot Baseball League","Q","AED - 0467"
"2017-03-02T00:00:00.000","NYC Middle School Baseball League","Q","AED - 0455"
"2017-03-03T00:00:00.000","Greenwich Village Little League","M","AED - 1607"
"2017-03-27T00:00:00.000","Peter Stuyvesant Little League","M","AED - 1604"
"2017-02-02T00:00:00.000","Turn 2 Us @ New York Presbyterian Hospital","M","AED - 0899"
"2017-03-03T00:00:00.000","Greenwich Village Little League","M","AED - 0908"
"2017-03-02T00:00:00.000","West Side Little League","M","AED - 0911"
"2017-02-28T00:00:00.000","78th Precinct Youth Council","B","AED - 0459"
"2017-02-28T00:00:00.000","78th Precinct Youth Council","B","AED - 0446"
"2017-03-02T00:00:00.000","NYC Middle School Baseball League","Q","AED - 0458"
"2017-03-01T00:00:00.000","College Point Little League","Q","AED - 0425"
"2017-03-01T00:00:00.000","Bayside Little League","Q","AED - 0427"
"2017-03-01T00:00:00.000","Mets Sandlot Baseball League","Q","AED - 1463"
"2017-02-28T00:00:00.000","St. Columba Youth Council","B","AED - 0453"
"2017-03-01T00:00:00.000","College Point Little League","Q","AED - 1505"
"2017-02-28T00:00:00.000","78th Precinct Youth Council","B","AED - 0443"
"2017-02-28T00:00:00.000","78th Precinct Youth Council","B","AED - 0463"
"2017-02-28T00:00:00.000","St Anselms","B","AED - 0484"
"2017-03-01T00:00:00.000","NYC Middle School Baseball League","Q","AED - 0385"
"2017-03-23T00:00:00.000","Little Neck Douglaston Little League","Q","AED - 0603"
"2017-03-31T00:00:00.000","City Island Little League","X","AED - 0793"
"2017-02-28T00:00:00.000","St. Columba Youth Council","B","AED - 0468"
"2017-03-02T00:00:00.000","NYC Middle School Baseball League","Q","AED - 0452-S"
"2017-02-28T00:00:00.000","SFX Youth Sports","B","AED - 0472"
"2017-03-23T00:00:00.000","w.o.r.ks Little League","Q","AED - 0574"
"2017-02-28T00:00:00.000","78th Precinct Youth Council","B","AED - 0460"
"2017-03-02T00:00:00.000","NYC Middle School Baseball League","Q","AED - 0401"
"2017-03-23T00:00:00.000","Bayside Little League","Q","AED - 1541"
"2017-03-27T00:00:00.000","Peter Stuyvesant Little League","M","AED - 0077"
"2017-03-23T00:00:00.000","w.o.r.ks Little League","Q","AED - 1926"
"2017-03-01T00:00:00.000","Bayside Little League","Q","AED - 0432"
"2017-03-03T00:00:00.000","Yorkville Youth Athletic Association Inc.","M","AED - 0007"
"2017-04-06T00:00:00.000","Jewish Community Little League, Inc.","Q","AED - 1556"
"2017-03-27T00:00:00.000","SLAA CYO","Q","AED - 1521"
"2017-03-27T00:00:00.000","SLAA CYO","Q","AED - 1553"
"2017-02-28T00:00:00.000","78th Precinct Youth Council","B","AED - 0450"
"2017-03-01T00:00:00.000","CYO-St. Mel's Athletic Assoc.","Q","AED - 1508"
"2017-03-01T00:00:00.000","Mets Sandlot Baseball League","Q","AED - 0431"
"2017-03-01T00:00:00.000","College Point Little League","Q","AED - 0435"
"2017-04-15T00:00:00.000","St Athanasius Youth Program","B","AED - 0100"
"2017-03-31T00:00:00.000","Good Shepherd Sports","B","AED - 1460"
"2017-05-04T00:00:00.000","NY Bluebirds Youth Baseball","M","AED - 0071"
"2017-03-23T00:00:00.000","Little Neck Douglaston Little League","Q","AED - 1529"
"2017-02-28T00:00:00.000","BROOKLYN/QUEENS CYO (ST. STANS)","B","AED - 0451"
"2017-03-02T00:00:00.000","NYC Middle School Baseball League","Q","AED - 0411"
"2017-03-01T00:00:00.000","College Point Little League","Q","AED - 0434"
"2017-02-28T00:00:00.000","78th Precinct Youth Council","B","AED - 0444"
"2017-02-28T00:00:00.000","78th Precinct Youth Council","B","AED - 0445"
"2017-03-01T00:00:00.000","Diamond Pros","Q","AED - 0419"
"2017-03-23T00:00:00.000","Bayside Little League","Q","AED - 0593"
"2017-03-23T00:00:00.000","Little Neck Douglaston Little League","Q","AED - 1544"
"2017-03-01T00:00:00.000","Martin Luther School","Q","AED - 1083"
"2017-03-01T00:00:00.000","NYC Middle School Baseball League","Q","AED - 0417"
"2017-03-01T00:00:00.000","Mets Sandlot Baseball League","Q","AED - 0412"
"2017-03-23T00:00:00.000","Bayside Little League","Q","AED - 1547"
"2017-03-01T00:00:00.000","Bayside Little League","Q","AED - 0439"
"2017-03-01T00:00:00.000","Diamond Pros","Q","AED - 0436"
"2017-03-01T00:00:00.000","Bayside Little League","Q","AED - 0430"
"2017-04-27T00:00:00.000","Good Shepherd Sports","B","AED - 0006"
"2017-03-04T00:00:00.000","St Ephrems Baseball/Softball","B","AED - 1451"
"2017-03-23T00:00:00.000","CYO Brooklyn Diocese","B","AED - 1249"
"2017-02-28T00:00:00.000","78th Precinct Youth Council","B","AED - 0500"
"2017-03-23T00:00:00.000","Dwarf Giraffe Athletic League","Q","AED - 1552"
"2017-03-01T00:00:00.000","College Point Little League","Q","AED - 0422"
"2017-02-28T00:00:00.000","Joe Torre East Highway Little League","B","AED - 0483"
"2017-03-01T00:00:00.000","NYC Middle School Baseball League","Q","AED - 0384"
"2017-03-23T00:00:00.000","Charter School Athletic Association","Q","AED - 1250"
"2017-03-23T00:00:00.000","OLBS CYO","Q","AED - 1222"
"2017-04-06T00:00:00.000","Jewish Community Little League, Inc.","Q","AED - 1243"
"2017-03-23T00:00:00.000","Dwarf Giraffe Athletic League","Q","AED - 1535"
,"NYC PARKS",,
"2017-02-28T00:00:00.000","SFX Youth Sports","B","AED - 0481"
"2017-04-15T00:00:00.000","Youth Service League, Inc.","B","AED - 0010"
"2017-04-15T00:00:00.000","St Athanasius Youth Program","B","AED - 0004"
"2017-02-28T00:00:00.000","St Anselms","B","AED - 0465"
"2017-03-02T00:00:00.000","West Side Little League","M","AED - 0048"
"2017-03-23T00:00:00.000","Christ the King HS","Q","AED - 0421"
"2017-03-28T00:00:00.000","CHSAA -  Regis HS","M","AED - 0078"
"2017-03-01T00:00:00.000","Mets Sandlot Baseball League","Q","AED - 1501"
"2017-03-03T00:00:00.000","NY Bandits","Q","AED - 0116"
"2017-03-03T00:00:00.000","Yorkville Youth Athletic Association Inc.","M","AED - 0114"
"2017-03-03T00:00:00.000","Yorkville Youth Athletic Association Inc.","M","AED - 0054"
"2017-03-29T00:00:00.000","Harlem RBI","M","AED - 1509"
"2017-03-03T00:00:00.000","Yorkville Youth Athletic Association Inc.","M","AED - 0051"
"2017-03-01T00:00:00.000","Rosedale Little League Baseball Inc","Q","AED - 0416"
"2017-03-01T00:00:00.000","Dwarf Giraffe Athletic League","Q","AED - 0400"
"2017-03-02T00:00:00.000","NYC Middle School Baseball League","Q","AED - 0442"
"2017-03-01T00:00:00.000","CYO-St. Mel's Athletic Assoc.","Q","AED - 0438"
"2017-03-03T00:00:00.000","Yorkville Youth Athletic Association Inc.","M","AED - 0001"
"2017-03-02T00:00:00.000","West Side Little League","M","AED - 0080"
"2017-03-01T00:00:00.000","CYO-St. Mel's Athletic Assoc.","Q","AED - 0420"
"2017-04-29T00:00:00.000","Interparish Sports Association, Inc","B","AED - 0118"
"2017-04-04T00:00:00.000","Bulldog Ball Club","M","AED - 0113"
"2017-03-01T00:00:00.000","CYO-St. Mel's Athletic Assoc.","Q","AED - 2128"
"2017-03-03T00:00:00.000","Yorkville Youth Athletic Association Inc.","M","AED - 0112"
"2017-03-02T00:00:00.000","West Side Little League","M","AED - 1497"
"2017-03-01T00:00:00.000","College Point Little League","Q","AED - 0433"
"2017-03-01T00:00:00.000","Mets Sandlot Baseball League","Q","AED - 0398"
"2017-04-20T00:00:00.000","No Kids Left Behind","B","AED - 0088"
"2017-03-02T00:00:00.000","West Side Little League","M","AED - 0085"
"2017-03-02T00:00:00.000","NYC Middle School Baseball League","Q","AED - 0461"
"2017-03-23T00:00:00.000","St Gregory The Great Athletic CYO","Q","AED - 0394"
"2017-02-28T00:00:00.000","SBBL","B","AED - 0502"
"2017-02-28T00:00:00.000","St. Patrick Baseball","B","AED - 0566"
"2017-03-04T00:00:00.000","St Ephrems Baseball/Softball","B","AED - 1433"
"2017-02-28T00:00:00.000","SFX Youth Sports","B","AED - 0482"
"2017-03-01T00:00:00.000","NYC Middle School Baseball League","Q","AED - 0395"
"2017-02-28T00:00:00.000","Camp Friendship","B","AED - 0840"
"2017-02-28T00:00:00.000","78th Precinct Youth Council","B","AED - 0457"
"2017-03-01T00:00:00.000","Mets Sandlot Baseball League","Q","AED - 1498"
"2017-02-28T00:00:00.000","78th Precinct Youth Council","B","AED - 0454"
"2017-03-01T00:00:00.000","Mets Sandlot Baseball League","Q","AED - 0403"
"2017-03-01T00:00:00.000","St. Pancras C.Y.O.","Q","AED - 0397"
"2017-02-28T00:00:00.000","St. Columba Youth Council","B","AED - 0526"
"2017-02-28T00:00:00.000","Gravesend Athletic Association","B","AED - 0488"
"2017-02-28T00:00:00.000","SFX Youth Sports","B","AED - 0473"
,"NYC PARKS",,
"2017-03-01T00:00:00.000","NYC Middle School Baseball League","Q","AED - 0387"
"2017-03-01T00:00:00.000","NYC Middle School Baseball League","Q","AED - 0386"
"2017-03-01T00:00:00.000","NYC Middle School Baseball League","Q","AED - 0391"
"2017-03-01T00:00:00.000","CYO-St. Mel's Athletic Assoc.","Q","AED - 0426"
"2017-03-08T00:00:00.000","New York Empire Baseball","M","AED - 1960"
"2017-03-03T00:00:00.000","NY Bandits","Q","AED - 0106"
"2017-02-28T00:00:00.000","78th Precinct Youth Council","B","AED - 0447"
"2017-03-02T00:00:00.000","The Baseball Center NYC","M","AED - 0035"
"2017-03-27T00:00:00.000","Peter Stuyvesant Little League","M","AED - 0086"
"2017-03-15T00:00:00.000","District 11","M","AED - 0057"
"2017-06-16T00:00:00.000","NY Vipers","B","AED - 1458"
"2017-04-27T00:00:00.000","Good Shepherd Sports","B","AED - 0089"
"2017-03-02T00:00:00.000","West Side Little League","M","AED - 0102"
"2017-06-01T00:00:00.000","Parade Ground League","B","AED - 0065"
"2017-03-02T00:00:00.000","West Side Little League","M","AED - 0056"
"2017-03-07T00:00:00.000","Manhattan Youth Baseball","M","AED - 0058"
"2017-04-04T00:00:00.000","Downtown Manhattan Little League","M","AED - 0002"
"2017-03-03T00:00:00.000","Greenwich Village Little League","M","AED - 0072"
"2017-04-15T00:00:00.000","Youth Service League, Inc.","B","AED - 1512"
"2017-03-02T00:00:00.000","West Side Little League","M","AED - 0059"
"2017-04-04T00:00:00.000","Bulldog Ball Club","M","AED - 0032"
"2017-04-04T00:00:00.000","Downtown Manhattan Little League","M","AED - 0098"
"2017-04-04T00:00:00.000","Downtown Manhattan Little League","M","AED - 0045"
"2017-03-03T00:00:00.000","Yorkville Youth Athletic Association Inc.","M","AED - 0087"
"2017-06-16T00:00:00.000","Brooklyn Cougars Youth Organization","B","AED - 1455"
"2017-03-28T00:00:00.000","CHSAA -  Regis HS","M","AED - 0060"
"2017-03-27T00:00:00.000","Peter Stuyvesant Little League","M","AED - 0099"
"2017-04-04T00:00:00.000","Bulldog Ball Club","M","AED - 0005"
"2017-04-27T00:00:00.000","Good Shepherd Sports","B","AED - 0074"
"2017-04-07T00:00:00.000","East Harlem Little League","M","AED - 0119"
"2017-03-01T00:00:00.000","Queens Eagles Inc.","Q","AED - 1858-S"
"2017-03-29T00:00:00.000","Harlem RBI","M","AED - 0075"
"2017-04-10T00:00:00.000","Victor Lebron Little League","M","AED - 2062"
"2017-03-02T00:00:00.000","Downtown Manhattan Little League","M","AED - 0068"
"2017-03-02T00:00:00.000","West Side Little League","M","AED - 0053"
"2017-03-03T00:00:00.000","Yorkville Youth Athletic Association Inc.","M","AED - 0108"
"2017-05-04T00:00:00.000","NY Bluebirds Youth Baseball","M","AED - 0104"
"2017-03-03T00:00:00.000","Yorkville Youth Athletic Association Inc.","M","AED - 0109"
"2017-03-03T00:00:00.000","Yorkville Youth Athletic Association Inc.","M","AED - 0110"
"2017-03-02T00:00:00.000","West Side Little League","M","AED - 0090"
"2017-04-15T00:00:00.000","Quebradillas Baseball Org Inc.","B","AED - 0103"
"2017-03-03T00:00:00.000","NY Bandits","Q","AED - 1943"
"2017-04-04T00:00:00.000","Bulldog Ball Club","M","AED - 0105"
"2017-03-03T00:00:00.000","Yorkville Youth Athletic Association Inc.","M","AED - 0101"
,"NYC PARKS","Q","AED - 0111"
,"NYC PARKS",,
"2017-03-02T00:00:00.000","West Side Little League","M","AED - 0038"
"2017-03-03T00:00:00.000","Yorkville Youth Athletic Association Inc.","M","AED - 0042"
,"NYC PARKS","M",
"2017-03-03T00:00:00.000","Yorkville Youth Athletic Association Inc.","M","AED - 0041"
"2017-05-10T00:00:00.000","MOVE INC","Q","AED - 0040"
"2017-03-02T00:00:00.000","West Side Little League","M","AED - 0037"
"2017-03-03T00:00:00.000","Yorkville Youth Athletic Association Inc.","M","AED - 0107"
"2017-03-02T00:00:00.000","Downtown Manhattan Little League","M","AED - 0031"
"2017-03-03T00:00:00.000","Yorkville Youth Athletic Association Inc.","M","AED - 0034"
"2017-05-01T00:00:00.000","Our Lady of Solace Baseball","B","AED - 0039"
"2017-03-02T00:00:00.000","West Side Little League","M","AED - 0033"
"2017-06-16T00:00:00.000","Brooklyn Cougars Youth Organization","B","AED - 1449"
"2017-05-10T00:00:00.000","Dwarf Giraffe Athletic League","Q","AED - 0297-S"
"2017-03-03T00:00:00.000","Yorkville Youth Athletic Association Inc.","M","AED - 0218"
"2017-05-04T00:00:00.000","NY Bluebirds Youth Baseball","M","AED - 0235"
"2017-03-31T00:00:00.000","Carballo Youth Baseball League","X","AED - 0252"
"2017-05-08T00:00:00.000","Far Rockaway RBI","Q","AED - 0265"
"2017-07-13T00:00:00.000","Jaybies Baseball","M","AED - 0300"
"2017-03-31T00:00:00.000","Hank Greenberg Little League","X","AED - 2059"
"2017-03-02T00:00:00.000","West Side Little League","M","AED - 0223"
"2017-03-03T00:00:00.000","Greenwich Village Little League","M","AED - 0227"
"2017-03-31T00:00:00.000","Jaws Little League","X","AED - 0304"
"2017-05-03T00:00:00.000","NY Giants Youth Baseball Club","M","AED - 0295"
"2017-06-20T00:00:00.000","Big Apple Day Program","M","AED - 0262"
"2017-05-03T00:00:00.000","NY Giants Youth Baseball Club","M","AED-0228"
"2017-03-31T00:00:00.000","JUAN MARICHAL LITTLE LEAGUE","X","AED - 0303"
"2017-03-31T00:00:00.000","Carballo Youth Baseball League","X","AED - 0274"
"2017-05-14T00:00:00.000","Bayside Little League","Q","AED - 0259"
"2017-03-03T00:00:00.000","Yorkville Youth Athletic Association Inc.","M","AED - 0225"
"2017-03-31T00:00:00.000","International Baseball Little League","X","AED - 0298"
"2017-04-15T00:00:00.000","St Athanasius Youth Program","B","AED - 0236"
"2017-03-30T00:00:00.000","Harlem Little League","M","AED - 0254"
"2017-06-12T00:00:00.000","Kings County Baseball","X","AED - 0270"
"2017-05-03T00:00:00.000","NY Giants Youth Baseball Club","M","AED - 0296"
"2017-05-14T00:00:00.000","Bayside Little League","Q","AED - 2063"
"2017-08-15T00:00:00.000","PPBA/Holy Name Father's Guild","B","AED - 0264"
"2017-03-30T00:00:00.000","Harlem Little League","M","AED - 0291"
"2017-05-10T00:00:00.000","Dwarf Giraffe Athletic League","Q","AED - 0255"
"2017-04-29T00:00:00.000","Interparish Sports Association, Inc","B","AED - 1518"
"2017-06-01T00:00:00.000","Parade Ground League","B","AED - 0279"
"2017-03-02T00:00:00.000","West Side Little League","M","AED - 1966"
"2017-03-31T00:00:00.000","Carballo Youth Baseball League","X","AED - 0251"
